loss,accuracy,precision,recall,f1_score
0.3252931237220764,0.8621911421911422,0.9097489255824475,0.788472848461086,0.8447805082965764
