loss,accuracy,precision,recall,f1_score
0.25391843914985657,0.8968764568764569,0.9202608878602988,0.8574789257008429,0.8877613152019485
