image_path,product_type,freshness,label,split,prediction_score,predicted_label,is_correct,pca_1,pca_2,tsne_1,tsne_2
C:\Users\antoc\FreshOrRotten\data\raw\Pomegranate_Fresh\20190820_154341_26530.jpg,pomegranate,fresh,0,test,0.086251296,fresh,True,2.491917,0.8161199,19.87902,32.488018
C:\Users\antoc\FreshOrRotten\data\raw\Tomato_Rotten\Copy of IMG_20200801_191339.jpg_0_2335.jpg,tomato,rotten,1,test,0.16115248,fresh,False,1.6325288,-2.3847682,19.281136,-16.545141
C:\Users\antoc\FreshOrRotten\data\raw\Guava_Rotten\IMG_20190822_081343.jpg,guava,rotten,1,test,0.92000085,rotten,True,-3.545003,-2.4623268,-24.1072,-11.099501
C:\Users\antoc\FreshOrRotten\data\raw\Apple_Rotten\RottenApple (102)!.jpg,apple,rotten,1,test,0.71407706,rotten,True,-1.746,-2.6666136,-21.697258,-36.624516
C:\Users\antoc\FreshOrRotten\data\raw\Banana_Rotten\IMG_20190910_175752.jpg,banana,rotten,1,test,0.99767166,rotten,True,-7.7558985,2.3125346,-39.981533,24.217535
C:\Users\antoc\FreshOrRotten\data\raw\Pomegranate_Rotten\IMG_20190824_180911.jpg,pomegranate,rotten,1,test,0.8064346,rotten,True,-1.6767327,-0.9788763,-15.821115,34.574413
C:\Users\antoc\FreshOrRotten\data\raw\Guava_Rotten\IMG_20190829_072537_1.jpg,guava,rotten,1,test,0.97078335,rotten,True,-4.4053164,2.4340942,-25.342352,33.39147
C:\Users\antoc\FreshOrRotten\data\raw\Cucumber_Rotten\rottenCucumber (305)1.jpg,cucumber,rotten,1,test,0.36432603,fresh,False,0.3587846,-2.0261896,6.8946753,-7.945933
C:\Users\antoc\FreshOrRotten\data\raw\Apple_Rotten\Screen Shot 2018-06-07 at 2.31.43 PM.jpg,apple,rotten,1,test,0.72636753,rotten,True,-1.6536927,-2.2344859,-21.906796,-36.99344
C:\Users\antoc\FreshOrRotten\data\raw\Pomegranate_Fresh\IMG20200728181708_27252.jpg,pomegranate,fresh,0,test,0.2106912,fresh,True,1.1351808,-1.4552993,14.246823,-28.451204
C:\Users\antoc\FreshOrRotten\data\raw\Pomegranate_Fresh\20190820_153050_25422.jpg,pomegranate,fresh,0,test,0.04450033,fresh,True,3.257795,0.7962055,21.830528,31.423473
C:\Users\antoc\FreshOrRotten\data\raw\Apple_Fresh\freshApple (331)1.jpg,apple,fresh,0,test,0.068172656,fresh,True,3.2914138,-1.6924195,29.035305,-10.826558
C:\Users\antoc\FreshOrRotten\data\raw\Peach_Rotten\Image4379.jpg,peach,rotten,1,test,0.81815374,rotten,True,-2.2937398,-1.7694516,-12.4891405,-5.3774204
C:\Users\antoc\FreshOrRotten\data\raw\Guava_Rotten\RottenGuava (30).jpg,guava,rotten,1,test,0.6333633,rotten,True,-1.0499318,-2.1042042,-15.468833,-13.20068
C:\Users\antoc\FreshOrRotten\data\raw\Tomato_Fresh\tomato1_38.jpg_0_9365.jpg,tomato,fresh,0,test,0.05713521,fresh,True,3.2359478,5.4148912,12.405612,52.582054
C:\Users\antoc\FreshOrRotten\data\raw\Banana_Fresh\Screen Shot 2018-06-12 at 10.04.59 PM.jpg,banana,fresh,0,test,0.07213762,fresh,True,2.887721,-0.5023198,10.410923,1.0751361
C:\Users\antoc\FreshOrRotten\data\raw\Potato_Rotten\rottenPotato (52).jpg,potato,rotten,1,test,0.96765053,rotten,True,-4.9953537,-2.2038598,-42.371857,-6.4852033
C:\Users\antoc\FreshOrRotten\data\raw\Banana_Fresh\IMG20200730132114_01.jpg,banana,fresh,0,test,0.12594481,fresh,True,6.0649796,-2.2651057,53.160233,-15.627869
C:\Users\antoc\FreshOrRotten\data\raw\Banana_Fresh\Image251.jpg,banana,fresh,0,test,0.08097953,fresh,True,2.5824924,1.3809074,4.70302,36.22712
C:\Users\antoc\FreshOrRotten\data\raw\Banana_Rotten\rotated_by_15_Screen Shot 2018-06-12 at 9.14.28 PM.jpg,banana,rotten,1,test,0.99745077,rotten,True,-7.9203277,1.2411919,-41.851597,3.707462
C:\Users\antoc\FreshOrRotten\data\raw\Apple_Fresh\vertical_flip_Screen Shot 2018-06-08 at 5.25.33 PM.jpg,apple,fresh,0,test,0.021943577,fresh,True,4.2603197,0.28517032,37.252518,1.8278714
C:\Users\antoc\FreshOrRotten\data\raw\Apple_Rotten\saltandpepper_Screen Shot 2018-06-07 at 3.05.29 PM.jpg,apple,rotten,1,test,0.9973386,rotten,True,-7.91373,1.9861069,-35.084904,22.567944
C:\Users\antoc\FreshOrRotten\data\raw\Papaya_Fresh\Image87.jpg,papaya,fresh,0,test,0.024374064,fresh,True,5.7348976,-1.6672832,46.51446,-20.802013
C:\Users\antoc\FreshOrRotten\data\raw\Tomato_Fresh\Image101 (2).jpg,tomato,fresh,0,test,0.008292736,fresh,True,5.97501,-1.4272097,36.384094,-49.291733
C:\Users\antoc\FreshOrRotten\data\raw\Guava_Rotten\RottenGuava (22).jpg,guava,rotten,1,test,0.9322097,rotten,True,-3.2748733,0.01762691,-20.117523,34.743736
C:\Users\antoc\FreshOrRotten\data\raw\Banana_Rotten\rotated_by_30_Screen Shot 2018-06-12 at 8.47.57 PM.jpg,banana,rotten,1,test,0.99967825,rotten,True,-9.864852,3.696333,-57.405407,9.640314
C:\Users\antoc\FreshOrRotten\data\raw\Tomato_Fresh\DSCN4114.jpg_0_7513.jpg,tomato,fresh,0,test,0.35031906,fresh,True,0.5466466,9.895936,-1.2567964,61.72342
C:\Users\antoc\FreshOrRotten\data\raw\Bellpepper_Fresh\IMG_20200824_182316.jpg_0_8783.jpg,bellpepper,fresh,0,test,0.3558766,fresh,True,0.5347538,-2.578217,7.734376,-7.8311844
C:\Users\antoc\FreshOrRotten\data\raw\Apple_Rotten\IMG_20190824_175903_1.jpg,apple,rotten,1,test,0.45722708,fresh,False,-0.4691192,-3.8465557,0.5241137,-30.957869
C:\Users\antoc\FreshOrRotten\data\raw\Bellpepper_Fresh\Day2.jpg_0_5279.jpg,bellpepper,fresh,0,test,0.040211607,fresh,True,3.3515763,-0.4351345,29.853134,-3.4865184
C:\Users\antoc\FreshOrRotten\data\raw\Pomegranate_Fresh\20190820_150106_23956.jpg,pomegranate,fresh,0,test,0.0040562716,fresh,True,6.266205,6.5757217,33.33367,41.826042
C:\Users\antoc\FreshOrRotten\data\raw\Pomegranate_Fresh\20190820_153212_25540.jpg,pomegranate,fresh,0,test,0.07200171,fresh,True,2.6356335,-1.8129537,25.933325,-17.687294
C:\Users\antoc\FreshOrRotten\data\raw\Pomegranate_Fresh\20190820_145703_23743.jpg,pomegranate,fresh,0,test,0.06509239,fresh,True,2.6208878,3.9739852,19.635544,20.917448
C:\Users\antoc\FreshOrRotten\data\raw\Tomato_Fresh\DSCN4172.jpg_0_1668.jpg,tomato,fresh,0,test,0.24018337,fresh,True,1.2024592,9.092182,0.33608973,61.452023
C:\Users\antoc\FreshOrRotten\data\raw\Apple_Rotten\IMG_8218.JPG,apple,rotten,1,test,0.9813727,rotten,True,-5.5745673,-0.80005115,-33.729225,-1.5839283
C:\Users\antoc\FreshOrRotten\data\raw\Carrot_Fresh\freshCarrot (304).jpg,carrot,fresh,0,test,0.27066752,fresh,True,-0.61310494,-3.9267244,-0.01320865,-45.155956
C:\Users\antoc\FreshOrRotten\data\raw\Carrot_Rotten\rottenCarrot (379).jpg,carrot,rotten,1,test,0.9997087,rotten,True,-10.314243,4.3499565,-44.004524,30.403719
C:\Users\antoc\FreshOrRotten\data\raw\Apple_Rotten\saltandpepper_Screen Shot 2018-06-08 at 2.23.40 PM.jpg,apple,rotten,1,test,0.80270934,rotten,True,-1.706137,-0.89468807,-23.19359,-45.2829
C:\Users\antoc\FreshOrRotten\data\raw\Apple_Rotten\rotated_by_15_Screen Shot 2018-06-07 at 3.04.24 PM.jpg,apple,rotten,1,test,0.9009657,rotten,True,-2.9444695,-2.4971905,-23.957663,-18.988514
C:\Users\antoc\FreshOrRotten\data\raw\Strawberry_Rotten\RottenStrawberry (206)!.jpg,strawberry,rotten,1,test,0.98431826,rotten,True,-5.0068083,1.5978416,-24.543932,36.434235
C:\Users\antoc\FreshOrRotten\data\raw\Apple_Rotten\Screen Shot 2018-06-08 at 2.50.38 PM.jpg,apple,rotten,1,test,0.9806256,rotten,True,-5.2897105,-0.12065187,-27.07744,8.901513
C:\Users\antoc\FreshOrRotten\data\raw\Apple_Fresh\saltandpepper_Screen Shot 2018-06-08 at 4.59.36 PM.jpg,apple,fresh,0,test,0.042336605,fresh,True,3.5811224,4.008196,11.237996,51.206684
C:\Users\antoc\FreshOrRotten\data\raw\Apple_Rotten\Screen Shot 2018-06-07 at 2.43.54 PM.jpg,apple,rotten,1,test,0.9766375,rotten,True,-4.5623817,0.539813,-16.870037,29.407104
C:\Users\antoc\FreshOrRotten\data\raw\Guava_Fresh\IMG_8139.JPG,guava,fresh,0,test,0.14093928,fresh,True,4.0786505,-2.37434,56.79914,-9.690115
C:\Users\antoc\FreshOrRotten\data\raw\Orange_Rotten\translation_Screen Shot 2018-06-12 at 11.29.26 PM.jpg,orange,rotten,1,test,0.9142399,rotten,True,-3.1701891,-0.37238178,-32.765537,-10.544281
C:\Users\antoc\FreshOrRotten\data\raw\Lime_Rotten\IMG_7397.JPG,lime,rotten,1,test,0.8191733,rotten,True,-2.339225,-3.0966902,-19.383144,-14.305028
C:\Users\antoc\FreshOrRotten\data\raw\Pomegranate_Rotten\IMG_20190829_072325.jpg,pomegranate,rotten,1,test,0.9240189,rotten,True,-2.8966684,5.909129,-22.769663,44.568092
C:\Users\antoc\FreshOrRotten\data\raw\Apple_Fresh\20190809_153325.jpg,apple,fresh,0,test,0.03026425,fresh,True,4.047189,-2.1827493,29.408733,-40.79865
C:\Users\antoc\FreshOrRotten\data\raw\Bellpepper_Fresh\freshPepper (534)1.jpg,bellpepper,fresh,0,test,0.40607265,fresh,True,-0.54178655,-4.013362,-2.041367,-37.97371
C:\Users\antoc\FreshOrRotten\data\raw\Banana_Rotten\IMG20200729190334_01.jpg,banana,rotten,1,test,0.5741963,rotten,True,0.8754453,-2.3171196,17.607737,0.30826044
C:\Users\antoc\FreshOrRotten\data\raw\Potato_Rotten\rottenPotato (80).jpg,potato,rotten,1,test,0.9914852,rotten,True,-6.9476175,-0.04093254,-42.06707,-0.8645316
C:\Users\antoc\FreshOrRotten\data\raw\Orange_Rotten\vertical_flip_Screen Shot 2018-06-12 at 11.39.02 PM.jpg,orange,rotten,1,test,0.78952986,rotten,True,-2.58732,-2.8074398,-18.10297,-10.782278
C:\Users\antoc\FreshOrRotten\data\raw\Apple_Rotten\rotated_by_75_Screen Shot 2018-06-08 at 2.41.16 PM.jpg,apple,rotten,1,test,0.88696605,rotten,True,-3.151802,0.52841055,-11.461541,3.0988243
C:\Users\antoc\FreshOrRotten\data\raw\Lime_Rotten\IMG_7350.JPG,lime,rotten,1,test,0.92636937,rotten,True,-3.6293344,-2.4722977,-24.493122,-11.317935
C:\Users\antoc\FreshOrRotten\data\raw\Apple_Fresh\20190809_153646.jpg,apple,fresh,0,test,0.03242647,fresh,True,3.6522918,0.043665018,29.234402,3.1156845
C:\Users\antoc\FreshOrRotten\data\raw\Bellpepper_Fresh\IMG_20200825_144644.jpg_0_7333.jpg,bellpepper,fresh,0,test,0.19284546,fresh,True,1.661557,-2.0701208,8.586898,-7.104872
C:\Users\antoc\FreshOrRotten\data\raw\Guava_Rotten\IMG20200728185305.jpg,guava,rotten,1,test,0.6785267,rotten,True,-0.54131657,-0.8450811,16.463118,2.6961985
C:\Users\antoc\FreshOrRotten\data\raw\Pomegranate_Fresh\20190820_151609_24758.jpg,pomegranate,fresh,0,test,0.025270803,fresh,True,4.110352,-1.4895998,40.757603,-0.11718443
C:\Users\antoc\FreshOrRotten\data\raw\Tomato_Fresh\IMG_20200725_095424.jpg_0_2382.jpg,tomato,fresh,0,test,0.46188313,fresh,True,-0.38555157,-3.9402723,-1.1923064,-27.201553
C:\Users\antoc\FreshOrRotten\data\raw\Orange_Rotten\rottenOrange (556)1.jpg,orange,rotten,1,test,0.26973784,fresh,False,1.0346198,-3.5744135,15.6854515,-22.02661
C:\Users\antoc\FreshOrRotten\data\raw\Strawberry_Rotten\rottenStrawberry (15)1.jpg,strawberry,rotten,1,test,0.9550875,rotten,True,-4.2556443,0.6640265,-19.932419,18.307976
C:\Users\antoc\FreshOrRotten\data\raw\Orange_Fresh\IMG_20190924_153621.jpg,orange,fresh,0,test,0.08791683,fresh,True,2.410916,-2.5493584,23.611692,-16.643782
C:\Users\antoc\FreshOrRotten\data\raw\Banana_Rotten\rotated_by_60_Screen Shot 2018-06-12 at 9.05.02 PM.jpg,banana,rotten,1,test,0.9646905,rotten,True,-4.2740707,3.7726507,-48.080383,10.766092
C:\Users\antoc\FreshOrRotten\data\raw\Apple_Rotten\Screen Shot 2018-06-08 at 2.47.49 PM.jpg,apple,rotten,1,test,0.71999943,rotten,True,-1.5920582,-3.5969253,-17.5552,-17.867632
C:\Users\antoc\FreshOrRotten\data\raw\Apple_Fresh\rotated_by_45_Screen Shot 2018-06-08 at 5.12.29 PM.jpg,apple,fresh,0,test,0.099942565,fresh,True,3.2708366,-1.0181236,40.905178,-7.721448
C:\Users\antoc\FreshOrRotten\data\raw\Pomegranate_Fresh\20190820_150726_24314.jpg,pomegranate,fresh,0,test,0.010416981,fresh,True,4.97392,2.5967379,27.532574,32.79458
C:\Users\antoc\FreshOrRotten\data\raw\Orange_Fresh\rotated_by_75_Screen Shot 2018-06-13 at 12.09.05 AM.jpg,orange,fresh,0,test,0.005849631,fresh,True,6.0722427,-2.6639566,34.164463,-48.69832
C:\Users\antoc\FreshOrRotten\data\raw\Pomegranate_Fresh\IMG20200728181651_01_27212.jpg,pomegranate,fresh,0,test,0.10734597,fresh,True,2.1122708,0.9002786,18.961596,32.56357
C:\Users\antoc\FreshOrRotten\data\raw\Tomato_Rotten\rottenTomato (527)1.jpg,tomato,rotten,1,test,0.8118932,rotten,True,-2.0447004,-1.5018613,-14.289687,36.08481
C:\Users\antoc\FreshOrRotten\data\raw\Pomegranate_Fresh\IMG20200728181709_27259.jpg,pomegranate,fresh,0,test,0.32179022,fresh,True,0.2663904,3.9418483,-8.867987,20.149763
C:\Users\antoc\FreshOrRotten\data\raw\Banana_Fresh\Screen Shot 2018-06-12 at 9.41.18 PM.jpg,banana,fresh,0,test,0.100392886,fresh,True,2.432311,-0.6302018,9.681478,0.5180208
C:\Users\antoc\FreshOrRotten\data\raw\Strawberry_Fresh\freshStrawberry (52)1.jpg,strawberry,fresh,0,test,0.23740229,fresh,True,0.40659568,-4.008346,3.3755524,-39.606064
C:\Users\antoc\FreshOrRotten\data\raw\Strawberry_Fresh\freshStrawberry (348)1.jpg,strawberry,fresh,0,test,0.6304705,rotten,False,-0.9601403,1.9560506,-12.888813,20.444012
C:\Users\antoc\FreshOrRotten\data\raw\Orange_Rotten\RottenOrange (194)!.jpg,orange,rotten,1,test,0.9670405,rotten,True,-4.6744657,0.03595608,-37.6873,-37.12043
C:\Users\antoc\FreshOrRotten\data\raw\Apple_Fresh\rotated_by_60_Screen Shot 2018-06-08 at 5.07.52 PM.jpg,apple,fresh,0,test,0.12645045,fresh,True,1.9011555,0.6558589,17.036562,32.428467
C:\Users\antoc\FreshOrRotten\data\raw\Lime_Rotten\IMG_20190923_183704.jpg,lime,rotten,1,test,0.810312,rotten,True,-2.4164264,1.0629869,-14.701331,15.964573
C:\Users\antoc\FreshOrRotten\data\raw\Pomegranate_Fresh\20190820_145703_23740.jpg,pomegranate,fresh,0,test,0.0011288524,fresh,True,7.86559,8.528487,34.304573,43.745102
C:\Users\antoc\FreshOrRotten\data\raw\Pomegranate_Fresh\20190820_154726.jpg,pomegranate,fresh,0,test,0.00044830897,fresh,True,8.723076,5.5440865,39.70667,37.065517
C:\Users\antoc\FreshOrRotten\data\raw\Lime_Rotten\IMG_20190923_183655.jpg,lime,rotten,1,test,0.78121245,rotten,True,-2.2709846,1.3858415,-14.580967,15.77479
C:\Users\antoc\FreshOrRotten\data\raw\Pomegranate_Fresh\20190820_144646_23352.jpg,pomegranate,fresh,0,test,0.0018970375,fresh,True,7.081031,5.434133,34.717297,39.024414
C:\Users\antoc\FreshOrRotten\data\raw\Orange_Rotten\rotated_by_30_Screen Shot 2018-06-12 at 11.21.10 PM.jpg,orange,rotten,1,test,0.99277204,rotten,True,-6.347957,8.635491,-51.65251,13.076653
C:\Users\antoc\FreshOrRotten\data\raw\Bellpepper_Rotten\WhatsApp Image 2020-11-07 at 11.35.36 PM.jpeg_0_6331.jpg,bellpepper,rotten,1,test,0.93991756,rotten,True,-3.7987244,-1.3918608,-34.058594,-11.7312565
C:\Users\antoc\FreshOrRotten\data\raw\Kaki_Fresh\Image685.jpg,kaki,fresh,0,test,0.04470916,fresh,True,3.3119435,5.8322487,13.038845,48.43195
C:\Users\antoc\FreshOrRotten\data\raw\Grape_Rotten\Image1155.jpg,grape,rotten,1,test,0.99877316,rotten,True,-10.263216,2.4586794,-64.9062,4.80177
C:\Users\antoc\FreshOrRotten\data\raw\Pomegranate_Fresh\IMG20200728125630_27135.jpg,pomegranate,fresh,0,test,0.007790511,fresh,True,6.910261,1.3284198,36.515347,21.593317
C:\Users\antoc\FreshOrRotten\data\raw\Apple_Fresh\FreshApple (188)_!.jpg,apple,fresh,0,test,0.3614232,fresh,True,0.20009777,-3.7778454,8.0664015,-24.802
C:\Users\antoc\FreshOrRotten\data\raw\Orange_Rotten\IMG_20190923_182243.jpg,orange,rotten,1,test,0.73133993,rotten,True,-2.0372972,0.20799232,-13.258086,13.103187
C:\Users\antoc\FreshOrRotten\data\raw\Orange_Rotten\vertical_flip_Screen Shot 2018-06-12 at 11.24.29 PM.jpg,orange,rotten,1,test,0.46416658,fresh,False,-0.22218576,-3.0634735,-17.602917,-39.472786
C:\Users\antoc\FreshOrRotten\data\raw\Guava_Rotten\RottenGuava (155).jpg,guava,rotten,1,test,0.56413335,rotten,True,-0.89695036,-3.519648,-5.123264,-26.12412
C:\Users\antoc\FreshOrRotten\data\raw\Tomato_Fresh\freshTomato (155)1.jpg,tomato,fresh,0,test,0.52748245,rotten,False,-0.7155688,-2.5258663,-7.159377,-15.306652
C:\Users\antoc\FreshOrRotten\data\raw\Apple_Rotten\IMG20200728181406.jpg,apple,rotten,1,test,0.70803463,rotten,True,-0.035116524,-3.511599,17.241392,0.2862385
C:\Users\antoc\FreshOrRotten\data\raw\Grapes_Rotten\RottenGrape (4).jpg,grapes,rotten,1,test,0.5786038,rotten,True,-0.88308567,-3.2802062,-6.3468614,-18.831522
C:\Users\antoc\FreshOrRotten\data\raw\Bellpepper_Fresh\IMG_20200825_144640.jpg_0_2255.jpg,bellpepper,fresh,0,test,0.08374443,fresh,True,2.5851207,-0.60617566,9.085243,-4.3591175
C:\Users\antoc\FreshOrRotten\data\raw\Guava_Fresh\IMG_7921.JPG,guava,fresh,0,test,0.08434257,fresh,True,4.1926003,-1.7370813,48.776463,-9.899238
C:\Users\antoc\FreshOrRotten\data\raw\Orange_Fresh\FreshOrange (54)!.jpg,orange,fresh,0,test,0.65450996,rotten,False,-1.0000231,-2.1922243,-22.190239,-43.35162
C:\Users\antoc\FreshOrRotten\data\raw\Apple_Rotten\IMG_20190910_171509.jpg,apple,rotten,1,test,0.9163341,rotten,True,-2.692933,5.014511,-22.31223,43.780037
C:\Users\antoc\FreshOrRotten\data\raw\Orange_Fresh\rotated_by_30_Screen Shot 2018-06-12 at 11.54.27 PM.jpg,orange,fresh,0,test,0.1478522,fresh,True,1.537983,-3.2155879,18.73781,-42.32698
C:\Users\antoc\FreshOrRotten\data\raw\Banana_Rotten\saltandpepper_Screen Shot 2018-06-12 at 9.20.07 PM.jpg,banana,rotten,1,test,0.038669392,fresh,False,3.2559166,1.9229678,21.258514,18.077038
C:\Users\antoc\FreshOrRotten\data\raw\Apple_Fresh\translation_Screen Shot 2018-06-08 at 5.06.28 PM.jpg,apple,fresh,0,test,0.0043999227,fresh,True,6.8153167,4.297531,10.870797,25.432018
C:\Users\antoc\FreshOrRotten\data\raw\Jujube_Rotten\RottenJujube (128).jpg,jujube,rotten,1,test,0.8615474,rotten,True,-2.3516788,5.7292795,-23.758247,43.11101
C:\Users\antoc\FreshOrRotten\data\raw\Lime_Rotten\IMG_7569.JPG,lime,rotten,1,test,0.81427205,rotten,True,-2.4050417,-2.9104514,-12.560905,-17.210651
C:\Users\antoc\FreshOrRotten\data\raw\Apple_Fresh\freshApple (232)1.jpg,apple,fresh,0,test,0.14566076,fresh,True,1.5084798,-3.9284973,8.589502,-40.737446
C:\Users\antoc\FreshOrRotten\data\raw\Orange_Fresh\IMG20200728190509.jpg,orange,fresh,0,test,0.24731995,fresh,True,2.201237,-2.8961892,24.919342,-12.482943
C:\Users\antoc\FreshOrRotten\data\raw\Bellpepper_Fresh\freshPepper (571)1.jpg,bellpepper,fresh,0,test,0.6638307,rotten,False,-1.7131786,-3.372764,-5.6907005,-37.969456
C:\Users\antoc\FreshOrRotten\data\raw\Orange_Rotten\IMG_20190824_175126.jpg,orange,rotten,1,test,0.59236526,rotten,True,-1.2230326,-2.7339435,-11.644983,-29.537369
C:\Users\antoc\FreshOrRotten\data\raw\Pomegranate_Fresh\20190820_144648.jpg,pomegranate,fresh,0,test,0.0019752851,fresh,True,6.934258,4.1648736,35.226505,34.45646
C:\Users\antoc\FreshOrRotten\data\raw\Pomegranate_Fresh\20190820_153351_25703.jpg,pomegranate,fresh,0,test,0.022871599,fresh,True,3.9721582,1.0593886,23.334517,16.347765
C:\Users\antoc\FreshOrRotten\data\raw\Apple_Rotten\rotated_by_45_Screen Shot 2018-06-08 at 2.47.37 PM.jpg,apple,rotten,1,test,0.543176,rotten,True,-0.9375467,-3.2968924,-5.7988195,-29.135178
C:\Users\antoc\FreshOrRotten\data\raw\Apple_Fresh\20190809_160830.jpg,apple,fresh,0,test,0.6131493,rotten,False,-1.2248735,-3.3184738,-10.227304,-24.580551
C:\Users\antoc\FreshOrRotten\data\raw\Banana_Fresh\rotated_by_45_Screen Shot 2018-06-12 at 9.41.30 PM.jpg,banana,fresh,0,test,0.066801846,fresh,True,3.125061,0.7567519,11.30571,19.556686
C:\Users\antoc\FreshOrRotten\data\raw\Pomegranate_Fresh\20190820_152009_24927.jpg,pomegranate,fresh,0,test,0.037007954,fresh,True,3.2643392,2.372349,21.20988,19.225668
C:\Users\antoc\FreshOrRotten\data\raw\Banana_Fresh\rotated_by_60_Screen Shot 2018-06-12 at 9.59.02 PM.jpg,banana,fresh,0,test,0.046453986,fresh,True,3.0253532,5.123849,5.33506,22.511595
C:\Users\antoc\FreshOrRotten\data\raw\Tomato_Fresh\DSCN4157.jpg_0_1830.jpg,tomato,fresh,0,test,0.28556502,fresh,True,0.7706737,2.2654371,6.0130825,50.51584
C:\Users\antoc\FreshOrRotten\data\raw\Strawberry_Rotten\rottenStrawberry (384)1.jpg,strawberry,rotten,1,test,0.2587089,fresh,False,-0.07369408,-3.514965,-12.000943,-44.654617
C:\Users\antoc\FreshOrRotten\data\raw\Banana_Fresh\rotated_by_45_Screen Shot 2018-06-12 at 9.48.26 PM.jpg,banana,fresh,0,test,0.09339251,fresh,True,2.5695667,1.2609341,9.015597,19.179749
C:\Users\antoc\FreshOrRotten\data\raw\Pear_Fresh\Image811.jpg,pear,fresh,0,test,0.063000426,fresh,True,2.6704464,0.08189285,6.322879,9.485593
C:\Users\antoc\FreshOrRotten\data\raw\Apple_Fresh\translation_Screen Shot 2018-06-08 at 5.22.35 PM.jpg,apple,fresh,0,test,0.20346062,fresh,True,1.7752787,3.6464012,8.91257,52.316586
C:\Users\antoc\FreshOrRotten\data\raw\Apple_Rotten\rottenApple (435)1.jpg,apple,rotten,1,test,0.5889815,rotten,True,-0.79464823,-3.5069892,0.22229894,-20.04301
C:\Users\antoc\FreshOrRotten\data\raw\Pomegranate_Fresh\20190820_143759_23014.jpg,pomegranate,fresh,0,test,0.010474868,fresh,True,5.404135,-1.3067999,44.13629,0.16173197
C:\Users\antoc\FreshOrRotten\data\raw\Peach_Rotten\Image4079.jpg,peach,rotten,1,test,0.5208256,rotten,True,-0.50185627,-2.3189304,-9.5382395,-6.943514
C:\Users\antoc\FreshOrRotten\data\raw\Pomegranate_Rotten\RottenPomegranate (186)!.jpg,pomegranate,rotten,1,test,0.5327795,rotten,True,-0.08877137,1.4384377,-9.933417,28.771578
C:\Users\antoc\FreshOrRotten\data\raw\Tomato_Fresh\freshTomato (280)1.jpg,tomato,fresh,0,test,0.33758095,fresh,True,-0.6191376,-4.207893,-2.4183917,-40.847515
C:\Users\antoc\FreshOrRotten\data\raw\Banana_Rotten\rotated_by_45_Screen Shot 2018-06-12 at 9.21.00 PM.jpg,banana,rotten,1,test,0.87651676,rotten,True,-2.4664516,-3.1952243,-22.570202,-23.29098
C:\Users\antoc\FreshOrRotten\data\raw\Orange_Fresh\IMG_20190924_151833.jpg,orange,fresh,0,test,0.2641677,fresh,True,0.9199202,-3.2672372,16.97553,-22.893324
C:\Users\antoc\FreshOrRotten\data\raw\Peach_Fresh\Image109.jpg,peach,fresh,0,test,0.04809819,fresh,True,3.617845,-2.3643026,31.983473,-39.822643
C:\Users\antoc\FreshOrRotten\data\raw\Bellpepper_Rotten\rottenPepper (140)1.jpg,bellpepper,rotten,1,test,0.7140785,rotten,True,-1.9877224,-2.6831784,-11.568446,-25.284006
C:\Users\antoc\FreshOrRotten\data\raw\Peach_Rotten\Image4813.jpg,peach,rotten,1,test,0.96428174,rotten,True,-4.6730947,-1.4293725,-30.795359,-4.6110954
C:\Users\antoc\FreshOrRotten\data\raw\Potato_Rotten\rottenPotato (277).jpg,potato,rotten,1,test,0.9997347,rotten,True,-11.461606,3.4565747,-59.69571,8.591881
C:\Users\antoc\FreshOrRotten\data\raw\Bellpepper_Fresh\IMG_20200822_223846.jpg_0_8734.jpg,bellpepper,fresh,0,test,0.060327332,fresh,True,3.774411,-1.9439721,46.81387,-9.555637
C:\Users\antoc\FreshOrRotten\data\raw\Pomegranate_Fresh\IMG20200728182326_27638.jpg,pomegranate,fresh,0,test,0.11014791,fresh,True,2.1001074,-2.5718746,23.548925,-17.916574
C:\Users\antoc\FreshOrRotten\data\raw\Pomegranate_Fresh\20190820_145937_23861.jpg,pomegranate,fresh,0,test,0.014073959,fresh,True,4.7461815,3.036392,25.919144,34.053158
C:\Users\antoc\FreshOrRotten\data\raw\Guava_Rotten\IMG_20190824_180315.jpg,guava,rotten,1,test,0.99480104,rotten,True,-6.9874363,1.171578,-34.945946,22.278862
C:\Users\antoc\FreshOrRotten\data\raw\Banana_Fresh\Image35.jpg,banana,fresh,0,test,0.052645966,fresh,True,3.097698,1.6632795,5.347071,36.774258
C:\Users\antoc\FreshOrRotten\data\raw\Tomato_Fresh\tomato1_30.jpg_0_1561.jpg,tomato,fresh,0,test,0.104609475,fresh,True,2.5236902,5.100711,11.5071945,53.175705
C:\Users\antoc\FreshOrRotten\data\raw\Pomegranate_Rotten\IMG_20190829_072038.jpg,pomegranate,rotten,1,test,0.9573016,rotten,True,-4.004464,0.62876964,-23.078568,29.778316
C:\Users\antoc\FreshOrRotten\data\raw\Apple_Rotten\rotated_by_45_Screen Shot 2018-06-07 at 2.22.39 PM.jpg,apple,rotten,1,test,0.92126095,rotten,True,-3.4143693,-2.5988894,-24.179674,-21.385035
C:\Users\antoc\FreshOrRotten\data\raw\Apple_Rotten\IMG_20190824_175413.jpg,apple,rotten,1,test,0.5365032,rotten,True,-0.559497,-4.073661,-1.6194791,-33.22732
C:\Users\antoc\FreshOrRotten\data\raw\Orange_Fresh\IMG_2474.JPG,orange,fresh,0,test,0.13024506,fresh,True,2.4085405,-2.937686,36.042168,-15.023731
C:\Users\antoc\FreshOrRotten\data\raw\Banana_Fresh\Image29.jpg,banana,fresh,0,test,0.05246403,fresh,True,3.0989847,1.6828327,5.5094967,36.39197
C:\Users\antoc\FreshOrRotten\data\raw\Bellpepper_Rotten\Image2203.jpg,bellpepper,rotten,1,test,0.99819046,rotten,True,-7.9885793,2.6131258,-35.635403,24.76911
C:\Users\antoc\FreshOrRotten\data\raw\Pomegranate_Fresh\20190820_154134_26320.jpg,pomegranate,fresh,0,test,0.005117124,fresh,True,5.929305,3.6182654,30.054722,34.381035
C:\Users\antoc\FreshOrRotten\data\raw\Guava_Fresh\IMG_8256.JPG,guava,fresh,0,test,0.21277831,fresh,True,3.8123689,-3.2308,56.396954,-10.147453
C:\Users\antoc\FreshOrRotten\data\raw\Cucumber_Rotten\rottenCucumber (157)1.jpg,cucumber,rotten,1,test,0.9903376,rotten,True,-5.9346757,1.8852288,-28.165642,36.750023
C:\Users\antoc\FreshOrRotten\data\raw\Tomato_Fresh\tomato1_13.jpg_0_2366.jpg,tomato,fresh,0,test,0.03206032,fresh,True,4.027066,7.405527,15.139538,54.20885
C:\Users\antoc\FreshOrRotten\data\raw\Tomato_Fresh\IMG_20200725_095418.jpg_0_8225.jpg,tomato,fresh,0,test,0.5486697,rotten,False,-0.72100145,-3.5482974,-2.8910851,-26.624556
C:\Users\antoc\FreshOrRotten\data\raw\Banana_Fresh\FreshBanana (28)_1.jpg,banana,fresh,0,test,0.07121935,fresh,True,3.0959816,-2.24637,30.508585,-37.389996
C:\Users\antoc\FreshOrRotten\data\raw\Pomegranate_Fresh\20190820_154608_26660.jpg,pomegranate,fresh,0,test,0.00076173263,fresh,True,8.115287,4.69783,38.3459,35.55005
C:\Users\antoc\FreshOrRotten\data\raw\Guava_Fresh\IMG_8802.JPG,guava,fresh,0,test,0.02852523,fresh,True,4.073948,-0.18991132,33.08339,2.6065621
C:\Users\antoc\FreshOrRotten\data\raw\Kaki_Rotten\Image3961.jpg,kaki,rotten,1,test,0.9566568,rotten,True,-4.2038126,-1.1018227,-36.472393,-25.000507
C:\Users\antoc\FreshOrRotten\data\raw\Apple_Rotten\saltandpepper_Screen Shot 2018-06-07 at 2.46.52 PM.jpg,apple,rotten,1,test,0.8591689,rotten,True,-2.6927552,-1.9304363,-25.344297,-34.999836
C:\Users\antoc\FreshOrRotten\data\raw\Bellpepper_Rotten\rottenPepper (239)1.jpg,bellpepper,rotten,1,test,0.5172312,rotten,True,-0.43494782,-1.456654,-9.276493,-4.8016753
C:\Users\antoc\FreshOrRotten\data\raw\Pomegranate_Fresh\20190820_151534_24711.jpg,pomegranate,fresh,0,test,0.014531011,fresh,True,5.081709,0.60051227,34.735123,19.515873
C:\Users\antoc\FreshOrRotten\data\raw\Bellpepper_Rotten\Image1903.jpg,bellpepper,rotten,1,test,0.99449277,rotten,True,-6.5847397,1.5611742,-31.653444,22.051142
C:\Users\antoc\FreshOrRotten\data\raw\Kaki_Rotten\Image3603.jpg,kaki,rotten,1,test,0.9103638,rotten,True,-3.2295828,-0.52718437,-36.392483,-28.985563
C:\Users\antoc\FreshOrRotten\data\raw\Apple_Rotten\IMG_20190910_172114.jpg,apple,rotten,1,test,0.9628364,rotten,True,-3.762,6.88423,-22.793232,45.177147
C:\Users\antoc\FreshOrRotten\data\raw\Bellpepper_Fresh\IMG_20200825_144639.jpg_0_8049.jpg,bellpepper,fresh,0,test,0.35272467,fresh,True,0.24650571,-2.3259745,11.490042,-9.6548605
C:\Users\antoc\FreshOrRotten\data\raw\Apple_Fresh\20190809_161641.jpg,apple,fresh,0,test,0.11460332,fresh,True,2.37668,-2.6443062,26.391247,-15.836124
C:\Users\antoc\FreshOrRotten\data\raw\Potato_Fresh\freshPotato (335).jpg,potato,fresh,0,test,0.2533517,fresh,True,0.9010331,-1.8957754,17.365822,-17.421843
C:\Users\antoc\FreshOrRotten\data\raw\Mango_Fresh\freshMango (116).jpg,mango,fresh,0,test,0.06609404,fresh,True,3.2968595,-1.3210053,28.551018,-9.552439
C:\Users\antoc\FreshOrRotten\data\raw\Grape_Rotten\Image1331.jpg,grape,rotten,1,test,0.99917907,rotten,True,-10.603197,2.652211,-64.76495,5.3006463
C:\Users\antoc\FreshOrRotten\data\raw\Orange_Fresh\rotated_by_30_Screen Shot 2018-06-12 at 11.55.05 PM.jpg,orange,fresh,0,test,0.07295346,fresh,True,2.1491497,-4.1460886,19.931023,-46.04055
C:\Users\antoc\FreshOrRotten\data\raw\Carrot_Fresh\freshCarrot (576).jpg,carrot,fresh,0,test,0.13387674,fresh,True,0.87509346,-4.4905043,4.0959854,-42.62375
C:\Users\antoc\FreshOrRotten\data\raw\Apple_Rotten\IMG_20190910_172221.jpg,apple,rotten,1,test,0.89506173,rotten,True,-2.3856,5.6247706,-22.33515,44.345848
C:\Users\antoc\FreshOrRotten\data\raw\Kaki_Rotten\Image3689.jpg,kaki,rotten,1,test,0.9221918,rotten,True,-3.4354777,-0.43627802,-36.70648,-28.623018
C:\Users\antoc\FreshOrRotten\data\raw\Pomegranate_Fresh\20190820_154136_26329.jpg,pomegranate,fresh,0,test,0.017315885,fresh,True,4.4368315,1.3352085,24.463259,30.679886
C:\Users\antoc\FreshOrRotten\data\raw\Banana_Rotten\rottenBanana (489)1.jpg,banana,rotten,1,test,0.93385684,rotten,True,-3.9879487,2.00186,-39.26771,13.77552
C:\Users\antoc\FreshOrRotten\data\raw\Apple_Fresh\rotated_by_15_Screen Shot 2018-06-08 at 5.13.40 PM.jpg,apple,fresh,0,test,0.103627205,fresh,True,3.4471228,-1.5629501,41.31748,-8.578768
C:\Users\antoc\FreshOrRotten\data\raw\Banana_Rotten\IMG20200729190502.jpg,banana,rotten,1,test,0.9632741,rotten,True,-4.668846,3.920448,-41.208195,17.44057
C:\Users\antoc\FreshOrRotten\data\raw\Pomegranate_Fresh\20190820_150707_24303.jpg,pomegranate,fresh,0,test,0.06015326,fresh,True,2.7117252,3.3322797,19.977474,20.576912
C:\Users\antoc\FreshOrRotten\data\raw\Banana_Fresh\IMG_9089.JPG,banana,fresh,0,test,0.32141325,fresh,True,0.6020539,-2.9533033,13.21075,-15.7868
C:\Users\antoc\FreshOrRotten\data\raw\Bellpepper_Rotten\rottenPepper (257)1.jpg,bellpepper,rotten,1,test,0.03795021,fresh,False,3.6796572,3.6954687,14.77083,41.473404
C:\Users\antoc\FreshOrRotten\data\raw\Orange_Rotten\rotated_by_30_Screen Shot 2018-06-12 at 11.29.31 PM.jpg,orange,rotten,1,test,0.86733794,rotten,True,-2.5587673,-2.4653742,-23.487629,-19.271835
C:\Users\antoc\FreshOrRotten\data\raw\Strawberry_Fresh\freshStrawberry (544)1.jpg,strawberry,fresh,0,test,0.8007583,rotten,False,-1.7708335,-1.181169,-15.720874,36.362324
C:\Users\antoc\FreshOrRotten\data\raw\Lime_Rotten\IMG_20190923_183935_1.jpg,lime,rotten,1,test,0.68350345,rotten,True,-1.561093,-1.4278815,-7.167282,5.3379717
C:\Users\antoc\FreshOrRotten\data\raw\Tomato_Rotten\DSCN4238.jpg_0_3479.jpg,tomato,rotten,1,test,0.5327206,rotten,True,-0.37103388,9.255042,-1.1989362,61.432434
C:\Users\antoc\FreshOrRotten\data\raw\Guava_Rotten\IMG_20190822_080740_1.jpg,guava,rotten,1,test,0.9189507,rotten,True,-3.7650983,0.4350383,-32.262623,3.5476916
C:\Users\antoc\FreshOrRotten\data\raw\Grape_Rotten\Image1057.jpg,grape,rotten,1,test,0.99826056,rotten,True,-9.737282,2.1992326,-65.28589,4.641
C:\Users\antoc\FreshOrRotten\data\raw\Tomato_Rotten\Image859.jpg,tomato,rotten,1,test,0.9993467,rotten,True,-9.108301,4.212047,-41.37127,30.735147
C:\Users\antoc\FreshOrRotten\data\raw\Orange_Rotten\IMG_20190824_174821_1.jpg,orange,rotten,1,test,0.90499604,rotten,True,-3.42872,-1.7252122,-23.938372,3.4600654
C:\Users\antoc\FreshOrRotten\data\raw\Orange_Fresh\rotated_by_30_Screen Shot 2018-06-12 at 11.58.50 PM.jpg,orange,fresh,0,test,0.36835554,fresh,True,0.80676675,-2.7236695,31.859982,-31.619429
C:\Users\antoc\FreshOrRotten\data\raw\Banana_Fresh\rotated_by_60_Screen Shot 2018-06-12 at 9.45.46 PM.jpg,banana,fresh,0,test,0.054670736,fresh,True,5.054887,1.0423813,43.72408,-6.0744033
C:\Users\antoc\FreshOrRotten\data\raw\Pomegranate_Fresh\20190820_143832_23043.jpg,pomegranate,fresh,0,test,0.015015397,fresh,True,4.525275,1.0322318,25.460478,16.097233
C:\Users\antoc\FreshOrRotten\data\raw\Orange_Fresh\IMG20200728130830.jpg,orange,fresh,0,test,0.17640649,fresh,True,5.254548,-2.966763,52.11863,-14.489536
C:\Users\antoc\FreshOrRotten\data\raw\Tomato_Rotten\Image257.jpg,tomato,rotten,1,test,0.8593966,rotten,True,-2.2583199,-1.4237324,-28.409977,-42.07471
C:\Users\antoc\FreshOrRotten\data\raw\Apple_Fresh\20190809_122033.jpg,apple,fresh,0,test,0.12855484,fresh,True,2.0020387,-3.290222,22.94626,-20.188309
C:\Users\antoc\FreshOrRotten\data\raw\Apple_Fresh\rotated_by_30_Screen Shot 2018-06-08 at 5.17.22 PM.jpg,apple,fresh,0,test,0.05438338,fresh,True,3.57458,8.067607,15.080054,56.458237
C:\Users\antoc\FreshOrRotten\data\raw\Apple_Rotten\IMG_20190824_175433.jpg,apple,rotten,1,test,0.516664,rotten,True,-0.9605704,-3.7854805,-3.4339623,-32.260654
C:\Users\antoc\FreshOrRotten\data\raw\Pomegranate_Fresh\20190820_151644_24780.jpg,pomegranate,fresh,0,test,0.0043062665,fresh,True,6.2806673,1.1000262,38.959614,10.657605
C:\Users\antoc\FreshOrRotten\data\raw\Tomato_Rotten\Copy of IMG_20200801_191339.jpg_0_6455.jpg,tomato,rotten,1,test,0.44150466,fresh,False,0.09782534,-0.81643337,9.67933,-14.094423
C:\Users\antoc\FreshOrRotten\data\raw\Potato_Fresh\freshPotato (265).jpg,potato,fresh,0,test,0.11235576,fresh,True,2.0800464,-0.5404134,7.0310683,1.2778072
C:\Users\antoc\FreshOrRotten\data\raw\Tomato_Fresh\Image449.jpg,tomato,fresh,0,test,0.008799685,fresh,True,5.9261894,-1.4080021,37.0132,-49.378475
C:\Users\antoc\FreshOrRotten\data\raw\Banana_Rotten\rotated_by_15_Screen Shot 2018-06-12 at 8.58.33 PM.jpg,banana,rotten,1,test,0.99784803,rotten,True,-7.8727694,1.6760094,-43.556484,1.5537487
C:\Users\antoc\FreshOrRotten\data\raw\Peach_Rotten\Image4393.jpg,peach,rotten,1,test,0.8503442,rotten,True,-2.5993178,-1.762932,-12.665048,-5.2871795
C:\Users\antoc\FreshOrRotten\data\raw\Banana_Fresh\IMG_9194.JPG,banana,fresh,0,test,0.12710173,fresh,True,2.0920315,-2.220535,20.137577,-12.218922
C:\Users\antoc\FreshOrRotten\data\raw\Bellpepper_Rotten\Image137.jpg,bellpepper,rotten,1,test,0.9031356,rotten,True,-3.0623193,-1.6731972,-33.449936,-34.473515
C:\Users\antoc\FreshOrRotten\data\raw\Potato_Fresh\freshPotato (394).jpg,potato,fresh,0,test,0.7552597,rotten,False,-1.9980869,-3.3149939,-11.013964,-18.781555
C:\Users\antoc\FreshOrRotten\data\raw\Apple_Rotten\saltandpepper_Screen Shot 2018-06-08 at 2.23.48 PM.jpg,apple,rotten,1,test,0.9758211,rotten,True,-4.8211913,0.02149701,-24.40031,25.501057
C:\Users\antoc\FreshOrRotten\data\raw\Tomato_Fresh\freshTomato (212)1.jpg,tomato,fresh,0,test,0.43173212,fresh,True,-0.8690111,-4.0522285,-3.1702638,-39.964176
C:\Users\antoc\FreshOrRotten\data\raw\Banana_Fresh\translation_Screen Shot 2018-06-12 at 9.54.07 PM.jpg,banana,fresh,0,test,0.1956351,fresh,True,1.4971209,0.30816978,3.246803,-3.1434205
C:\Users\antoc\FreshOrRotten\data\raw\Apple_Rotten\IMG_20190824_175534.jpg,apple,rotten,1,test,0.39113808,fresh,False,-0.22721806,-4.176998,0.5309569,-33.509342
C:\Users\antoc\FreshOrRotten\data\raw\Orange_Fresh\IMG_1939.JPG,orange,fresh,0,test,0.22114508,fresh,True,0.76366854,-4.242305,6.6720614,-38.01855
C:\Users\antoc\FreshOrRotten\data\raw\Banana_Fresh\vertical_flip_Screen Shot 2018-06-12 at 9.51.58 PM.jpg,banana,fresh,0,test,0.0810946,fresh,True,2.5318189,0.24167313,8.655466,2.353533
C:\Users\antoc\FreshOrRotten\data\raw\Apple_Rotten\RottenApple (76)!.jpg,apple,rotten,1,test,0.116320804,fresh,False,2.5030997,5.7267094,4.722936,63.16078
C:\Users\antoc\FreshOrRotten\data\raw\Banana_Fresh\IMG_8923.JPG,banana,fresh,0,test,0.5787677,rotten,False,-0.7854169,-3.4558132,0.30045515,-19.505638
C:\Users\antoc\FreshOrRotten\data\raw\Orange_Rotten\IMG_20190923_182246.jpg,orange,rotten,1,test,0.6349595,rotten,True,-1.3392892,-1.7714653,-7.4231577,5.5502563
C:\Users\antoc\FreshOrRotten\data\raw\Guava_Rotten\IMG_20190822_081353.jpg,guava,rotten,1,test,0.9103222,rotten,True,-3.3697834,-2.564734,-23.743824,-11.615109
C:\Users\antoc\FreshOrRotten\data\raw\Bellpepper_Fresh\Day1A.jpg_0_8377.jpg,bellpepper,fresh,0,test,0.15621026,fresh,True,1.8213565,-1.3030005,7.5198536,-5.118672
C:\Users\antoc\FreshOrRotten\data\raw\Grapes_Fresh\FreshGrape (140)!.jpg,grapes,fresh,0,test,0.06627933,fresh,True,3.029926,-2.193982,35.003635,-12.510749
C:\Users\antoc\FreshOrRotten\data\raw\Banana_Fresh\rotated_by_75_Screen Shot 2018-06-12 at 9.38.29 PM.jpg,banana,fresh,0,test,0.02210199,fresh,True,4.1916623,4.3495502,6.197362,23.246378
C:\Users\antoc\FreshOrRotten\data\raw\Papaya_Fresh\Image213.jpg,papaya,fresh,0,test,0.026876109,fresh,True,5.22375,-1.7835019,45.859596,-20.682392
C:\Users\antoc\FreshOrRotten\data\raw\Carrot_Rotten\rottenCarrot (153).jpg,carrot,rotten,1,test,0.9793468,rotten,True,-7.341616,1.1116884,-41.885647,-34.064762
C:\Users\antoc\FreshOrRotten\data\raw\Orange_Fresh\translation_Screen Shot 2018-06-13 at 12.02.33 AM.jpg,orange,fresh,0,test,0.019604042,fresh,True,4.6990266,-2.9652426,27.25344,-43.981476
C:\Users\antoc\FreshOrRotten\data\raw\Guava_Rotten\IMG_20190822_080936_1.jpg,guava,rotten,1,test,0.9243854,rotten,True,-3.806487,0.026286421,-31.763676,3.3274553
C:\Users\antoc\FreshOrRotten\data\raw\Tomato_Fresh\DSCN4158.jpg_0_4888.jpg,tomato,fresh,0,test,0.25735217,fresh,True,0.9768863,2.123793,5.9870324,50.307053
C:\Users\antoc\FreshOrRotten\data\raw\Peach_Rotten\Image3947.jpg,peach,rotten,1,test,0.4870963,fresh,False,-0.33542603,-2.4909306,-9.134533,-7.188926
C:\Users\antoc\FreshOrRotten\data\raw\Apple_Fresh\20190809_115717.jpg,apple,fresh,0,test,0.05207446,fresh,True,3.0445359,-0.117988974,8.370727,8.092784
C:\Users\antoc\FreshOrRotten\data\raw\Apple_Fresh\IMG_9520.JPG,apple,fresh,0,test,0.22868755,fresh,True,0.9064345,-4.1230707,8.193347,-35.59215
C:\Users\antoc\FreshOrRotten\data\raw\Apple_Rotten\IMG_20190910_171920_1.jpg,apple,rotten,1,test,0.9220972,rotten,True,-2.9930232,4.8437834,-23.288582,43.653908
C:\Users\antoc\FreshOrRotten\data\raw\Carrot_Fresh\freshCarrot (346).jpg,carrot,fresh,0,test,0.16488284,fresh,True,0.19351915,-4.530055,1.1155821,-45.07947
C:\Users\antoc\FreshOrRotten\data\raw\Bellpepper_Rotten\Image317.jpg,bellpepper,rotten,1,test,0.9320867,rotten,True,-3.464365,-1.148476,-33.848766,-35.959087
C:\Users\antoc\FreshOrRotten\data\raw\Bellpepper_Fresh\freshPepper (107)1.jpg,bellpepper,fresh,0,test,0.082332626,fresh,True,4.2777,-2.6870694,50.827385,-10.003055
C:\Users\antoc\FreshOrRotten\data\raw\Guava_Fresh\IMG_8531.JPG,guava,fresh,0,test,0.010228848,fresh,True,5.196988,0.85672724,41.22068,12.776553
C:\Users\antoc\FreshOrRotten\data\raw\Pomegranate_Fresh\IMG20200728125058_26930.jpg,pomegranate,fresh,0,test,0.008267394,fresh,True,14.7016945,0.05293798,56.9553,-21.946972
C:\Users\antoc\FreshOrRotten\data\raw\Watermelon_Rotten\Image475.jpg,watermelon,rotten,1,test,0.8353409,rotten,True,-2.507266,-3.0441616,-20.190544,-14.583196
C:\Users\antoc\FreshOrRotten\data\raw\Banana_Fresh\translation_Screen Shot 2018-06-12 at 9.49.32 PM.jpg,banana,fresh,0,test,0.10912525,fresh,True,2.1302648,1.6519351,7.3959026,19.216082
C:\Users\antoc\FreshOrRotten\data\raw\Banana_Fresh\freshBanana (152)1.jpg,banana,fresh,0,test,0.06266621,fresh,True,4.5666504,-1.3771998,46.316868,-13.900593
C:\Users\antoc\FreshOrRotten\data\raw\Apple_Fresh\20190809_161528.jpg,apple,fresh,0,test,0.04391051,fresh,True,3.1605942,0.5552871,21.285683,15.524301
C:\Users\antoc\FreshOrRotten\data\raw\Strawberry_Fresh\FreshStrawberry (86)!.jpg,strawberry,fresh,0,test,0.6355984,rotten,False,-0.77622163,-1.9644852,-11.830323,31.208652
C:\Users\antoc\FreshOrRotten\data\raw\Bellpepper_Rotten\Image1719.jpg,bellpepper,rotten,1,test,0.98655033,rotten,True,-5.504223,0.7021183,-30.660887,20.562912
C:\Users\antoc\FreshOrRotten\data\raw\Apple_Fresh\rotated_by_30_Screen Shot 2018-06-08 at 5.16.44 PM.jpg,apple,fresh,0,test,0.0010977753,fresh,True,7.693401,5.1427674,39.249435,34.30363
C:\Users\antoc\FreshOrRotten\data\raw\Kaki_Fresh\Image567.jpg,kaki,fresh,0,test,0.03631335,fresh,True,3.5893562,5.943797,13.718099,48.035835
C:\Users\antoc\FreshOrRotten\data\raw\Papaya_Rotten\Image1479.jpg,papaya,rotten,1,test,0.98084867,rotten,True,-5.3806663,-0.7906488,-47.490845,-12.571347
C:\Users\antoc\FreshOrRotten\data\raw\Grape_Fresh\Image171.jpg,grape,fresh,0,test,0.08359966,fresh,True,0.95868,-4.6687107,3.0426433,-46.685753
C:\Users\antoc\FreshOrRotten\data\raw\Apple_Rotten\IMG20200728175949.jpg,apple,rotten,1,test,0.9948468,rotten,True,-6.6573124,1.7394853,-32.25887,27.642527
C:\Users\antoc\FreshOrRotten\data\raw\Strawberry_Fresh\freshStrawberry (184)1.jpg,strawberry,fresh,0,test,0.026324896,fresh,True,3.7824445,0.40576315,22.937569,13.509103
C:\Users\antoc\FreshOrRotten\data\raw\Pomegranate_Rotten\IMG_20190824_180758.jpg,pomegranate,rotten,1,test,0.9257308,rotten,True,-2.690988,2.7491946,-21.381346,39.712975
C:\Users\antoc\FreshOrRotten\data\raw\Guava_Fresh\IMG_8462.JPG,guava,fresh,0,test,0.012525997,fresh,True,5.2204547,1.1065515,42.71079,14.030199
C:\Users\antoc\FreshOrRotten\data\raw\Lime_Rotten\IMG_20190923_183813_1.jpg,lime,rotten,1,test,0.62999064,rotten,True,-1.2833507,-2.5154681,-11.013082,-22.996874
C:\Users\antoc\FreshOrRotten\data\raw\Strawberry_Fresh\freshStrawberry (23)1.jpg,strawberry,fresh,0,test,0.34197158,fresh,True,0.081336826,-3.209186,-13.423256,-46.011272
C:\Users\antoc\FreshOrRotten\data\raw\Pomegranate_Fresh\20190820_153754_26054.jpg,pomegranate,fresh,0,test,0.0027597316,fresh,True,6.6223726,2.9881501,33.446068,30.07906
C:\Users\antoc\FreshOrRotten\data\raw\Pomegranate_Fresh\20190820_154245_26447.jpg,pomegranate,fresh,0,test,0.028757425,fresh,True,3.6488488,1.4273231,22.225876,17.186895
C:\Users\antoc\FreshOrRotten\data\raw\Orange_Fresh\rotated_by_15_Screen Shot 2018-06-13 at 12.19.36 AM.jpg,orange,fresh,0,test,0.1620131,fresh,True,1.0014832,-4.2954273,6.924774,-40.61097
C:\Users\antoc\FreshOrRotten\data\raw\Carrot_Rotten\rottenCarrot (390).jpg,carrot,rotten,1,test,0.98127973,rotten,True,-5.0767136,4.3862214,-26.325645,44.347473
C:\Users\antoc\FreshOrRotten\data\raw\Peach_Fresh\Image879.jpg,peach,fresh,0,test,0.11663701,fresh,True,2.3561065,-2.6538658,32.925686,-36.648735
C:\Users\antoc\FreshOrRotten\data\raw\Apple_Fresh\Screen Shot 2018-06-08 at 5.20.17 PM.jpg,apple,fresh,0,test,0.029740267,fresh,True,5.7288117,-0.38704538,46.03298,-12.756402
C:\Users\antoc\FreshOrRotten\data\raw\Banana_Fresh\IMG_8997.JPG,banana,fresh,0,test,0.045085404,fresh,True,4.4113197,-0.7368133,41.36781,-11.500152
C:\Users\antoc\FreshOrRotten\data\raw\Orange_Rotten\IMG_20190824_174823.jpg,orange,rotten,1,test,0.8870528,rotten,True,-3.1792643,-1.8282707,-23.714405,3.4297426
C:\Users\antoc\FreshOrRotten\data\raw\Banana_Fresh\rotated_by_15_Screen Shot 2018-06-12 at 10.01.52 PM.jpg,banana,fresh,0,test,0.04648995,fresh,True,3.240275,2.2200024,7.869339,20.602518
C:\Users\antoc\FreshOrRotten\data\raw\Pomegranate_Fresh\20190820_154053_26248.jpg,pomegranate,fresh,0,test,0.009109495,fresh,True,5.2385063,3.1751258,28.476204,33.887512
C:\Users\antoc\FreshOrRotten\data\raw\Kaki_Rotten\Image3575.jpg,kaki,rotten,1,test,0.8963504,rotten,True,-3.0339646,-0.561553,-36.71327,-29.244812
C:\Users\antoc\FreshOrRotten\data\raw\Orange_Rotten\IMG20200728190010.jpg,orange,rotten,1,test,0.6803205,rotten,True,-1.631145,1.4432827,-10.143912,12.204674
C:\Users\antoc\FreshOrRotten\data\raw\Pomegranate_Rotten\IMG_20190829_072258_1.jpg,pomegranate,rotten,1,test,0.99533147,rotten,True,-7.0201545,5.6685066,-42.893993,19.55763
C:\Users\antoc\FreshOrRotten\data\raw\Apple_Fresh\freshApple (117)1.jpg,apple,fresh,0,test,0.25387162,fresh,True,0.55419403,-4.1771755,5.552843,-37.5909
C:\Users\antoc\FreshOrRotten\data\raw\Carrot_Rotten\rottenCarrot (365).jpg,carrot,rotten,1,test,0.9906337,rotten,True,-5.791136,3.506919,-30.114193,33.11634
C:\Users\antoc\FreshOrRotten\data\raw\Orange_Fresh\rotated_by_75_Screen Shot 2018-06-12 at 11.50.28 PM.jpg,orange,fresh,0,test,0.10593298,fresh,True,1.5054407,-4.272018,18.134605,-45.511803
C:\Users\antoc\FreshOrRotten\data\raw\Bellpepper_Rotten\WhatsApp Image 2020-11-07 at 11.35.37 PM(1).jpeg_0_6311.jpg,bellpepper,rotten,1,test,0.805011,rotten,True,-2.2321253,-0.51568323,-10.383557,2.7422366
C:\Users\antoc\FreshOrRotten\data\raw\Tomato_Fresh\Image71 (3).jpg,tomato,fresh,0,test,0.008170603,fresh,True,6.001019,-1.4064777,36.68245,-50.016953
C:\Users\antoc\FreshOrRotten\data\raw\Jujube_Fresh\FreshJujube (2).jpg,jujube,fresh,0,test,0.36964893,fresh,True,0.19151816,-3.725924,8.179378,-24.656513
C:\Users\antoc\FreshOrRotten\data\raw\Guava_Rotten\IMG_20190822_081524.jpg,guava,rotten,1,test,0.8561117,rotten,True,-2.66626,-2.9942424,-21.164036,-14.137113
C:\Users\antoc\FreshOrRotten\data\raw\Orange_Rotten\rotated_by_30_Screen Shot 2018-06-12 at 11.23.46 PM.jpg,orange,rotten,1,test,0.761099,rotten,True,-2.4484282,-2.1442652,-23.165108,-32.153015
C:\Users\antoc\FreshOrRotten\data\raw\Lime_Rotten\IMG_7439.JPG,lime,rotten,1,test,0.8058986,rotten,True,-1.8483621,-1.1920855,-14.933014,35.19924
C:\Users\antoc\FreshOrRotten\data\raw\Tomato_Rotten\Copy of IMG_20200801_191339.jpg_0_5745.jpg,tomato,rotten,1,test,0.21464431,fresh,False,1.2921109,-1.2041425,9.894861,-14.00316
C:\Users\antoc\FreshOrRotten\data\raw\Apple_Fresh\rotated_by_75_Screen Shot 2018-06-08 at 5.21.35 PM.jpg,apple,fresh,0,test,0.031794954,fresh,True,3.8291707,6.41103,14.476014,49.40987
C:\Users\antoc\FreshOrRotten\data\raw\Banana_Rotten\RottenBanana (173)!.jpg,banana,rotten,1,test,0.9993253,rotten,True,-9.134325,3.406424,-45.58657,24.247778
C:\Users\antoc\FreshOrRotten\data\raw\Banana_Fresh\freshBanana (24)1.jpg,banana,fresh,0,test,0.054965906,fresh,True,5.4356794,-1.1306934,47.85531,-14.130089
C:\Users\antoc\FreshOrRotten\data\raw\Pomegranate_Rotten\IMG_20190822_085455.jpg,pomegranate,rotten,1,test,0.8663245,rotten,True,-2.4959764,-0.96990687,-14.23554,34.461964
C:\Users\antoc\FreshOrRotten\data\raw\Pomegranate_Rotten\RottenPomegranate (149)!.jpg,pomegranate,rotten,1,test,0.27555627,fresh,False,1.1571472,0.1436314,-25.707075,-50.201065
C:\Users\antoc\FreshOrRotten\data\raw\Tomato_Fresh\freshTomato (253)1.jpg,tomato,fresh,0,test,0.40483037,fresh,True,-0.78191406,-4.1189685,-2.8693986,-40.155933
C:\Users\antoc\FreshOrRotten\data\raw\Banana_Rotten\RottenBanana (72)!.jpg,banana,rotten,1,test,0.9989472,rotten,True,-8.439689,3.5883427,-36.879047,32.39508
C:\Users\antoc\FreshOrRotten\data\raw\Banana_Fresh\rotated_by_30_Screen Shot 2018-06-12 at 9.39.33 PM.jpg,banana,fresh,0,test,0.057448633,fresh,True,3.3939033,1.1142318,11.412041,19.83244
C:\Users\antoc\FreshOrRotten\data\raw\Pomegranate_Rotten\IMG_20190822_085412_1.jpg,pomegranate,rotten,1,test,0.72345376,rotten,True,-1.6737552,-1.9724507,-12.84333,33.794113
C:\Users\antoc\FreshOrRotten\data\raw\Bellpepper_Rotten\Image305.jpg,bellpepper,rotten,1,test,0.92779106,rotten,True,-3.3943405,-1.2294503,-33.571686,-35.775543
C:\Users\antoc\FreshOrRotten\data\raw\Pomegranate_Fresh\20190820_154124.jpg,pomegranate,fresh,0,test,0.0029792816,fresh,True,6.50416,3.2365654,33.95875,30.423786
C:\Users\antoc\FreshOrRotten\data\raw\Orange_Rotten\IMG_20190824_174845.jpg,orange,rotten,1,test,0.69775623,rotten,True,-1.503617,-2.5099506,-10.094032,-27.542896
C:\Users\antoc\FreshOrRotten\data\raw\Carrot_Fresh\freshCarrot (169).jpg,carrot,fresh,0,test,0.42545816,fresh,True,0.0012899953,-2.8796577,-17.182463,-40.816715
C:\Users\antoc\FreshOrRotten\data\raw\Bellpepper_Rotten\WhatsApp Image 2020-11-07 at 11.43.16 PM.jpg_0_6850.jpg,bellpepper,rotten,1,test,0.93429303,rotten,True,-3.2875192,-0.70954514,-31.705381,-43.996452
C:\Users\antoc\FreshOrRotten\data\raw\Tomato_Rotten\Image2511.jpg,tomato,rotten,1,test,0.88899374,rotten,True,-3.144022,-2.130217,-34.130455,-24.235197
C:\Users\antoc\FreshOrRotten\data\raw\Carrot_Rotten\rottenCarrot (138).jpg,carrot,rotten,1,test,0.1848281,fresh,False,-1.2215018,-3.9171355,0.31793305,-48.84679
C:\Users\antoc\FreshOrRotten\data\raw\Orange_Rotten\RottenOrange (20)!.jpg,orange,rotten,1,test,0.3428691,fresh,False,-0.26419148,-3.8125045,-2.7730145,-37.163467
C:\Users\antoc\FreshOrRotten\data\raw\Apple_Fresh\rotated_by_15_Screen Shot 2018-06-08 at 5.16.57 PM.jpg,apple,fresh,0,test,0.004880966,fresh,True,6.1601095,8.747589,17.43013,53.878563
C:\Users\antoc\FreshOrRotten\data\raw\Banana_Rotten\Screen Shot 2018-06-12 at 9.01.32 PM.jpg,banana,rotten,1,test,0.8837053,rotten,True,-3.0151148,-1.4504268,-22.554268,7.851871
C:\Users\antoc\FreshOrRotten\data\raw\Pear_Fresh\Image43.jpg,pear,fresh,0,test,0.005607119,fresh,True,5.6401167,1.1901143,32.03968,12.570986
C:\Users\antoc\FreshOrRotten\data\raw\Banana_Fresh\IMG_9111.JPG,banana,fresh,0,test,0.43228117,fresh,True,0.050385877,-2.6756115,3.1278417,-10.860758
C:\Users\antoc\FreshOrRotten\data\raw\Bellpepper_Fresh\IMG_20200823_131808.jpg_0_3296.jpg,bellpepper,fresh,0,test,0.030023444,fresh,True,4.209932,-0.38024122,33.61336,5.025526
C:\Users\antoc\FreshOrRotten\data\raw\Bellpepper_Rotten\rottenPepper (564)1.jpg,bellpepper,rotten,1,test,0.06502953,fresh,False,6.4418654,-1.6769142,53.6528,-17.131006
C:\Users\antoc\FreshOrRotten\data\raw\Banana_Rotten\IMG20200730132843.jpg,banana,rotten,1,test,0.120646305,fresh,False,5.128133,-2.5331259,54.139645,-15.394988
C:\Users\antoc\FreshOrRotten\data\raw\Apple_Fresh\rotated_by_30_Screen Shot 2018-06-08 at 5.10.43 PM.jpg,apple,fresh,0,test,0.02213174,fresh,True,4.6827474,9.958504,16.399694,57.239727
C:\Users\antoc\FreshOrRotten\data\raw\Tomato_Rotten\DSCN4221.jpg_0_2090.jpg,tomato,rotten,1,test,0.3809791,fresh,False,0.4087308,9.207444,0.20448056,62.376064
C:\Users\antoc\FreshOrRotten\data\raw\Apple_Rotten\rotated_by_75_Screen Shot 2018-06-07 at 2.43.48 PM.jpg,apple,rotten,1,test,0.78256595,rotten,True,-1.8664119,-2.8844428,-21.330385,-21.583256
C:\Users\antoc\FreshOrRotten\data\raw\Banana_Fresh\IMG_8551.JPG,banana,fresh,0,test,0.03868624,fresh,True,3.5029507,-0.35664445,28.445988,2.385345
C:\Users\antoc\FreshOrRotten\data\raw\Orange_Rotten\rotated_by_60_Screen Shot 2018-06-12 at 11.45.47 PM.jpg,orange,rotten,1,test,0.8523297,rotten,True,-2.6064007,-3.01991,-22.322386,-20.527119
C:\Users\antoc\FreshOrRotten\data\raw\Tomato_Fresh\Image563.jpg,tomato,fresh,0,test,0.009772634,fresh,True,5.803799,-1.4250923,37.209755,-48.473007
C:\Users\antoc\FreshOrRotten\data\raw\Bellpepper_Fresh\freshPepper (397)1.jpg,bellpepper,fresh,0,test,0.016152214,fresh,True,4.8487806,-2.5989122,27.076172,-43.049355
C:\Users\antoc\FreshOrRotten\data\raw\Tomato_Fresh\IMG_20200725_095414.jpg_0_5298.jpg,tomato,fresh,0,test,0.37874317,fresh,True,0.30322194,-3.1705422,4.2770157,-19.07209
C:\Users\antoc\FreshOrRotten\data\raw\Pomegranate_Fresh\20190820_153548_25842.jpg,pomegranate,fresh,0,test,0.0021375,fresh,True,6.905273,3.4399896,34.88918,31.161854
C:\Users\antoc\FreshOrRotten\data\raw\Banana_Fresh\freshBanana (339)1.jpg,banana,fresh,0,test,0.5183185,rotten,False,-0.5955847,-3.304714,5.7254825,-29.46385
C:\Users\antoc\FreshOrRotten\data\raw\Tomato_Fresh\DSCN4113.jpg_0_3502.jpg,tomato,fresh,0,test,0.092612565,fresh,True,2.5748024,7.343894,3.2979965,63.462814
C:\Users\antoc\FreshOrRotten\data\raw\Pomegranate_Fresh\20190820_143630.jpg,pomegranate,fresh,0,test,0.021872569,fresh,True,4.336932,-1.4653442,41.490276,0.32840556
C:\Users\antoc\FreshOrRotten\data\raw\Mango_Rotten\rottenMango (96).jpg,mango,rotten,1,test,0.534024,rotten,True,-0.8129622,-2.9167356,-15.637056,1.1330992
C:\Users\antoc\FreshOrRotten\data\raw\Apple_Rotten\IMG_8215.JPG,apple,rotten,1,test,0.8859405,rotten,True,-3.1606412,-2.038724,-20.412159,-7.362097
C:\Users\antoc\FreshOrRotten\data\raw\Apple_Rotten\rotated_by_30_Screen Shot 2018-06-08 at 2.52.57 PM.jpg,apple,rotten,1,test,0.6883332,rotten,True,-1.1009065,-2.7944286,-20.342812,-22.389542
C:\Users\antoc\FreshOrRotten\data\raw\Pomegranate_Fresh\20190820_151401_24608.jpg,pomegranate,fresh,0,test,0.03022132,fresh,True,3.8630064,-1.565443,40.574165,-0.4683431
C:\Users\antoc\FreshOrRotten\data\raw\Apple_Fresh\IMG_9581.JPG,apple,fresh,0,test,0.17135769,fresh,True,2.7614002,-2.6955664,38.140675,-15.589932
C:\Users\antoc\FreshOrRotten\data\raw\Orange_Rotten\rottenOrange (389)1.jpg,orange,rotten,1,test,0.4780429,fresh,False,-0.38232282,-3.1757631,1.5932448,-17.801237
C:\Users\antoc\FreshOrRotten\data\raw\Orange_Fresh\saltandpepper_Screen Shot 2018-06-13 at 12.01.10 AM.jpg,orange,fresh,0,test,0.13532633,fresh,True,1.2559965,-4.117656,17.281542,-44.585117
C:\Users\antoc\FreshOrRotten\data\raw\Orange_Fresh\IMG_20190924_151105.jpg,orange,fresh,0,test,0.17566022,fresh,True,1.4238678,-2.9528606,20.974121,-18.05324
C:\Users\antoc\FreshOrRotten\data\raw\Cucumber_Rotten\rottenCucumber (230)1.jpg,cucumber,rotten,1,test,0.9903757,rotten,True,-5.8767242,2.0801654,-27.490242,36.685955
C:\Users\antoc\FreshOrRotten\data\raw\Mango_Rotten\rottenMango (270).jpg,mango,rotten,1,test,0.9747728,rotten,True,-5.555402,-1.4366993,-40.36113,-5.8780055
C:\Users\antoc\FreshOrRotten\data\raw\Kaki_Rotten\Image3957.jpg,kaki,rotten,1,test,0.95748746,rotten,True,-4.2260294,-1.0824326,-36.52429,-25.008379
C:\Users\antoc\FreshOrRotten\data\raw\Apple_Rotten\rottenApple (53)1.jpg,apple,rotten,1,test,0.7913162,rotten,True,-1.7514939,-1.6643742,-25.726868,-43.383503
C:\Users\antoc\FreshOrRotten\data\raw\Apple_Rotten\rottenApple (273)1.jpg,apple,rotten,1,test,0.71940625,rotten,True,-1.0088915,1.7778745,-28.526201,-48.991
C:\Users\antoc\FreshOrRotten\data\raw\Orange_Fresh\rotated_by_75_Screen Shot 2018-06-13 at 12.15.01 AM.jpg,orange,fresh,0,test,0.26813063,fresh,True,0.8274791,-3.9922352,12.877487,-38.18353
C:\Users\antoc\FreshOrRotten\data\raw\Peach_Rotten\Image4589.jpg,peach,rotten,1,test,0.9719882,rotten,True,-5.012975,-1.2935561,-31.401121,-5.283329
C:\Users\antoc\FreshOrRotten\data\raw\Pomegranate_Fresh\20190820_152804_25208.jpg,pomegranate,fresh,0,test,0.00266393,fresh,True,6.7478538,6.109362,33.067852,40.135254
C:\Users\antoc\FreshOrRotten\data\raw\Banana_Rotten\Image1121.jpg,banana,rotten,1,test,0.9990398,rotten,True,-8.84974,6.966359,-47.142063,27.925417
C:\Users\antoc\FreshOrRotten\data\raw\Pomegranate_Fresh\20190820_151447_24673.jpg,pomegranate,fresh,0,test,0.0249841,fresh,True,4.112153,-1.5487332,40.821266,-0.22843188
C:\Users\antoc\FreshOrRotten\data\raw\Banana_Fresh\freshBanana (431)1.jpg,banana,fresh,0,test,0.55411553,rotten,False,-0.6231529,-3.4269552,0.64809316,-19.937914
C:\Users\antoc\FreshOrRotten\data\raw\Orange_Fresh\freshOrange (233)1.jpg,orange,fresh,0,test,0.097191334,fresh,True,3.3246276,-2.4237223,39.036507,-15.904286
C:\Users\antoc\FreshOrRotten\data\raw\Bellpepper_Rotten\rottenPepper (372)1.jpg,bellpepper,rotten,1,test,0.6068531,rotten,True,-1.0370444,-3.812819,-5.2411857,-22.547506
C:\Users\antoc\FreshOrRotten\data\raw\Mango_Fresh\freshMango (120).jpg,mango,fresh,0,test,0.058034357,fresh,True,4.483939,-1.6049238,46.14782,-14.818548
C:\Users\antoc\FreshOrRotten\data\raw\Cucumber_Rotten\rottenCucumber (126)1.jpg,cucumber,rotten,1,test,0.98780185,rotten,True,-5.57685,1.7483994,-27.79641,36.940662
C:\Users\antoc\FreshOrRotten\data\raw\Bellpepper_Rotten\rottenPepper (107)1.jpg,bellpepper,rotten,1,test,0.0654054,fresh,False,2.9691498,0.7885816,4.420504,36.8892
C:\Users\antoc\FreshOrRotten\data\raw\Peach_Rotten\Image4177.jpg,peach,rotten,1,test,0.5151617,rotten,True,-0.4460201,-2.1526942,-9.430452,-6.0748506
C:\Users\antoc\FreshOrRotten\data\raw\Pomegranate_Fresh\20190820_154746.jpg,pomegranate,fresh,0,test,0.0012768643,fresh,True,7.4714622,3.8459783,37.12971,33.313843
C:\Users\antoc\FreshOrRotten\data\raw\Tomato_Fresh\DSCN4142.jpg_0_7951.jpg,tomato,fresh,0,test,0.1849832,fresh,True,1.4423591,7.881624,0.20009567,60.229507
C:\Users\antoc\FreshOrRotten\data\raw\Orange_Fresh\IMG_1928.JPG,orange,fresh,0,test,0.3537328,fresh,True,0.10671082,-4.0237164,3.9817605,-32.875267
C:\Users\antoc\FreshOrRotten\data\raw\Apple_Rotten\translation_Screen Shot 2018-06-08 at 2.31.16 PM.jpg,apple,rotten,1,test,0.510354,rotten,True,0.09207622,-3.4170668,2.069284,-13.754435
C:\Users\antoc\FreshOrRotten\data\raw\Strawberry_Fresh\freshStrawberry (170)1.jpg,strawberry,fresh,0,test,0.05222569,fresh,True,2.8751442,0.5267249,21.16407,13.476511
C:\Users\antoc\FreshOrRotten\data\raw\Potato_Fresh\freshPotato (103).jpg,potato,fresh,0,test,0.1954424,fresh,True,1.2650791,-1.1607101,6.480297,0.2833382
C:\Users\antoc\FreshOrRotten\data\raw\Carrot_Fresh\freshCarrot (465).jpg,carrot,fresh,0,test,0.8941702,rotten,False,-3.0064037,-0.82463413,-19.776402,25.607136
C:\Users\antoc\FreshOrRotten\data\raw\Banana_Rotten\rottenBanana (232)1.jpg,banana,rotten,1,test,0.9311201,rotten,True,-3.7033002,-1.6667278,-26.602642,1.7722684
C:\Users\antoc\FreshOrRotten\data\raw\Lime_Fresh\IMG_20190902_104159_1.jpg,lime,fresh,0,test,0.011947885,fresh,True,4.778096,1.1147866,28.942455,14.7716675
C:\Users\antoc\FreshOrRotten\data\raw\Peach_Fresh\Image321.jpg,peach,fresh,0,test,0.06785239,fresh,True,3.1473262,-2.5333717,32.740974,-38.898315
C:\Users\antoc\FreshOrRotten\data\raw\Peach_Rotten\Image4997.jpg,peach,rotten,1,test,0.90577376,rotten,True,-3.343883,-1.5040925,-29.158945,-4.72939
C:\Users\antoc\FreshOrRotten\data\raw\Pomegranate_Fresh\20190820_150050_23916.jpg,pomegranate,fresh,0,test,0.0014310585,fresh,True,7.360428,5.305459,36.309666,37.983524
C:\Users\antoc\FreshOrRotten\data\raw\Banana_Rotten\rotated_by_75_Screen Shot 2018-06-12 at 9.06.21 PM.jpg,banana,rotten,1,test,0.99799734,rotten,True,-7.813627,1.4911889,-43.776146,1.6141685
C:\Users\antoc\FreshOrRotten\data\raw\Grape_Rotten\Image1795.jpg,grape,rotten,1,test,0.997607,rotten,True,-8.985893,1.6565762,-65.63077,5.993624
C:\Users\antoc\FreshOrRotten\data\raw\Bellpepper_Rotten\Image377.jpg,bellpepper,rotten,1,test,0.9359928,rotten,True,-3.5251062,-1.0194354,-33.840393,-36.5003
C:\Users\antoc\FreshOrRotten\data\raw\Banana_Rotten\Image673.jpg,banana,rotten,1,test,0.99932754,rotten,True,-9.112127,3.6249125,-42.977936,26.955519
C:\Users\antoc\FreshOrRotten\data\raw\Orange_Fresh\IMG_2535.JPG,orange,fresh,0,test,0.0833143,fresh,True,6.6307077,-1.3612344,51.405308,-19.495356
C:\Users\antoc\FreshOrRotten\data\raw\Pomegranate_Rotten\IMG_20190824_181401_1.jpg,pomegranate,rotten,1,test,0.82320285,rotten,True,-1.9929483,-1.1788918,-14.775855,33.8561
C:\Users\antoc\FreshOrRotten\data\raw\Apple_Rotten\IMG_20190910_172047.jpg,apple,rotten,1,test,0.98124045,rotten,True,-4.461872,4.633666,-21.190527,44.40386
C:\Users\antoc\FreshOrRotten\data\raw\Orange_Fresh\rotated_by_30_Screen Shot 2018-06-12 at 11.50.33 PM.jpg,orange,fresh,0,test,0.12620048,fresh,True,1.5931702,-4.116781,19.159449,-44.85963
C:\Users\antoc\FreshOrRotten\data\raw\Watermelon_Rotten\Image489.jpg,watermelon,rotten,1,test,0.8573923,rotten,True,-2.7038598,-2.942089,-20.489132,-14.012843
C:\Users\antoc\FreshOrRotten\data\raw\Bellpepper_Rotten\rottenPepper (204)1.jpg,bellpepper,rotten,1,test,0.7196363,rotten,True,-1.2954712,-1.4994649,-22.6133,-44.66371
C:\Users\antoc\FreshOrRotten\data\raw\Orange_Rotten\rotated_by_15_Screen Shot 2018-06-12 at 11.41.26 PM.jpg,orange,rotten,1,test,0.67217904,rotten,True,-2.2922893,-3.5045729,-28.403296,-18.16868
C:\Users\antoc\FreshOrRotten\data\raw\Tomato_Rotten\Image247 (2).jpg,tomato,rotten,1,test,0.99657285,rotten,True,-6.9817104,2.4271452,-35.42243,27.708252
C:\Users\antoc\FreshOrRotten\data\raw\Pomegranate_Fresh\20190820_153701.jpg,pomegranate,fresh,0,test,0.003902307,fresh,True,6.2109127,2.4516082,33.05908,28.757784
C:\Users\antoc\FreshOrRotten\data\raw\Strawberry_Rotten\rottenStrawberry (463)1.jpg,strawberry,rotten,1,test,0.77247864,rotten,True,-2.1001136,-2.8504844,-11.366146,-17.005281
C:\Users\antoc\FreshOrRotten\data\raw\Apple_Rotten\rotated_by_75_Screen Shot 2018-06-08 at 2.42.22 PM.jpg,apple,rotten,1,test,0.9987596,rotten,True,-8.581929,2.675743,-55.074886,3.075393
C:\Users\antoc\FreshOrRotten\data\raw\Carrot_Rotten\rottenCarrot (205).jpg,carrot,rotten,1,test,0.78585196,rotten,True,-2.1686327,-3.2394147,-12.707822,-18.86108
C:\Users\antoc\FreshOrRotten\data\raw\Pomegranate_Fresh\20190820_151404_24617.jpg,pomegranate,fresh,0,test,0.005770868,fresh,True,5.903305,0.955942,38.70889,10.694051
C:\Users\antoc\FreshOrRotten\data\raw\Apple_Fresh\freshApple (53)1.jpg,apple,fresh,0,test,0.076416045,fresh,True,2.5451524,-1.816421,23.587595,-8.742631
C:\Users\antoc\FreshOrRotten\data\raw\Bellpepper_Fresh\capsicum3_7.jpg_0_2922.jpg,bellpepper,fresh,0,test,0.117246576,fresh,True,1.9383528,2.0661688,7.9670534,15.501621
C:\Users\antoc\FreshOrRotten\data\raw\Strawberry_Rotten\rottenStrawberry (144)1.jpg,strawberry,rotten,1,test,0.94440037,rotten,True,-3.969254,1.641879,-19.0438,18.38176
C:\Users\antoc\FreshOrRotten\data\raw\Apple_Rotten\rotated_by_60_Screen Shot 2018-06-07 at 2.38.49 PM.jpg,apple,rotten,1,test,0.9918682,rotten,True,-6.08721,1.0052464,-50.602818,4.222336
C:\Users\antoc\FreshOrRotten\data\raw\Bellpepper_Rotten\WhatsApp Image 2020-11-07 at 11.35.37 PM(1).jpeg_0_5878.jpg,bellpepper,rotten,1,test,0.8029047,rotten,True,-2.1916203,0.18322128,-10.692427,2.6880102
C:\Users\antoc\FreshOrRotten\data\raw\Banana_Rotten\saltandpepper_Screen Shot 2018-06-12 at 9.03.17 PM.jpg,banana,rotten,1,test,0.9826606,rotten,True,-5.5595274,-0.041877035,-37.623898,2.840751
C:\Users\antoc\FreshOrRotten\data\raw\Lime_Rotten\IMG_7556.JPG,lime,rotten,1,test,0.6935057,rotten,True,-1.6504421,-3.3364854,-10.121489,-22.032652
C:\Users\antoc\FreshOrRotten\data\raw\Lime_Fresh\IMG_20190902_103948_1.jpg,lime,fresh,0,test,0.0080533745,fresh,True,5.2785563,1.4553515,30.236357,15.648818
C:\Users\antoc\FreshOrRotten\data\raw\Guava_Rotten\IMG_20190822_080857.jpg,guava,rotten,1,test,0.87928176,rotten,True,-3.056019,-1.9888992,-24.554546,-9.773417
C:\Users\antoc\FreshOrRotten\data\raw\Banana_Rotten\rotated_by_75_Screen Shot 2018-06-12 at 9.25.18 PM.jpg,banana,rotten,1,test,0.91304624,rotten,True,-3.3655815,8.379546,-48.991776,13.83322
C:\Users\antoc\FreshOrRotten\data\raw\Orange_Rotten\Screen Shot 2018-06-12 at 11.18.46 PM.jpg,orange,rotten,1,test,0.23892653,fresh,False,0.047862887,-4.205595,1.1195215,-42.24866
C:\Users\antoc\FreshOrRotten\data\raw\Cucumber_Rotten\rottenCucumber (41)1.jpg,cucumber,rotten,1,test,0.9933242,rotten,True,-6.429433,2.2584345,-28.597782,36.480297
C:\Users\antoc\FreshOrRotten\data\raw\Banana_Rotten\rottenBanana (170)1.jpg,banana,rotten,1,test,0.9994715,rotten,True,-9.57906,3.5013976,-55.28798,10.898531
C:\Users\antoc\FreshOrRotten\data\raw\Banana_Rotten\saltandpepper_Screen Shot 2018-06-12 at 9.19.12 PM.jpg,banana,rotten,1,test,0.7629664,rotten,True,-2.3390284,-2.5486271,-22.562302,-1.2981657
C:\Users\antoc\FreshOrRotten\data\raw\Strawberry_Fresh\freshStrawberry (444)1.jpg,strawberry,fresh,0,test,0.57211334,rotten,False,-0.8983709,-3.8149385,-3.2035115,-24.93317
C:\Users\antoc\FreshOrRotten\data\raw\Guava_Rotten\RottenGuava (114).jpg,guava,rotten,1,test,0.99215454,rotten,True,-6.819334,0.1634394,-41.943882,-0.6273506
C:\Users\antoc\FreshOrRotten\data\raw\Orange_Rotten\IMG_20190923_175414_1.jpg,orange,rotten,1,test,0.7073162,rotten,True,-1.5213039,-2.2417812,-13.813417,-6.4948225
C:\Users\antoc\FreshOrRotten\data\raw\Pomegranate_Fresh\20190820_153908_26175.jpg,pomegranate,fresh,0,test,0.011389895,fresh,True,4.8374505,1.5663458,25.762552,16.873188
C:\Users\antoc\FreshOrRotten\data\raw\Apple_Rotten\rotated_by_15_Screen Shot 2018-06-08 at 2.28.07 PM.jpg,apple,rotten,1,test,0.95585704,rotten,True,-4.1386294,-0.7646825,-49.761562,0.7469287
C:\Users\antoc\FreshOrRotten\data\raw\Banana_Fresh\Screen Shot 2018-06-12 at 9.52.06 PM.jpg,banana,fresh,0,test,0.053167272,fresh,True,3.1320286,-0.5864475,10.850866,3.5492663
C:\Users\antoc\FreshOrRotten\data\raw\Tomato_Rotten\Image691.jpg,tomato,rotten,1,test,0.99930716,rotten,True,-9.019665,3.957044,-40.60963,30.601418
C:\Users\antoc\FreshOrRotten\data\raw\Orange_Fresh\saltandpepper_Screen Shot 2018-06-12 at 11.50.14 PM.jpg,orange,fresh,0,test,0.10418658,fresh,True,1.6233525,-4.142801,17.88805,-44.807228
C:\Users\antoc\FreshOrRotten\data\raw\Apple_Fresh\FreshApple (71)_!.jpg,apple,fresh,0,test,0.36762115,fresh,True,-0.011434583,-4.0123873,3.8483348,-33.406284
C:\Users\antoc\FreshOrRotten\data\raw\Strawberry_Fresh\freshStrawberry (30)1.jpg,strawberry,fresh,0,test,0.32968965,fresh,True,0.3877398,-4.2801304,4.3660216,-35.129597
C:\Users\antoc\FreshOrRotten\data\raw\Pomegranate_Fresh\IMG20200728125509_27017.jpg,pomegranate,fresh,0,test,0.0106225405,fresh,True,14.0216255,0.7744812,57.048088,-21.698418
C:\Users\antoc\FreshOrRotten\data\raw\Banana_Fresh\rotated_by_15_Screen Shot 2018-06-12 at 9.38.51 PM.jpg,banana,fresh,0,test,0.017869616,fresh,True,4.4281554,2.5561047,8.620573,21.979057
C:\Users\antoc\FreshOrRotten\data\raw\Apple_Fresh\rotated_by_45_Screen Shot 2018-06-08 at 5.25.37 PM.jpg,apple,fresh,0,test,0.35381037,fresh,True,0.60701627,-0.91381377,2.9338887,-4.704644
C:\Users\antoc\FreshOrRotten\data\raw\Pomegranate_Fresh\20190820_153410.jpg,pomegranate,fresh,0,test,0.001756809,fresh,True,7.2620983,5.3332214,35.03396,37.586792
C:\Users\antoc\FreshOrRotten\data\raw\Pomegranate_Rotten\IMG_20190822_085043_1.jpg,pomegranate,rotten,1,test,0.8707437,rotten,True,-2.9569502,-1.7899842,-25.240387,2.441986
C:\Users\antoc\FreshOrRotten\data\raw\Kaki_Fresh\Image915.jpg,kaki,fresh,0,test,0.06804924,fresh,True,2.756485,5.3848085,11.889157,48.136555
C:\Users\antoc\FreshOrRotten\data\raw\Guava_Fresh\IMG_8165.JPG,guava,fresh,0,test,0.14055042,fresh,True,4.5815773,-2.469891,56.68192,-9.822168
C:\Users\antoc\FreshOrRotten\data\raw\Tomato_Fresh\Image133.jpg,tomato,fresh,0,test,0.05857458,fresh,True,3.1647048,2.728743,15.005358,40.961308
C:\Users\antoc\FreshOrRotten\data\raw\Apple_Rotten\saltandpepper_Screen Shot 2018-06-07 at 2.25.26 PM.jpg,apple,rotten,1,test,0.5426973,rotten,True,-0.75749016,-3.8274271,-1.3563343,-25.28435
C:\Users\antoc\FreshOrRotten\data\raw\Mango_Rotten\rottenMango (495).jpg,mango,rotten,1,test,0.96249753,rotten,True,-4.214096,-0.37544188,-23.549696,25.413712
C:\Users\antoc\FreshOrRotten\data\raw\Potato_Rotten\rottenPotato (141).jpg,potato,rotten,1,test,0.09531815,fresh,False,2.2314644,-1.0012496,23.427896,-4.8652105
C:\Users\antoc\FreshOrRotten\data\raw\Bellpepper_Rotten\WhatsApp Image 2020-11-07 at 11.30.46 PM.jpg_0_2666.jpg,bellpepper,rotten,1,test,0.28430173,fresh,False,0.8613098,-1.6042414,5.57923,-7.586495
C:\Users\antoc\FreshOrRotten\data\raw\Pomegranate_Fresh\IMG20200728181945_01_27356.jpg,pomegranate,fresh,0,test,0.054627378,fresh,True,2.7007525,1.1777536,21.374437,2.2310898
C:\Users\antoc\FreshOrRotten\data\raw\Tomato_Rotten\Copy of IMG_20200729_164219.jpg_0_4982.jpg,tomato,rotten,1,test,0.6816852,rotten,True,-1.3775804,-2.3213577,-22.23255,-42.368168
C:\Users\antoc\FreshOrRotten\data\raw\Carrot_Rotten\rottenCarrot (181).jpg,carrot,rotten,1,test,0.9576883,rotten,True,-5.4092884,-1.1935673,-30.151443,-16.851746
C:\Users\antoc\FreshOrRotten\data\raw\Banana_Fresh\rotated_by_30_Screen Shot 2018-06-12 at 9.55.27 PM.jpg,banana,fresh,0,test,0.54091305,rotten,False,-0.21227169,-1.5223914,2.0851085,-5.399085
C:\Users\antoc\FreshOrRotten\data\raw\Tomato_Rotten\Copy of IMG_20200729_164231.jpg_0_468.jpg,tomato,rotten,1,test,0.9238079,rotten,True,-3.2399325,-1.0008,-31.225353,-40.058887
C:\Users\antoc\FreshOrRotten\data\raw\Pomegranate_Rotten\IMG_20190829_072129_1.jpg,pomegranate,rotten,1,test,0.9017895,rotten,True,-2.658319,3.32442,-22.33957,42.621094
C:\Users\antoc\FreshOrRotten\data\raw\Peach_Rotten\Image5003.jpg,peach,rotten,1,test,0.90690446,rotten,True,-3.3592353,-1.5339141,-29.157814,-4.74492
C:\Users\antoc\FreshOrRotten\data\raw\Grape_Fresh\Image387.jpg,grape,fresh,0,test,0.09623449,fresh,True,0.36158833,-4.7399383,1.7507752,-47.874626
C:\Users\antoc\FreshOrRotten\data\raw\Orange_Rotten\IMG20200728190016.jpg,orange,rotten,1,test,0.6058315,rotten,True,-1.1788008,0.807469,-10.074088,12.235767
C:\Users\antoc\FreshOrRotten\data\raw\Banana_Fresh\Image39.jpg,banana,fresh,0,test,0.054018244,fresh,True,3.0690064,1.6498218,5.2205424,36.821587
C:\Users\antoc\FreshOrRotten\data\raw\Pomegranate_Fresh\20190820_153455.jpg,pomegranate,fresh,0,test,0.0017222089,fresh,True,7.194545,4.5057526,35.454693,36.106888
C:\Users\antoc\FreshOrRotten\data\raw\Tomato_Rotten\Copy of IMG_20200802_134642.jpg_0_3268.jpg,tomato,rotten,1,test,0.59637207,rotten,True,-0.788196,-2.8642209,-19.111895,-39.184322
C:\Users\antoc\FreshOrRotten\data\raw\Tomato_Fresh\Image341.jpg,tomato,fresh,0,test,0.00885586,fresh,True,5.904484,-1.438792,36.715874,-48.77841
C:\Users\antoc\FreshOrRotten\data\raw\Pomegranate_Fresh\20190820_154639_26710.jpg,pomegranate,fresh,0,test,0.0008078207,fresh,True,8.068288,4.9740434,38.098335,36.205753
C:\Users\antoc\FreshOrRotten\data\raw\Pomegranate_Fresh\IMG20200728125045_26906.jpg,pomegranate,fresh,0,test,0.035841532,fresh,True,12.2574415,-0.96096253,56.669704,-21.508999
C:\Users\antoc\FreshOrRotten\data\raw\Orange_Fresh\rotated_by_75_Screen Shot 2018-06-12 at 11.56.48 PM.jpg,orange,fresh,0,test,0.095097266,fresh,True,2.6069345,-3.1353521,22.741161,-41.96035
C:\Users\antoc\FreshOrRotten\data\raw\Potato_Rotten\rottenPotato (290).jpg,potato,rotten,1,test,0.5999371,rotten,True,-1.2111385,-3.702055,-6.754205,-22.89549
C:\Users\antoc\FreshOrRotten\data\raw\Orange_Fresh\IMG_20190924_153618.jpg,orange,fresh,0,test,0.12680952,fresh,True,1.9526912,-2.6685529,22.372303,-16.878952
C:\Users\antoc\FreshOrRotten\data\raw\Apple_Fresh\rotated_by_45_Screen Shot 2018-06-08 at 5.33.18 PM.jpg,apple,fresh,0,test,0.5655209,rotten,False,-0.6363824,-2.8811579,-18.382423,-38.977108
C:\Users\antoc\FreshOrRotten\data\raw\Tomato_Rotten\Copy of IMG_20200727_223202.jpg_0_8912.jpg,tomato,rotten,1,test,0.9465147,rotten,True,-3.4520257,-0.48826236,-32.05244,-45.17848
C:\Users\antoc\FreshOrRotten\data\raw\Banana_Rotten\rottenBanana (378)1.jpg,banana,rotten,1,test,0.985713,rotten,True,-5.874961,0.41751394,-37.99416,4.079337
C:\Users\antoc\FreshOrRotten\data\raw\Watermelon_Rotten\Image479.jpg,watermelon,rotten,1,test,0.8629906,rotten,True,-2.7717407,-2.9052167,-20.606321,-13.835429
C:\Users\antoc\FreshOrRotten\data\raw\Lime_Fresh\IMG_20190902_104254.jpg,lime,fresh,0,test,0.03885601,fresh,True,4.3050013,-1.280055,43.240757,-10.829125
C:\Users\antoc\FreshOrRotten\data\raw\Apple_Rotten\rottenApple (276)1.jpg,apple,rotten,1,test,0.88978326,rotten,True,-2.8757877,-1.321717,-25.988375,-34.22302
C:\Users\antoc\FreshOrRotten\data\raw\Bellpepper_Rotten\rottenPepper (268)1.jpg,bellpepper,rotten,1,test,0.14549622,fresh,False,1.8644853,1.9257123,15.217434,40.183964
C:\Users\antoc\FreshOrRotten\data\raw\Apple_Rotten\IMG_20190910_172336.jpg,apple,rotten,1,test,0.95894694,rotten,True,-3.930342,0.5354757,-21.789253,30.228754
C:\Users\antoc\FreshOrRotten\data\raw\Banana_Fresh\FreshBanana (21)_1.jpg,banana,fresh,0,test,0.061164226,fresh,True,3.3229315,-2.1919942,30.538387,-37.643845
C:\Users\antoc\FreshOrRotten\data\raw\Kaki_Fresh\Image939.jpg,kaki,fresh,0,test,0.07354516,fresh,True,2.6530502,5.3037405,11.697776,48.660603
C:\Users\antoc\FreshOrRotten\data\raw\Pear_Rotten\Image169.jpg,pear,rotten,1,test,0.97377926,rotten,True,-5.2364087,3.6348672,-42.638157,13.11796
C:\Users\antoc\FreshOrRotten\data\raw\Apple_Fresh\20190809_120511.jpg,apple,fresh,0,test,0.031346075,fresh,True,3.5159075,1.6495054,15.272787,14.075799
C:\Users\antoc\FreshOrRotten\data\raw\Carrot_Rotten\rottenCarrot (14).jpg,carrot,rotten,1,test,0.9998449,rotten,True,-11.678675,4.1405625,-59.375446,9.188343
C:\Users\antoc\FreshOrRotten\data\raw\Apple_Rotten\rottenApple (542)1.jpg,apple,rotten,1,test,0.062468447,fresh,False,2.7376711,0.5232057,5.6411133,7.8384595
C:\Users\antoc\FreshOrRotten\data\raw\Apple_Rotten\IMG_20190824_175750.jpg,apple,rotten,1,test,0.3623274,fresh,False,-0.10517123,-4.0738983,1.410741,-34.389103
C:\Users\antoc\FreshOrRotten\data\raw\Banana_Rotten\rotated_by_60_Screen Shot 2018-06-12 at 9.12.11 PM.jpg,banana,rotten,1,test,0.97552466,rotten,True,-4.9068274,4.235703,-48.124294,11.278863
C:\Users\antoc\FreshOrRotten\data\raw\Guava_Fresh\IMG_8679.JPG,guava,fresh,0,test,0.01613914,fresh,True,4.4171915,0.43394786,32.58562,9.341097
C:\Users\antoc\FreshOrRotten\data\raw\Pomegranate_Fresh\IMG20200728125504_27010.jpg,pomegranate,fresh,0,test,0.05398889,fresh,True,8.458732,-2.1808317,54.932674,-20.862503
C:\Users\antoc\FreshOrRotten\data\raw\Pomegranate_Fresh\20190820_153450_25809.jpg,pomegranate,fresh,0,test,0.0011016694,fresh,True,7.6805983,5.4248557,36.970512,37.884666
C:\Users\antoc\FreshOrRotten\data\raw\Pomegranate_Fresh\20190820_150331_24095.jpg,pomegranate,fresh,0,test,0.045868207,fresh,True,2.957158,2.3781543,21.015978,18.968739
C:\Users\antoc\FreshOrRotten\data\raw\Grape_Fresh\Image291.jpg,grape,fresh,0,test,0.09367525,fresh,True,0.49591818,-4.739338,1.7745495,-47.15514
C:\Users\antoc\FreshOrRotten\data\raw\Banana_Fresh\rotated_by_30_Screen Shot 2018-06-12 at 9.57.02 PM.jpg,banana,fresh,0,test,0.067375146,fresh,True,2.9192762,1.3771865,8.752774,19.60785
C:\Users\antoc\FreshOrRotten\data\raw\Guava_Fresh\IMG_8429.JPG,guava,fresh,0,test,0.03586441,fresh,True,3.4514174,0.5841209,17.833822,13.873354
C:\Users\antoc\FreshOrRotten\data\raw\Banana_Fresh\IMG_9054.JPG,banana,fresh,0,test,0.13149168,fresh,True,1.9828726,-0.87919235,9.141778,0.112372555
C:\Users\antoc\FreshOrRotten\data\raw\Mango_Fresh\freshMango (163).jpg,mango,fresh,0,test,0.012979515,fresh,True,4.7299156,1.0925912,26.45685,15.244226
C:\Users\antoc\FreshOrRotten\data\raw\Apple_Rotten\IMG_20190910_172753.jpg,apple,rotten,1,test,0.97954,rotten,True,-4.508132,1.4524808,-22.869139,36.839764
C:\Users\antoc\FreshOrRotten\data\raw\Banana_Rotten\rottenBanana (272)1.jpg,banana,rotten,1,test,0.9984669,rotten,True,-8.425804,2.3786845,-44.47497,22.969921
C:\Users\antoc\FreshOrRotten\data\raw\Pomegranate_Fresh\20190820_154735_26787.jpg,pomegranate,fresh,0,test,0.005366311,fresh,True,5.8749933,2.1882257,32.210167,22.610691
C:\Users\antoc\FreshOrRotten\data\raw\Bellpepper_Rotten\Image2077.jpg,bellpepper,rotten,1,test,0.9973652,rotten,True,-7.4578466,2.3510692,-34.473633,24.869312
C:\Users\antoc\FreshOrRotten\data\raw\Pomegranate_Fresh\20190820_154236_26431.jpg,pomegranate,fresh,0,test,0.051538315,fresh,True,2.8894188,1.3844266,20.884357,17.525545
C:\Users\antoc\FreshOrRotten\data\raw\Tomato_Rotten\Image2991.jpg,tomato,rotten,1,test,0.9962871,rotten,True,-7.6194687,0.28690314,-44.60243,-9.27188
C:\Users\antoc\FreshOrRotten\data\raw\Bellpepper_Rotten\WhatsApp Image 2020-11-07 at 11.43.17 PM.jpg_0_2039.jpg,bellpepper,rotten,1,test,0.9385162,rotten,True,-3.7369335,-0.9227302,-35.70764,-30.177095
C:\Users\antoc\FreshOrRotten\data\raw\Tomato_Rotten\Copy of IMG_20200729_164157.jpg_0_3109.jpg,tomato,rotten,1,test,0.7595137,rotten,True,-1.5438414,-1.9422717,-24.04342,-43.51051
C:\Users\antoc\FreshOrRotten\data\raw\Lime_Fresh\IMG_20190902_111231.jpg,lime,fresh,0,test,0.03993046,fresh,True,3.4613683,-1.5294752,33.828636,-5.9268208
C:\Users\antoc\FreshOrRotten\data\raw\Apple_Fresh\rotated_by_15_Screen Shot 2018-06-08 at 5.02.48 PM.jpg,apple,fresh,0,test,0.055271275,fresh,True,3.876366,-1.0991697,41.431316,-9.069415
C:\Users\antoc\FreshOrRotten\data\raw\Grape_Rotten\Image1811.jpg,grape,rotten,1,test,0.99720395,rotten,True,-8.783057,1.5450222,-65.829315,5.8624706
C:\Users\antoc\FreshOrRotten\data\raw\Watermelon_Rotten\Image427.jpg,watermelon,rotten,1,test,0.8118309,rotten,True,-2.3396425,-3.1467733,-19.677155,-15.610001
C:\Users\antoc\FreshOrRotten\data\raw\Tomato_Fresh\Image361.jpg,tomato,fresh,0,test,0.008738588,fresh,True,5.9263115,-1.4213195,36.579216,-48.849514
C:\Users\antoc\FreshOrRotten\data\raw\Pomegranate_Fresh\20190820_153052_25428.jpg,pomegranate,fresh,0,test,0.009631923,fresh,True,5.0790863,1.653753,26.861683,29.86914
C:\Users\antoc\FreshOrRotten\data\raw\Apple_Rotten\translation_Screen Shot 2018-06-07 at 2.46.43 PM.jpg,apple,rotten,1,test,0.14231052,fresh,False,2.007658,0.20349503,3.4430585,-3.0176308
C:\Users\antoc\FreshOrRotten\data\raw\Grapes_Rotten\RottenGrape (114).jpg,grapes,rotten,1,test,0.7004351,rotten,True,-1.5295117,-3.2179375,-8.869623,-17.871641
C:\Users\antoc\FreshOrRotten\data\raw\Peach_Rotten\Image4949.jpg,peach,rotten,1,test,0.9231407,rotten,True,-3.6400795,-1.3992176,-29.460411,-4.617043
C:\Users\antoc\FreshOrRotten\data\raw\Apple_Fresh\translation_Screen Shot 2018-06-08 at 5.07.52 PM.jpg,apple,fresh,0,test,0.017830325,fresh,True,4.51229,5.521023,15.924857,49.90202
C:\Users\antoc\FreshOrRotten\data\raw\Pomegranate_Rotten\IMG_20190822_084510.jpg,pomegranate,rotten,1,test,0.9599673,rotten,True,-4.03744,0.08747274,-22.150475,29.475836
C:\Users\antoc\FreshOrRotten\data\raw\Apple_Fresh\saltandpepper_Screen Shot 2018-06-08 at 5.28.15 PM.jpg,apple,fresh,0,test,0.26530942,fresh,True,0.9267872,-1.0312245,14.693622,-28.876728
C:\Users\antoc\FreshOrRotten\data\raw\Tomato_Rotten\DSCN4209.jpg_0_1578.jpg,tomato,rotten,1,test,0.7287156,rotten,True,-1.4579737,1.9327774,5.1130605,50.870792
C:\Users\antoc\FreshOrRotten\data\raw\Lime_Rotten\IMG_7310.JPG,lime,rotten,1,test,0.19408694,fresh,False,1.5029116,-0.8534022,17.662638,-6.800226
C:\Users\antoc\FreshOrRotten\data\raw\Jujube_Fresh\FreshJujube (127).jpg,jujube,fresh,0,test,0.083367504,fresh,True,2.2996268,1.0684758,1.052702,11.796299
C:\Users\antoc\FreshOrRotten\data\raw\Orange_Fresh\IMG20200728190424_01.jpg,orange,fresh,0,test,0.10664289,fresh,True,4.2151785,0.16654763,18.120115,3.8816729
C:\Users\antoc\FreshOrRotten\data\raw\Apple_Fresh\rotated_by_30_Screen Shot 2018-06-08 at 5.23.26 PM.jpg,apple,fresh,0,test,0.021653164,fresh,True,4.4932804,0.8667742,13.089883,23.118689
C:\Users\antoc\FreshOrRotten\data\raw\Bellpepper_Fresh\IMG_20200823_131808.jpg_0_6980.jpg,bellpepper,fresh,0,test,0.019049523,fresh,True,4.4642963,-0.76609385,34.648323,-2.2052534
C:\Users\antoc\FreshOrRotten\data\raw\Apple_Fresh\FreshApple (67)_!.jpg,apple,fresh,0,test,0.37556025,fresh,True,-0.22180074,-3.5385482,-10.596631,-39.202213
C:\Users\antoc\FreshOrRotten\data\raw\Apple_Rotten\IMG_20190910_171734.jpg,apple,rotten,1,test,0.9776625,rotten,True,-4.519316,2.592294,-23.964052,35.834522
C:\Users\antoc\FreshOrRotten\data\raw\Apple_Fresh\IMG20200728181123.jpg,apple,fresh,0,test,0.112539716,fresh,True,3.0122352,-0.76039803,19.109404,1.6459982
C:\Users\antoc\FreshOrRotten\data\raw\Orange_Fresh\IMG_20190924_152743.jpg,orange,fresh,0,test,0.20607479,fresh,True,1.3216228,-3.369943,16.992357,-22.807863
C:\Users\antoc\FreshOrRotten\data\raw\Banana_Fresh\IMG20200730132211_01.jpg,banana,fresh,0,test,0.15503645,fresh,True,2.7818174,-3.171043,35.239346,-18.772366
C:\Users\antoc\FreshOrRotten\data\raw\Apple_Fresh\freshApple (385)1.jpg,apple,fresh,0,test,0.038113847,fresh,True,3.9093208,-0.90415156,35.65292,3.2870471
C:\Users\antoc\FreshOrRotten\data\raw\Apple_Fresh\freshApple (238)1.jpg,apple,fresh,0,test,0.039827377,fresh,True,3.7146134,-0.55223465,33.407646,2.0034013
C:\Users\antoc\FreshOrRotten\data\raw\Banana_Rotten\IMG_20190910_175849_2.jpg,banana,rotten,1,test,0.9958294,rotten,True,-7.300994,1.1665047,-39.285572,6.9692936
C:\Users\antoc\FreshOrRotten\data\raw\Pomegranate_Fresh\IMG20200728125044_26900.jpg,pomegranate,fresh,0,test,0.11380307,fresh,True,6.862213,-2.0414047,52.857773,-19.728764
C:\Users\antoc\FreshOrRotten\data\raw\Pomegranate_Fresh\20190820_150850.jpg,pomegranate,fresh,0,test,0.0057014134,fresh,True,5.867256,1.0660856,38.39548,10.98323
C:\Users\antoc\FreshOrRotten\data\raw\Orange_Fresh\rotated_by_45_Screen Shot 2018-06-12 at 11.51.47 PM.jpg,orange,fresh,0,test,0.118785106,fresh,True,1.7794601,-3.5886254,19.043266,-42.990303
C:\Users\antoc\FreshOrRotten\data\raw\Apple_Rotten\IMG20200728175856.jpg,apple,rotten,1,test,0.9434734,rotten,True,-3.8925767,-0.55308515,-22.371384,24.035187
C:\Users\antoc\FreshOrRotten\data\raw\Banana_Fresh\rotated_by_30_Screen Shot 2018-06-12 at 9.52.34 PM.jpg,banana,fresh,0,test,0.16133441,fresh,True,1.7058074,1.0091581,7.982567,18.545887
C:\Users\antoc\FreshOrRotten\data\raw\Potato_Rotten\rottenPotato (514).jpg,potato,rotten,1,test,0.99529004,rotten,True,-8.255518,0.120450914,-44.896957,-4.6230154
C:\Users\antoc\FreshOrRotten\data\raw\Pomegranate_Rotten\RottenPomegranate (203)!.jpg,pomegranate,rotten,1,test,0.950467,rotten,True,-3.6467452,0.14883804,-18.930975,31.75665
C:\Users\antoc\FreshOrRotten\data\raw\Strawberry_Rotten\RottenStrawberry (83)!.jpg,strawberry,rotten,1,test,0.985429,rotten,True,-5.792696,1.9586439,-26.388388,37.711132
C:\Users\antoc\FreshOrRotten\data\raw\Apple_Rotten\IMG_20190910_172300_1.jpg,apple,rotten,1,test,0.746425,rotten,True,-1.3922534,-1.3581648,-21.846928,-45.255367
C:\Users\antoc\FreshOrRotten\data\raw\Grapes_Rotten\RottenGrape (93).jpg,grapes,rotten,1,test,0.1582617,fresh,False,2.042686,-2.7849996,18.480852,-13.043362
C:\Users\antoc\FreshOrRotten\data\raw\Potato_Fresh\freshPotato (427).jpg,potato,fresh,0,test,0.06033206,fresh,True,2.9203897,-0.47021088,27.509373,-5.0004864
C:\Users\antoc\FreshOrRotten\data\raw\Guava_Rotten\IMG20200728184946.jpg,guava,rotten,1,test,0.14409578,fresh,False,1.4700767,1.6767896,-0.8914303,12.674644
C:\Users\antoc\FreshOrRotten\data\raw\Tomato_Rotten\Image2535.jpg,tomato,rotten,1,test,0.89841485,rotten,True,-3.2607083,-2.071292,-34.32314,-24.205942
C:\Users\antoc\FreshOrRotten\data\raw\Kaki_Rotten\Image3521.jpg,kaki,rotten,1,test,0.9055605,rotten,True,-3.1414144,-0.68427104,-36.413124,-29.306232
C:\Users\antoc\FreshOrRotten\data\raw\Banana_Rotten\rotated_by_15_Screen Shot 2018-06-12 at 9.17.05 PM.jpg,banana,rotten,1,test,0.86653006,rotten,True,-2.8414762,7.1465974,-47.80876,13.808726
C:\Users\antoc\FreshOrRotten\data\raw\Potato_Rotten\rottenPotato (382).jpg,potato,rotten,1,test,0.22407895,fresh,False,1.0114884,-2.0539577,17.475567,-17.53808
C:\Users\antoc\FreshOrRotten\data\raw\Apple_Fresh\20190809_165811.jpg,apple,fresh,0,test,0.019589825,fresh,True,4.281572,4.996929,29.3344,38.83117
C:\Users\antoc\FreshOrRotten\data\raw\Peach_Rotten\Image4077.jpg,peach,rotten,1,test,0.5166837,rotten,True,-0.47989362,-2.3232841,-9.177546,-6.665574
C:\Users\antoc\FreshOrRotten\data\raw\Pomegranate_Fresh\IMG20200728181714_27279.jpg,pomegranate,fresh,0,test,0.20186348,fresh,True,0.97673804,4.1046753,-8.44102,20.09357
C:\Users\antoc\FreshOrRotten\data\raw\Pomegranate_Fresh\IMG20200728125559.jpg,pomegranate,fresh,0,test,0.36115098,fresh,True,3.1525345,-3.8860953,54.316563,-14.329539
C:\Users\antoc\FreshOrRotten\data\raw\Orange_Rotten\rottenOrange (422)1.jpg,orange,rotten,1,test,0.86032116,rotten,True,-2.7394824,-2.455465,-11.903083,-16.135971
C:\Users\antoc\FreshOrRotten\data\raw\Peach_Rotten\Image4491.jpg,peach,rotten,1,test,0.94366395,rotten,True,-4.050192,-1.5533675,-26.170576,-6.5024085
C:\Users\antoc\FreshOrRotten\data\raw\Guava_Fresh\IMG_8548.JPG,guava,fresh,0,test,0.019177986,fresh,True,4.6525245,2.0349512,42.616875,14.649004
C:\Users\antoc\FreshOrRotten\data\raw\Apple_Fresh\IMG_9361.JPG,apple,fresh,0,test,0.43711975,fresh,True,-0.21741693,0.8605896,-1.5307258,4.541282
C:\Users\antoc\FreshOrRotten\data\raw\Peach_Fresh\Image493.jpg,peach,fresh,0,test,0.08418096,fresh,True,2.8461423,-2.5427,32.54882,-37.822758
C:\Users\antoc\FreshOrRotten\data\raw\Pomegranate_Fresh\IMG20200728181711_01_27264.jpg,pomegranate,fresh,0,test,0.05831712,fresh,True,3.1188655,5.684254,4.0782437,63.215454
C:\Users\antoc\FreshOrRotten\data\raw\Tomato_Fresh\Image131 (2).jpg,tomato,fresh,0,test,0.008282374,fresh,True,5.976799,-1.4234715,36.232056,-49.936573
C:\Users\antoc\FreshOrRotten\data\raw\Banana_Rotten\Screen Shot 2018-06-12 at 8.56.41 PM.jpg,banana,rotten,1,test,0.9900709,rotten,True,-6.0832453,7.8050265,-43.298725,18.547836
C:\Users\antoc\FreshOrRotten\data\raw\Carrot_Fresh\freshCarrot (75).jpg,carrot,fresh,0,test,0.15390423,fresh,True,0.84887946,-4.4184704,4.483604,-42.01308
C:\Users\antoc\FreshOrRotten\data\raw\Pomegranate_Fresh\20190820_153302.jpg,pomegranate,fresh,0,test,0.006232697,fresh,True,5.5864396,1.863953,31.639402,21.01183
C:\Users\antoc\FreshOrRotten\data\raw\Orange_Fresh\IMG_2107.JPG,orange,fresh,0,test,0.18339628,fresh,True,1.3568218,-3.9008646,9.708602,-35.512054
C:\Users\antoc\FreshOrRotten\data\raw\Orange_Rotten\vertical_flip_Screen Shot 2018-06-12 at 11.37.19 PM.jpg,orange,rotten,1,test,0.8778351,rotten,True,-2.9986823,-1.9307352,-23.655338,2.5410426
C:\Users\antoc\FreshOrRotten\data\raw\Peach_Rotten\Image4083.jpg,peach,rotten,1,test,0.506993,rotten,True,-0.4232595,-2.2910075,-9.02641,-6.5172343
C:\Users\antoc\FreshOrRotten\data\raw\Apple_Rotten\IMG20200728180008.jpg,apple,rotten,1,test,0.9342221,rotten,True,-3.8455784,-1.425904,-26.909431,4.0748963
C:\Users\antoc\FreshOrRotten\data\raw\Pomegranate_Fresh\20190820_154210_26378.jpg,pomegranate,fresh,0,test,0.084347315,fresh,True,2.5973127,0.29228982,20.474098,32.388374
C:\Users\antoc\FreshOrRotten\data\raw\Orange_Fresh\rotated_by_60_Screen Shot 2018-06-13 at 12.10.27 AM.jpg,orange,fresh,0,test,0.098073356,fresh,True,2.1214304,-3.6497834,19.603886,-43.255505
C:\Users\antoc\FreshOrRotten\data\raw\Pear_Fresh\Image13.jpg,pear,fresh,0,test,0.0058148303,fresh,True,5.548357,1.6064918,31.595348,13.643033
C:\Users\antoc\FreshOrRotten\data\raw\Tomato_Rotten\Image77.jpg,tomato,rotten,1,test,0.99015945,rotten,True,-5.750447,1.4729474,-30.325384,23.261671
C:\Users\antoc\FreshOrRotten\data\raw\Banana_Fresh\Image7.jpg,banana,fresh,0,test,0.053921666,fresh,True,3.0410798,1.703234,5.5778537,36.379955
C:\Users\antoc\FreshOrRotten\data\raw\Apple_Rotten\rotated_by_75_Screen Shot 2018-06-08 at 2.50.25 PM.jpg,apple,rotten,1,test,0.76114535,rotten,True,-1.6383764,-3.1035557,-20.820318,-22.467255
C:\Users\antoc\FreshOrRotten\data\raw\Orange_Rotten\Screen Shot 2018-06-12 at 11.23.24 PM.jpg,orange,rotten,1,test,0.6250238,rotten,True,-1.6628559,-2.41782,-10.968162,-36.761726
C:\Users\antoc\FreshOrRotten\data\raw\Cucumber_Rotten\rottenCucumber (101)1.jpg,cucumber,rotten,1,test,0.99856865,rotten,True,-8.136318,3.0671067,-37.634556,27.825584
C:\Users\antoc\FreshOrRotten\data\raw\Banana_Fresh\Screen Shot 2018-06-12 at 9.59.02 PM.jpg,banana,fresh,0,test,0.07637068,fresh,True,2.1319885,3.7864575,-4.535096,14.479376
C:\Users\antoc\FreshOrRotten\data\raw\Tomato_Rotten\Image183.jpg,tomato,rotten,1,test,0.7124809,rotten,True,-1.1116418,-1.7426564,-24.054626,-44.155464
C:\Users\antoc\FreshOrRotten\data\raw\Guava_Fresh\IMG_8633.JPG,guava,fresh,0,test,0.010785901,fresh,True,4.903691,1.2827777,29.32989,14.588099
C:\Users\antoc\FreshOrRotten\data\raw\Pomegranate_Fresh\FreshPomegranate (145)!.jpg,pomegranate,fresh,0,test,0.27505654,fresh,True,-0.120821685,-4.036704,0.65023726,-42.131664
C:\Users\antoc\FreshOrRotten\data\raw\Apple_Fresh\freshApple (6)1.jpg,apple,fresh,0,test,0.29089025,fresh,True,0.10168114,-4.3110027,1.6882352,-37.350674
C:\Users\antoc\FreshOrRotten\data\raw\Orange_Rotten\IMG_20190923_181648.jpg,orange,rotten,1,test,0.7936119,rotten,True,-2.2068102,-2.5293787,-14.291781,-6.3592286
C:\Users\antoc\FreshOrRotten\data\raw\Guava_Rotten\IMG_20190822_080213_1.jpg,guava,rotten,1,test,0.9937405,rotten,True,-6.752191,0.7791987,-38.175255,6.933524
C:\Users\antoc\FreshOrRotten\data\raw\Papaya_Fresh\Image193.jpg,papaya,fresh,0,test,0.025858542,fresh,True,5.394646,-1.7352542,46.01018,-20.629656
C:\Users\antoc\FreshOrRotten\data\raw\Lime_Fresh\IMG_20190902_104246.jpg,lime,fresh,0,test,0.03403226,fresh,True,4.337027,-1.1317133,43.203754,-10.771915
C:\Users\antoc\FreshOrRotten\data\raw\Banana_Rotten\IMG_20190910_175810_1.jpg,banana,rotten,1,test,0.9917502,rotten,True,-6.692915,0.43680245,-39.185642,4.491402
C:\Users\antoc\FreshOrRotten\data\raw\Banana_Fresh\rotated_by_60_Screen Shot 2018-06-12 at 9.38.51 PM.jpg,banana,fresh,0,test,0.038377605,fresh,True,3.54201,2.3286822,7.8087516,21.16814
C:\Users\antoc\FreshOrRotten\data\raw\Banana_Rotten\Image739.jpg,banana,rotten,1,test,0.9994112,rotten,True,-9.241977,3.8259523,-43.147552,27.395098
C:\Users\antoc\FreshOrRotten\data\raw\Mango_Fresh\freshMango (90).jpg,mango,fresh,0,test,0.07421402,fresh,True,4.8129654,-1.9637444,47.70689,-17.16616
C:\Users\antoc\FreshOrRotten\data\raw\Apple_Rotten\rotated_by_60_Screen Shot 2018-06-08 at 2.28.12 PM.jpg,apple,rotten,1,test,0.98436314,rotten,True,-5.2588797,0.7172783,-50.20847,3.5519695
C:\Users\antoc\FreshOrRotten\data\raw\Banana_Fresh\IMG_8778.JPG,banana,fresh,0,test,0.019917877,fresh,True,4.317328,0.2906536,30.062826,3.1320775
C:\Users\antoc\FreshOrRotten\data\raw\Tomato_Rotten\Copy of IMG_20200727_223213.jpg_0_4054.jpg,tomato,rotten,1,test,0.8222429,rotten,True,-1.9126021,-1.5799158,-25.811172,-45.197563
C:\Users\antoc\FreshOrRotten\data\raw\Potato_Rotten\rottenPotato (377).jpg,potato,rotten,1,test,0.9216057,rotten,True,-2.4858296,1.3085016,-20.823137,38.741768
C:\Users\antoc\FreshOrRotten\data\raw\Orange_Fresh\FreshOrange (178)!.jpg,orange,fresh,0,test,0.0010866642,fresh,True,12.447228,-0.62404203,52.017845,-25.067833
C:\Users\antoc\FreshOrRotten\data\raw\Pomegranate_Fresh\20190820_154745.jpg,pomegranate,fresh,0,test,0.00085873937,fresh,True,7.980527,4.2286463,37.561207,33.84101
C:\Users\antoc\FreshOrRotten\data\raw\Pomegranate_Fresh\IMG20200728182039_27370.jpg,pomegranate,fresh,0,test,0.023334278,fresh,True,4.9588404,1.8425188,19.437063,3.1999123
C:\Users\antoc\FreshOrRotten\data\raw\Guava_Fresh\IMG_8904.JPG,guava,fresh,0,test,0.08157117,fresh,True,3.1964426,-1.4886465,28.330643,-10.322934
C:\Users\antoc\FreshOrRotten\data\raw\Tomato_Rotten\Image381 (2).jpg,tomato,rotten,1,test,0.99865663,rotten,True,-8.129845,3.3138835,-37.528572,29.296808
C:\Users\antoc\FreshOrRotten\data\raw\Tomato_Rotten\DSCN4238.jpg_0_8361.jpg,tomato,rotten,1,test,0.4037811,fresh,False,0.21408722,9.415491,-1.3314059,61.048023
C:\Users\antoc\FreshOrRotten\data\raw\Potato_Fresh\freshPotato (425).jpg,potato,fresh,0,test,0.07101452,fresh,True,2.633535,-1.9025015,28.273073,-13.4129715
C:\Users\antoc\FreshOrRotten\data\raw\Tomato_Rotten\Copy of IMG_20200727_223202.jpg_0_7826.jpg,tomato,rotten,1,test,0.94150656,rotten,True,-3.3521483,-0.54985076,-31.804354,-45.057083
C:\Users\antoc\FreshOrRotten\data\raw\Carrot_Fresh\freshCarrot (423).jpg,carrot,fresh,0,test,0.64954257,rotten,False,-0.741615,-2.0235198,-23.281551,-47.170803
C:\Users\antoc\FreshOrRotten\data\raw\Pomegranate_Fresh\20190820_150528_24193.jpg,pomegranate,fresh,0,test,0.0060855923,fresh,True,5.737891,4.884078,30.867384,38.399162
C:\Users\antoc\FreshOrRotten\data\raw\Carrot_Fresh\freshCarrot (328).jpg,carrot,fresh,0,test,0.15267476,fresh,True,0.86776423,-4.355833,4.6221786,-42.002743
C:\Users\antoc\FreshOrRotten\data\raw\Apple_Fresh\rotated_by_60_Screen Shot 2018-06-08 at 5.33.27 PM.jpg,apple,fresh,0,test,0.006478938,fresh,True,5.8917656,8.4545765,17.266188,53.918415
C:\Users\antoc\FreshOrRotten\data\raw\Orange_Rotten\RottenOrange (165)!.jpg,orange,rotten,1,test,0.81076485,rotten,True,-2.2034128,-1.8702574,-25.768888,-39.70594
C:\Users\antoc\FreshOrRotten\data\raw\Kaki_Fresh\Image835.jpg,kaki,fresh,0,test,0.057060298,fresh,True,2.9899468,5.56335,12.440955,48.089386
C:\Users\antoc\FreshOrRotten\data\raw\Tomato_Rotten\Image419 (2).jpg,tomato,rotten,1,test,0.99897194,rotten,True,-8.442591,3.5954623,-38.142895,29.864079
C:\Users\antoc\FreshOrRotten\data\raw\Tomato_Fresh\Image511.jpg,tomato,fresh,0,test,0.009561982,fresh,True,5.824529,-1.4273007,37.60382,-48.998734
C:\Users\antoc\FreshOrRotten\data\raw\Grape_Rotten\Image1339.jpg,grape,rotten,1,test,0.9992016,rotten,True,-10.622444,2.6648052,-65.13949,5.3710284
C:\Users\antoc\FreshOrRotten\data\raw\Pomegranate_Fresh\20190820_144305_23207.jpg,pomegranate,fresh,0,test,0.0055948887,fresh,True,6.2769604,2.2481294,34.208843,22.410542
C:\Users\antoc\FreshOrRotten\data\raw\Peach_Fresh\Image275.jpg,peach,fresh,0,test,0.061597884,fresh,True,3.2807364,-2.4874704,32.22899,-38.897064
C:\Users\antoc\FreshOrRotten\data\raw\Apple_Rotten\saltandpepper_Screen Shot 2018-06-07 at 3.00.46 PM.jpg,apple,rotten,1,test,0.9902716,rotten,True,-6.086854,1.4674904,-27.699543,25.78049
C:\Users\antoc\FreshOrRotten\data\raw\Strawberry_Fresh\FreshStrawberry (165)!.jpg,strawberry,fresh,0,test,0.23057216,fresh,True,0.98931205,-3.4957876,10.0764065,-33.04888
C:\Users\antoc\FreshOrRotten\data\raw\Orange_Rotten\rotated_by_15_Screen Shot 2018-06-12 at 11.43.26 PM.jpg,orange,rotten,1,test,0.99767464,rotten,True,-8.2359085,1.5020435,-43.848507,0.58046085
C:\Users\antoc\FreshOrRotten\data\raw\Pomegranate_Rotten\IMG_20190824_181341_1.jpg,pomegranate,rotten,1,test,0.7572911,rotten,True,-1.5940922,-1.7290429,-13.416113,32.900646
C:\Users\antoc\FreshOrRotten\data\raw\Apple_Rotten\rotated_by_75_Screen Shot 2018-06-07 at 3.04.58 PM.jpg,apple,rotten,1,test,0.96392936,rotten,True,-4.232839,2.9132638,-48.341343,7.085546
C:\Users\antoc\FreshOrRotten\data\raw\Carrot_Rotten\rottenCarrot (455).jpg,carrot,rotten,1,test,0.9984296,rotten,True,-8.37941,4.0728946,-43.163532,22.970589
C:\Users\antoc\FreshOrRotten\data\raw\Pomegranate_Fresh\20190820_144803.jpg,pomegranate,fresh,0,test,0.004182677,fresh,True,6.1094875,3.253507,32.284863,31.129974
C:\Users\antoc\FreshOrRotten\data\raw\Banana_Rotten\IMG_20190910_175723.jpg,banana,rotten,1,test,0.9989261,rotten,True,-8.753869,2.8992229,-43.57042,23.97906
C:\Users\antoc\FreshOrRotten\data\raw\Orange_Rotten\IMG_20190923_181954.jpg,orange,rotten,1,test,0.812359,rotten,True,-2.2751966,-3.0735931,-19.342484,-14.333269
C:\Users\antoc\FreshOrRotten\data\raw\Pomegranate_Fresh\20190820_154734_26783.jpg,pomegranate,fresh,0,test,0.004019438,fresh,True,6.0821567,2.9564762,31.058472,23.772518
C:\Users\antoc\FreshOrRotten\data\raw\Banana_Fresh\rotated_by_75_Screen Shot 2018-06-12 at 9.44.40 PM.jpg,banana,fresh,0,test,0.011688817,fresh,True,4.931431,3.5820398,7.817547,23.550219
C:\Users\antoc\FreshOrRotten\data\raw\Pomegranate_Fresh\20190820_152826_25234.jpg,pomegranate,fresh,0,test,0.04092499,fresh,True,3.4010673,0.3844304,21.885485,31.287113
C:\Users\antoc\FreshOrRotten\data\raw\Apple_Rotten\RottenApple (10)!.jpg,apple,rotten,1,test,0.3678019,fresh,False,0.153293,-3.0777302,-15.605088,-37.560593
C:\Users\antoc\FreshOrRotten\data\raw\Banana_Rotten\translation_Screen Shot 2018-06-12 at 9.03.46 PM.jpg,banana,rotten,1,test,0.9970758,rotten,True,-7.316271,1.9171214,-51.596973,7.191825
C:\Users\antoc\FreshOrRotten\data\raw\Banana_Fresh\freshBanana (23)1.jpg,banana,fresh,0,test,0.06323076,fresh,True,7.239452,-0.7620479,52.00788,-19.345877
C:\Users\antoc\FreshOrRotten\data\raw\Apple_Rotten\rotated_by_15_Screen Shot 2018-06-08 at 2.50.14 PM.jpg,apple,rotten,1,test,0.88677204,rotten,True,-2.9444835,-2.8151827,-23.108803,-19.888332
C:\Users\antoc\FreshOrRotten\data\raw\Apple_Rotten\Screen Shot 2018-06-08 at 2.53.14 PM.jpg,apple,rotten,1,test,0.87886554,rotten,True,-3.5169778,-2.2531195,-28.664993,-16.271059
C:\Users\antoc\FreshOrRotten\data\raw\Lime_Fresh\IMG_20190902_111001.jpg,lime,fresh,0,test,0.01996812,fresh,True,4.209529,-0.08885172,31.275974,2.1962025
C:\Users\antoc\FreshOrRotten\data\raw\Orange_Rotten\vertical_flip_Screen Shot 2018-06-12 at 11.27.52 PM.jpg,orange,rotten,1,test,0.9956736,rotten,True,-6.9252787,1.683625,-33.47908,25.12491
C:\Users\antoc\FreshOrRotten\data\raw\Orange_Rotten\RottenOrange (181)!.jpg,orange,rotten,1,test,0.9426936,rotten,True,-3.8957205,-0.8436587,-34.95834,-36.722427
C:\Users\antoc\FreshOrRotten\data\raw\Banana_Fresh\vertical_flip_Screen Shot 2018-06-12 at 9.52.58 PM.jpg,banana,fresh,0,test,0.09862308,fresh,True,2.4392304,-0.91578364,10.175083,0.978772
C:\Users\antoc\FreshOrRotten\data\raw\Banana_Rotten\IMG_7771.JPG,banana,rotten,1,test,0.96675104,rotten,True,-4.7898884,2.563273,-39.13568,14.496679
C:\Users\antoc\FreshOrRotten\data\raw\Apple_Rotten\rotated_by_45_Screen Shot 2018-06-08 at 2.39.51 PM.jpg,apple,rotten,1,test,0.97359407,rotten,True,-4.6494174,0.6693867,-49.62034,3.2590113
C:\Users\antoc\FreshOrRotten\data\raw\Tomato_Fresh\Image57.jpg,tomato,fresh,0,test,0.07803285,fresh,True,3.2919514,-0.90867394,17.995426,-34.41288
C:\Users\antoc\FreshOrRotten\data\raw\Pomegranate_Fresh\20190820_145738.jpg,pomegranate,fresh,0,test,0.06839934,fresh,True,2.7428408,-1.6014103,26.183678,-17.637228
C:\Users\antoc\FreshOrRotten\data\raw\Banana_Rotten\IMG20200729190347.jpg,banana,rotten,1,test,0.54782724,rotten,True,1.1416128,-2.0406432,17.421324,1.0145428
C:\Users\antoc\FreshOrRotten\data\raw\Bitter_Gourd_Rotten\IMG_20200826_172240.jpg_0_3733.jpg,bitter_gourd,rotten,1,test,0.99951553,rotten,True,-9.622963,3.2119148,-56.57871,9.580622
C:\Users\antoc\FreshOrRotten\data\raw\Pomegranate_Fresh\20190820_152237_24979.jpg,pomegranate,fresh,0,test,0.018800851,fresh,True,4.083191,2.751945,23.156937,20.174486
C:\Users\antoc\FreshOrRotten\data\raw\Bellpepper_Rotten\rottenPepper (380)1.jpg,bellpepper,rotten,1,test,0.61603487,rotten,True,-1.7202718,-2.2699451,-14.567829,-43.99205
C:\Users\antoc\FreshOrRotten\data\raw\Apple_Fresh\vertical_flip_Screen Shot 2018-06-08 at 5.06.19 PM.jpg,apple,fresh,0,test,0.012790718,fresh,True,4.8188095,0.6791098,28.675417,11.651326
C:\Users\antoc\FreshOrRotten\data\raw\Orange_Rotten\IMG_20190923_182053.jpg,orange,rotten,1,test,0.7013534,rotten,True,-1.8383594,0.7772502,-12.555104,13.187799
C:\Users\antoc\FreshOrRotten\data\raw\Cucumber_Rotten\rottenCucumber (184)1.jpg,cucumber,rotten,1,test,0.95539427,rotten,True,-4.704997,-0.22172034,-39.780396,-36.277306
C:\Users\antoc\FreshOrRotten\data\raw\Strawberry_Rotten\rottenStrawberry (19)1.jpeg,strawberry,rotten,1,test,0.9199208,rotten,True,-3.261904,-0.79593945,-18.036358,26.483027
C:\Users\antoc\FreshOrRotten\data\raw\Apple_Rotten\rotated_by_30_Screen Shot 2018-06-08 at 2.23.40 PM.jpg,apple,rotten,1,test,0.83645034,rotten,True,-1.7432315,1.1918572,-28.65748,-48.776375
C:\Users\antoc\FreshOrRotten\data\raw\Banana_Rotten\IMG_7816.JPG,banana,rotten,1,test,0.993947,rotten,True,-6.484796,3.335031,-33.324844,33.09987
C:\Users\antoc\FreshOrRotten\data\raw\Banana_Rotten\rotated_by_30_Screen Shot 2018-06-12 at 9.25.54 PM.jpg,banana,rotten,1,test,0.9639447,rotten,True,-4.5055733,5.816434,-48.418488,12.6009035
C:\Users\antoc\FreshOrRotten\data\raw\Banana_Rotten\Image999.jpg,banana,rotten,1,test,0.9992854,rotten,True,-9.199862,6.3516607,-46.820755,28.066648
C:\Users\antoc\FreshOrRotten\data\raw\Apple_Rotten\rotated_by_60_Screen Shot 2018-06-08 at 2.47.54 PM.jpg,apple,rotten,1,test,0.9607865,rotten,True,-4.3623285,-1.5690433,-30.675745,-10.080151
C:\Users\antoc\FreshOrRotten\data\raw\Apple_Rotten\rotated_by_30_Screen Shot 2018-06-08 at 2.29.55 PM.jpg,apple,rotten,1,test,0.9971107,rotten,True,-7.29082,1.9733535,-52.955025,3.2685394
C:\Users\antoc\FreshOrRotten\data\raw\Apple_Rotten\IMG_20190910_172622_2.jpg,apple,rotten,1,test,0.40736204,fresh,False,-0.14823297,-4.159248,1.1316411,-32.432262
C:\Users\antoc\FreshOrRotten\data\raw\Pomegranate_Rotten\IMG_20190822_085629.jpg,pomegranate,rotten,1,test,0.8780604,rotten,True,-2.5320005,-1.1153235,-14.471656,31.45615
C:\Users\antoc\FreshOrRotten\data\raw\Bellpepper_Rotten\rottenPepper (340)1.jpg,bellpepper,rotten,1,test,0.9439604,rotten,True,-4.1060734,-0.4494305,-34.97553,-41.102776
C:\Users\antoc\FreshOrRotten\data\raw\Apple_Fresh\translation_Screen Shot 2018-06-08 at 5.13.10 PM.jpg,apple,fresh,0,test,0.12298279,fresh,True,2.5201879,4.789463,11.260047,54.873405
C:\Users\antoc\FreshOrRotten\data\raw\Guava_Rotten\IMG20200728185009.jpg,guava,rotten,1,test,0.4417572,fresh,False,-0.32816833,-0.22265273,-5.5521994,7.847012
C:\Users\antoc\FreshOrRotten\data\raw\Pomegranate_Rotten\IMG_20190824_180644_1.jpg,pomegranate,rotten,1,test,0.967067,rotten,True,-4.0455933,2.8349185,-23.69442,35.826344
C:\Users\antoc\FreshOrRotten\data\raw\Orange_Rotten\rotated_by_60_Screen Shot 2018-06-12 at 11.36.24 PM.jpg,orange,rotten,1,test,0.5112259,rotten,True,-0.22386554,1.4183649,14.702142,33.68981
C:\Users\antoc\FreshOrRotten\data\raw\Guava_Rotten\IMG_20190824_181520.jpg,guava,rotten,1,test,0.98653686,rotten,True,-5.6159625,1.0201552,-30.502253,28.344923
C:\Users\antoc\FreshOrRotten\data\raw\Orange_Fresh\IMG_20190924_151124.jpg,orange,fresh,0,test,0.054306857,fresh,True,3.0051038,-1.2032123,30.273487,-5.093266
C:\Users\antoc\FreshOrRotten\data\raw\Carrot_Fresh\freshCarrot (493).jpg,carrot,fresh,0,test,0.7553333,rotten,False,-2.8232417,-3.2853813,-28.451859,-17.888494
C:\Users\antoc\FreshOrRotten\data\raw\Tomato_Rotten\Image795.jpg,tomato,rotten,1,test,0.9993616,rotten,True,-9.131634,4.14651,-41.15073,30.70079
C:\Users\antoc\FreshOrRotten\data\raw\Potato_Fresh\freshPotato (277).jpg,potato,fresh,0,test,0.33261538,fresh,True,0.104516834,-4.2385435,1.8611118,-33.866405
C:\Users\antoc\FreshOrRotten\data\raw\Pear_Fresh\Image931.jpg,pear,fresh,0,test,0.11709758,fresh,True,1.81632,0.17534867,4.105045,9.905202
C:\Users\antoc\FreshOrRotten\data\raw\Tomato_Fresh\DSCN4114.jpg_0_1164.jpg,tomato,fresh,0,test,0.4496112,fresh,True,0.050222903,9.549816,-0.93008316,61.91328
C:\Users\antoc\FreshOrRotten\data\raw\Apple_Fresh\20190809_165948.jpg,apple,fresh,0,test,0.5424428,rotten,False,0.68913156,3.074017,-19.241228,42.48203
C:\Users\antoc\FreshOrRotten\data\raw\Bitter_Gourd_Fresh\IMG_20200822_223840.jpg_0_3858.jpg,bitter_gourd,fresh,0,test,0.020616876,fresh,True,4.1026363,-0.14556873,29.818575,6.00347
C:\Users\antoc\FreshOrRotten\data\raw\Peach_Rotten\Image4627.jpg,peach,rotten,1,test,0.9749784,rotten,True,-5.155161,-1.2408515,-31.439276,-5.1289587
C:\Users\antoc\FreshOrRotten\data\raw\Bellpepper_Rotten\WhatsApp Image 2020-11-07 at 11.43.16 PM.jpeg_0_6792.jpg,bellpepper,rotten,1,test,0.9021358,rotten,True,-2.764478,-0.8559394,-30.716948,-42.909294
C:\Users\antoc\FreshOrRotten\data\raw\Lime_Fresh\IMG_20190902_111334_1.jpg,lime,fresh,0,test,0.03226305,fresh,True,3.7200692,-1.2313496,33.919613,-5.0808673
C:\Users\antoc\FreshOrRotten\data\raw\Guava_Fresh\IMG_8275.JPG,guava,fresh,0,test,0.024019357,fresh,True,3.9787395,0.055253025,30.916622,3.8827505
C:\Users\antoc\FreshOrRotten\data\raw\Orange_Rotten\saltandpepper_Screen Shot 2018-06-12 at 11.38.52 PM.jpg,orange,rotten,1,test,0.6299368,rotten,True,-1.5687413,-3.3307343,-8.914209,-23.428038
C:\Users\antoc\FreshOrRotten\data\raw\Apple_Rotten\rotated_by_30_Screen Shot 2018-06-08 at 2.29.20 PM.jpg,apple,rotten,1,test,0.9823391,rotten,True,-5.218211,-0.027882637,-50.33462,1.6837907
C:\Users\antoc\FreshOrRotten\data\raw\Banana_Rotten\IMG_7859.JPG,banana,rotten,1,test,0.99319226,rotten,True,-6.645443,0.7657342,-38.041317,7.2130766
C:\Users\antoc\FreshOrRotten\data\raw\Pomegranate_Rotten\IMG_20190822_085108_1.jpg,pomegranate,rotten,1,test,0.95927244,rotten,True,-4.4608717,0.51500773,-29.186192,6.891791
C:\Users\antoc\FreshOrRotten\data\raw\Pomegranate_Fresh\20190820_153933_26209.jpg,pomegranate,fresh,0,test,0.029192837,fresh,True,3.840523,-0.89872813,36.951294,0.14659543
C:\Users\antoc\FreshOrRotten\data\raw\Orange_Fresh\Screen Shot 2018-06-13 at 12.10.21 AM.jpg,orange,fresh,0,test,0.042247288,fresh,True,3.2177186,-3.656662,23.670174,-44.37872
C:\Users\antoc\FreshOrRotten\data\raw\Mango_Rotten\rottenMango (2).jpg,mango,rotten,1,test,0.9760858,rotten,True,-5.16658,-0.61647826,-31.97655,1.2072757
C:\Users\antoc\FreshOrRotten\data\raw\Pomegranate_Fresh\20190820_151122_24537.jpg,pomegranate,fresh,0,test,0.15006053,fresh,True,1.7076807,-2.2668347,15.150549,-30.21209
C:\Users\antoc\FreshOrRotten\data\raw\Guava_Fresh\IMG_8828.JPG,guava,fresh,0,test,0.08631274,fresh,True,2.413563,-1.1124976,24.20245,-5.38495
C:\Users\antoc\FreshOrRotten\data\raw\Lime_Rotten\IMG_20190923_183708_1.jpg,lime,rotten,1,test,0.5895629,rotten,True,-1.1521491,1.4812496,-12.840517,15.692701
C:\Users\antoc\FreshOrRotten\data\raw\Banana_Fresh\IMG_9209.JPG,banana,fresh,0,test,0.33770213,fresh,True,0.49620622,-2.3649375,14.284678,-14.4807005
C:\Users\antoc\FreshOrRotten\data\raw\Tomato_Fresh\DSCN4142.jpg_0_721.jpg,tomato,fresh,0,test,0.22599448,fresh,True,1.1944264,8.275338,-0.23331061,60.268085
C:\Users\antoc\FreshOrRotten\data\raw\Banana_Rotten\rotated_by_60_Screen Shot 2018-06-12 at 9.17.44 PM.jpg,banana,rotten,1,test,0.9578109,rotten,True,-3.9996438,8.833179,-50.14997,14.114903
C:\Users\antoc\FreshOrRotten\data\raw\Guava_Fresh\20190813_125929.jpg,guava,fresh,0,test,0.14933172,fresh,True,3.3765357,-2.6895797,48.81301,-11.387732
C:\Users\antoc\FreshOrRotten\data\raw\Guava_Fresh\IMG_8497.JPG,guava,fresh,0,test,0.04959682,fresh,True,3.433888,0.8491167,42.888824,15.032432
C:\Users\antoc\FreshOrRotten\data\raw\Lime_Rotten\IMG20200729172411.jpg,lime,rotten,1,test,0.83945924,rotten,True,-2.6976857,0.2667225,-14.900036,14.529708
C:\Users\antoc\FreshOrRotten\data\raw\Tomato_Rotten\Copy of IMG_20200727_223205.jpg_0_5435.jpg,tomato,rotten,1,test,0.92924297,rotten,True,-3.014554,-0.50871736,-30.63771,-45.92732
C:\Users\antoc\FreshOrRotten\data\raw\Apple_Rotten\vertical_flip_Screen Shot 2018-06-08 at 2.49.27 PM.jpg,apple,rotten,1,test,0.92538583,rotten,True,-3.462274,-0.8941284,-18.31365,26.003908
C:\Users\antoc\FreshOrRotten\data\raw\Apple_Fresh\20190809_120758.jpg,apple,fresh,0,test,0.024141727,fresh,True,4.4086394,-2.6264834,28.884094,-41.303642
C:\Users\antoc\FreshOrRotten\data\raw\Tomato_Rotten\Copy of IMG_20200727_223202.jpg_0_3604.jpg,tomato,rotten,1,test,0.93425703,rotten,True,-3.2121165,-0.7149582,-31.604519,-44.8916
C:\Users\antoc\FreshOrRotten\data\raw\Apple_Rotten\rotated_by_30_Screen Shot 2018-06-07 at 3.02.51 PM.jpg,apple,rotten,1,test,0.36145708,fresh,False,0.5857032,-0.779264,2.624528,-4.7767987
C:\Users\antoc\FreshOrRotten\data\raw\Banana_Rotten\rotated_by_60_Screen Shot 2018-06-12 at 9.06.56 PM.jpg,banana,rotten,1,test,0.99913293,rotten,True,-8.469721,4.5951366,-53.87781,7.4283447
C:\Users\antoc\FreshOrRotten\data\raw\Orange_Fresh\FreshOrange (66)!.jpg,orange,fresh,0,test,0.44787928,fresh,True,-0.65307033,-3.1481478,-5.1673846,-36.151535
C:\Users\antoc\FreshOrRotten\data\raw\Potato_Rotten\rottenPotato (351).jpg,potato,rotten,1,test,0.7483489,rotten,True,-1.8950179,-3.1433249,-9.557603,-17.40758
C:\Users\antoc\FreshOrRotten\data\raw\Pomegranate_Fresh\20190820_145943_23875.jpg,pomegranate,fresh,0,test,0.17196225,fresh,True,1.1834646,2.844174,-7.75861,19.419683
C:\Users\antoc\FreshOrRotten\data\raw\Pomegranate_Fresh\20190820_154220_26390.jpg,pomegranate,fresh,0,test,0.04417693,fresh,True,3.33793,0.75172365,21.474607,31.900908
C:\Users\antoc\FreshOrRotten\data\raw\Peach_Rotten\Image4477.jpg,peach,rotten,1,test,0.93351656,rotten,True,-3.8126,-1.6040132,-26.037577,-6.548857
C:\Users\antoc\FreshOrRotten\data\raw\Lime_Rotten\IMG_20190923_183642_1.jpg,lime,rotten,1,test,0.84707683,rotten,True,-2.7047753,2.0226214,-15.806152,17.527918
C:\Users\antoc\FreshOrRotten\data\raw\Banana_Fresh\rotated_by_30_Screen Shot 2018-06-12 at 9.53.46 PM.jpg,banana,fresh,0,test,0.11766856,fresh,True,1.9436439,2.8473449,6.219017,18.974188
C:\Users\antoc\FreshOrRotten\data\raw\Banana_Fresh\Screen Shot 2018-06-12 at 10.06.12 PM.jpg,banana,fresh,0,test,0.0999895,fresh,True,3.287375,-2.268426,38.82967,-15.8321905
C:\Users\antoc\FreshOrRotten\data\raw\Kaki_Fresh\Image455.jpg,kaki,fresh,0,test,0.03165621,fresh,True,3.7768269,5.930148,13.890693,47.37045
C:\Users\antoc\FreshOrRotten\data\raw\Pomegranate_Fresh\20190820_145016_23539.jpg,pomegranate,fresh,0,test,0.029164389,fresh,True,3.586083,3.2229328,21.68041,20.306442
C:\Users\antoc\FreshOrRotten\data\raw\Guava_Rotten\RottenGuava (133).jpg,guava,rotten,1,test,0.5638652,rotten,True,-0.75624603,-3.4194195,0.36322853,-18.908663
C:\Users\antoc\FreshOrRotten\data\raw\Potato_Rotten\rottenPotato (140).jpg,potato,rotten,1,test,0.96030325,rotten,True,-4.5783253,-1.5870694,-31.283588,-7.1037936
C:\Users\antoc\FreshOrRotten\data\raw\Banana_Fresh\IMG_9001.JPG,banana,fresh,0,test,0.44195867,fresh,True,-0.07027188,-3.140307,3.096244,-17.990057
C:\Users\antoc\FreshOrRotten\data\raw\Banana_Rotten\rotated_by_45_Screen Shot 2018-06-12 at 8.50.26 PM.jpg,banana,rotten,1,test,0.99768865,rotten,True,-7.602168,2.2103071,-51.802166,7.4230843
C:\Users\antoc\FreshOrRotten\data\raw\Banana_Fresh\freshBanana (409)1.jpg,banana,fresh,0,test,0.47800657,fresh,True,-0.4730621,-3.8996449,0.066302665,-30.08709
C:\Users\antoc\FreshOrRotten\data\raw\Strawberry_Rotten\RottenStrawberry (121)!.jpg,strawberry,rotten,1,test,0.96310025,rotten,True,-3.485989,1.6898551,-21.165758,38.40546
C:\Users\antoc\FreshOrRotten\data\raw\Carrot_Fresh\freshCarrot (116).jpg,carrot,fresh,0,test,0.5367048,rotten,False,-0.5227712,-2.5489857,-18.268995,-39.756535
C:\Users\antoc\FreshOrRotten\data\raw\Orange_Rotten\IMG_20190824_175054.jpg,orange,rotten,1,test,0.88609993,rotten,True,-3.1839368,-1.3028709,-23.991505,6.189959
C:\Users\antoc\FreshOrRotten\data\raw\Strawberry_Fresh\freshStrawberry (5)1.jpg,strawberry,fresh,0,test,0.3879018,fresh,True,-0.37446907,-3.6768231,-9.3404665,-35.768044
C:\Users\antoc\FreshOrRotten\data\raw\Jujube_Fresh\FreshJujube (165).jpg,jujube,fresh,0,test,0.39084342,fresh,True,-0.1443549,-0.7069979,-5.9352226,6.4762573
C:\Users\antoc\FreshOrRotten\data\raw\Peach_Rotten\Image3895.jpg,peach,rotten,1,test,0.4429061,fresh,False,-0.08930024,-2.5277033,-8.725969,-7.0486574
C:\Users\antoc\FreshOrRotten\data\raw\Bellpepper_Rotten\rottenPepper (511)1.jpg,bellpepper,rotten,1,test,0.044626456,fresh,False,4.3116264,2.0099998,18.209238,-34.831467
C:\Users\antoc\FreshOrRotten\data\raw\Orange_Fresh\rotated_by_60_Screen Shot 2018-06-13 at 12.15.01 AM.jpg,orange,fresh,0,test,0.28380919,fresh,True,0.8905141,-3.776969,12.941179,-38.168423
C:\Users\antoc\FreshOrRotten\data\raw\Tomato_Rotten\Image203 (2).jpg,tomato,rotten,1,test,0.99520314,rotten,True,-6.577834,2.1332593,-34.943928,27.339563
C:\Users\antoc\FreshOrRotten\data\raw\Apple_Rotten\RottenApple (9)!.jpg,apple,rotten,1,test,0.6568651,rotten,True,-1.300235,-2.6991403,-21.302433,-36.942406
C:\Users\antoc\FreshOrRotten\data\raw\Banana_Rotten\IMG_20190910_175748.jpg,banana,rotten,1,test,0.99624604,rotten,True,-7.368636,1.3465291,-39.05303,7.687569
C:\Users\antoc\FreshOrRotten\data\raw\Tomato_Fresh\freshTomato (298)1.jpg,tomato,fresh,0,test,0.55996746,rotten,False,-1.4517003,-3.7326975,-4.5160627,-39.77741
C:\Users\antoc\FreshOrRotten\data\raw\Lime_Rotten\IMG_7686.JPG,lime,rotten,1,test,0.95684963,rotten,True,-4.4658732,-1.5498667,-30.893732,-1.611753
C:\Users\antoc\FreshOrRotten\data\raw\Apple_Rotten\IMG_8235.JPG,apple,rotten,1,test,0.9976527,rotten,True,-7.571787,2.4010813,-34.46325,24.412987
C:\Users\antoc\FreshOrRotten\data\raw\Tomato_Rotten\Image441 (2).jpg,tomato,rotten,1,test,0.9990221,rotten,True,-8.509632,3.6435013,-38.316814,29.947853
C:\Users\antoc\FreshOrRotten\data\raw\Banana_Rotten\IMG_20190910_175323.jpg,banana,rotten,1,test,0.9857577,rotten,True,-5.7464542,2.1627011,-39.861206,20.349247
C:\Users\antoc\FreshOrRotten\data\raw\Pomegranate_Fresh\20190820_145939_23864.jpg,pomegranate,fresh,0,test,0.0092669055,fresh,True,5.16805,2.4974072,27.679241,31.766119
C:\Users\antoc\FreshOrRotten\data\raw\Carrot_Rotten\rottenCarrot (308).jpg,carrot,rotten,1,test,0.9071497,rotten,True,-3.4337726,-1.7466018,-23.472366,-0.8825656
C:\Users\antoc\FreshOrRotten\data\raw\Bellpepper_Rotten\Image2161.jpg,bellpepper,rotten,1,test,0.99794644,rotten,True,-7.7885637,2.5806053,-35.30955,25.2297
C:\Users\antoc\FreshOrRotten\data\raw\Pomegranate_Fresh\20190820_153552.jpg,pomegranate,fresh,0,test,0.004168742,fresh,True,6.1365285,1.991265,33.386436,26.720749
C:\Users\antoc\FreshOrRotten\data\raw\Tomato_Fresh\Image101.jpg,tomato,fresh,0,test,0.051398326,fresh,True,3.333167,2.8690717,14.980283,41.0435
C:\Users\antoc\FreshOrRotten\data\raw\Pomegranate_Fresh\20190820_145117_23582.jpg,pomegranate,fresh,0,test,0.002598045,fresh,True,6.6329684,3.030524,34.46626,29.819641
C:\Users\antoc\FreshOrRotten\data\raw\Pomegranate_Fresh\IMG20200728125119_01_26958.jpg,pomegranate,fresh,0,test,0.0036249962,fresh,True,14.220042,0.37797582,56.798714,-21.971823
C:\Users\antoc\FreshOrRotten\data\raw\Strawberry_Rotten\rottenStrawberry (49)1.jpg,strawberry,rotten,1,test,0.93747175,rotten,True,-3.6688845,-0.92300445,-21.954235,24.256136
C:\Users\antoc\FreshOrRotten\data\raw\Strawberry_Fresh\FreshStrawberry (187)!.jpg,strawberry,fresh,0,test,0.28753346,fresh,True,0.57792026,-3.6732135,9.337998,-33.012432
C:\Users\antoc\FreshOrRotten\data\raw\Banana_Fresh\freshBanana (317)1.jpg,banana,fresh,0,test,0.40575072,fresh,True,-0.049583912,-3.8216314,5.4354353,-30.28232
C:\Users\antoc\FreshOrRotten\data\raw\Banana_Fresh\translation_Screen Shot 2018-06-12 at 9.51.44 PM.jpg,banana,fresh,0,test,0.22573486,fresh,True,1.2784235,-1.0588895,5.1545806,-4.420111
C:\Users\antoc\FreshOrRotten\data\raw\Pomegranate_Fresh\20190820_145718_23762.jpg,pomegranate,fresh,0,test,0.0033508278,fresh,True,6.581253,8.11311,33.688103,43.61097
C:\Users\antoc\FreshOrRotten\data\raw\Strawberry_Rotten\rottenStrawberry (45)1.jpg,strawberry,rotten,1,test,0.95227,rotten,True,-4.1630917,0.93717813,-19.754873,18.485636
C:\Users\antoc\FreshOrRotten\data\raw\Apple_Rotten\IMG_20190910_172416.jpg,apple,rotten,1,test,0.9624928,rotten,True,-3.679565,2.7158277,-22.05507,39.149284
C:\Users\antoc\FreshOrRotten\data\raw\Bellpepper_Fresh\freshPepper (558)1.jpg,bellpepper,fresh,0,test,0.039695594,fresh,True,2.886991,-4.004566,21.05132,-47.386646
C:\Users\antoc\FreshOrRotten\data\raw\Lime_Rotten\IMG_7472.JPG,lime,rotten,1,test,0.85671043,rotten,True,-2.7350016,-2.8850079,-21.071043,-13.278722
C:\Users\antoc\FreshOrRotten\data\raw\Pomegranate_Fresh\20190820_150046_23904.jpg,pomegranate,fresh,0,test,0.003170717,fresh,True,6.572559,6.046506,33.161057,41.262333
C:\Users\antoc\FreshOrRotten\data\raw\Banana_Rotten\rotated_by_30_Screen Shot 2018-06-12 at 8.57.34 PM.jpg,banana,rotten,1,test,0.999366,rotten,True,-9.268738,4.045562,-55.170883,10.436342
C:\Users\antoc\FreshOrRotten\data\raw\Banana_Rotten\RottenBanana (206)!.jpg,banana,rotten,1,test,0.98049265,rotten,True,-5.445001,-1.1212833,-31.91485,-3.8776398
C:\Users\antoc\FreshOrRotten\data\raw\Pomegranate_Fresh\20190820_152653_25084.jpg,pomegranate,fresh,0,test,0.003747389,fresh,True,6.249133,4.3038034,32.51019,36.362995
C:\Users\antoc\FreshOrRotten\data\raw\Orange_Fresh\IMG_20190924_153612.jpg,orange,fresh,0,test,0.18270023,fresh,True,1.3747097,-3.2733483,20.988932,-18.63795
C:\Users\antoc\FreshOrRotten\data\raw\Bellpepper_Fresh\Day2.jpg_0_6283.jpg,bellpepper,fresh,0,test,0.049494766,fresh,True,3.0618098,-1.0799202,30.198942,-4.422721
C:\Users\antoc\FreshOrRotten\data\raw\Guava_Fresh\IMG_8722.JPG,guava,fresh,0,test,0.10460101,fresh,True,1.9835762,1.598011,-0.78205913,15.121021
C:\Users\antoc\FreshOrRotten\data\raw\Pomegranate_Fresh\20190820_150518_24179.jpg,pomegranate,fresh,0,test,0.12183717,fresh,True,1.8421326,3.7622278,-8.432769,21.138172
C:\Users\antoc\FreshOrRotten\data\raw\Guava_Rotten\RottenGuava (112).jpg,guava,rotten,1,test,0.9972709,rotten,True,-8.088928,2.7000751,-31.029451,36.93638
C:\Users\antoc\FreshOrRotten\data\raw\Guava_Rotten\RottenGuava (131).jpg,guava,rotten,1,test,0.76611894,rotten,True,-2.1186109,-2.870194,-13.005418,-22.623135
C:\Users\antoc\FreshOrRotten\data\raw\Pomegranate_Fresh\20190820_153114_25461.jpg,pomegranate,fresh,0,test,0.021775238,fresh,True,4.110385,1.0974075,23.801914,30.493444
C:\Users\antoc\FreshOrRotten\data\raw\Pomegranate_Fresh\20190820_153250_25603.jpg,pomegranate,fresh,0,test,0.017873665,fresh,True,4.2536373,1.4290172,24.114025,16.749489
C:\Users\antoc\FreshOrRotten\data\raw\Bellpepper_Fresh\freshPepper (478)1.jpg,bellpepper,fresh,0,test,0.032735083,fresh,True,4.5746264,-2.9094167,51.34713,-9.634465
C:\Users\antoc\FreshOrRotten\data\raw\Lime_Rotten\IMG_7023.JPG,lime,rotten,1,test,0.9773621,rotten,True,-5.1518035,4.3982677,-41.39487,18.209274
C:\Users\antoc\FreshOrRotten\data\raw\Banana_Fresh\translation_Screen Shot 2018-06-12 at 9.58.56 PM.jpg,banana,fresh,0,test,0.057976276,fresh,True,3.3902135,1.0152494,11.363721,20.124166
C:\Users\antoc\FreshOrRotten\data\raw\Pomegranate_Rotten\RottenPomegranate (21)!.jpg,pomegranate,rotten,1,test,0.865953,rotten,True,-2.3178833,-1.0639443,-12.897701,29.710283
C:\Users\antoc\FreshOrRotten\data\raw\Tomato_Rotten\rottenTomato (51)1.jpg,tomato,rotten,1,test,0.336767,fresh,False,0.36217085,-3.1429727,6.826295,-19.219692
C:\Users\antoc\FreshOrRotten\data\raw\Orange_Rotten\rottenOrange (448)1.jpg,orange,rotten,1,test,0.5349397,rotten,True,-0.77307564,-3.7644985,-5.773983,-23.891092
C:\Users\antoc\FreshOrRotten\data\raw\Orange_Fresh\IMG20200728190516.jpg,orange,fresh,0,test,0.17030157,fresh,True,2.5297282,-2.1343813,24.931019,-12.423223
C:\Users\antoc\FreshOrRotten\data\raw\Tomato_Fresh\DSCN4157.jpg_0_4349.jpg,tomato,fresh,0,test,0.44141963,fresh,True,0.010390552,4.3364773,6.8921475,51.752525
C:\Users\antoc\FreshOrRotten\data\raw\Pomegranate_Fresh\20190820_143637_22964.jpg,pomegranate,fresh,0,test,0.02002674,fresh,True,5.2403226,-1.9799348,45.301483,-0.37136248
C:\Users\antoc\FreshOrRotten\data\raw\Pomegranate_Fresh\20190820_150707_24301.jpg,pomegranate,fresh,0,test,0.0072932816,fresh,True,5.463361,3.7339127,29.458412,35.00475
C:\Users\antoc\FreshOrRotten\data\raw\Guava_Rotten\IMG_20190824_180012.jpg,guava,rotten,1,test,0.9966761,rotten,True,-7.146123,2.304151,-33.92038,31.532984
C:\Users\antoc\FreshOrRotten\data\raw\Orange_Rotten\rottenOrange (191)1.jpg,orange,rotten,1,test,0.97324425,rotten,True,-4.889517,-0.14876744,-26.808764,8.610599
C:\Users\antoc\FreshOrRotten\data\raw\Tomato_Rotten\Copy of IMG_20200729_164206.jpg_0_6641.jpg,tomato,rotten,1,test,0.87808466,rotten,True,-2.5068374,-1.2747538,-27.713448,-42.248714
C:\Users\antoc\FreshOrRotten\data\raw\Orange_Fresh\IMG20200729173917.jpg,orange,fresh,0,test,0.3178145,fresh,True,0.3755801,-0.92454726,-4.5235176,6.581306
C:\Users\antoc\FreshOrRotten\data\raw\Carrot_Fresh\freshCarrot (266).jpg,carrot,fresh,0,test,0.18189472,fresh,True,0.1035147,-4.543166,0.94865966,-44.686813
C:\Users\antoc\FreshOrRotten\data\raw\Pomegranate_Fresh\20190820_153851_26147.jpg,pomegranate,fresh,0,test,0.010063208,fresh,True,4.9468675,2.4307644,25.046995,20.857248
C:\Users\antoc\FreshOrRotten\data\raw\Pomegranate_Rotten\IMG_20190822_084524_1.jpg,pomegranate,rotten,1,test,0.6550691,rotten,True,-0.76869506,2.202859,-10.329283,28.500671
C:\Users\antoc\FreshOrRotten\data\raw\Bellpepper_Fresh\IMG_20200822_223846.jpg_0_7279.jpg,bellpepper,fresh,0,test,0.2246094,fresh,True,1.3808149,-3.992421,8.848383,-37.529613
C:\Users\antoc\FreshOrRotten\data\raw\Apple_Rotten\rotated_by_45_Screen Shot 2018-06-07 at 2.55.52 PM.jpg,apple,rotten,1,test,0.7970474,rotten,True,-1.868205,-3.2725883,-21.294392,-23.24837
C:\Users\antoc\FreshOrRotten\data\raw\Banana_Rotten\rotated_by_45_Screen Shot 2018-06-12 at 9.18.57 PM.jpg,banana,rotten,1,test,0.8991082,rotten,True,-3.1892395,6.1230106,-47.836117,13.310368
C:\Users\antoc\FreshOrRotten\data\raw\Apple_Rotten\IMG20200728180241.jpg,apple,rotten,1,test,0.9970703,rotten,True,-7.4364595,2.6783552,-39.35873,24.78048
C:\Users\antoc\FreshOrRotten\data\raw\Tomato_Rotten\Image2487.jpg,tomato,rotten,1,test,0.86836684,rotten,True,-2.904498,-2.2893295,-33.76165,-24.24379
C:\Users\antoc\FreshOrRotten\data\raw\Apple_Fresh\rotated_by_15_Screen Shot 2018-06-08 at 5.02.38 PM.jpg,apple,fresh,0,test,0.09846814,fresh,True,2.5697026,3.6994605,14.708357,42.037533
C:\Users\antoc\FreshOrRotten\data\raw\Papaya_Rotten\Image1813.jpg,papaya,rotten,1,test,0.99098575,rotten,True,-6.4045887,-0.47852457,-47.200565,-10.994019
C:\Users\antoc\FreshOrRotten\data\raw\Apple_Fresh\vertical_flip_Screen Shot 2018-06-08 at 5.21.35 PM.jpg,apple,fresh,0,test,0.00403909,fresh,True,6.1511073,5.576495,31.658709,39.111176
C:\Users\antoc\FreshOrRotten\data\raw\Apple_Rotten\rotated_by_45_Screen Shot 2018-06-07 at 2.46.52 PM.jpg,apple,rotten,1,test,0.9188705,rotten,True,-3.1854424,-1.2781534,-31.300905,-38.31269
C:\Users\antoc\FreshOrRotten\data\raw\Apple_Rotten\rotated_by_60_Screen Shot 2018-06-07 at 2.58.57 PM.jpg,apple,rotten,1,test,0.9507992,rotten,True,-3.612279,0.035197373,-32.622288,-40.81305
C:\Users\antoc\FreshOrRotten\data\raw\Orange_Rotten\rottenOrange (455)1.jpg,orange,rotten,1,test,0.3359675,fresh,False,0.45446464,-3.7806902,12.805437,-22.39337
C:\Users\antoc\FreshOrRotten\data\raw\Lime_Rotten\IMG_6987.JPG,lime,rotten,1,test,0.99650866,rotten,True,-7.0566797,2.289744,-33.671825,31.623087
C:\Users\antoc\FreshOrRotten\data\raw\Orange_Rotten\rotated_by_75_Screen Shot 2018-06-12 at 11.29.21 PM.jpg,orange,rotten,1,test,0.5627909,rotten,True,-0.40440485,-2.3376625,0.34181446,-12.729894
C:\Users\antoc\FreshOrRotten\data\raw\Carrot_Fresh\freshCarrot (242).jpg,carrot,fresh,0,test,0.20566721,fresh,True,0.8596233,-4.138919,6.848687,-38.967422
C:\Users\antoc\FreshOrRotten\data\raw\Bitter_Gourd_Rotten\IMG_20200824_182221.jpg_0_4951.jpg,bitter_gourd,rotten,1,test,0.99366564,rotten,True,-6.6102934,0.02571064,-40.736717,-1.909778
C:\Users\antoc\FreshOrRotten\data\raw\Lime_Fresh\IMG_20190902_111447.jpg,lime,fresh,0,test,0.02813278,fresh,True,3.9572742,-0.83067197,34.18532,-3.880677
C:\Users\antoc\FreshOrRotten\data\raw\Guava_Rotten\IMG20200728185020.jpg,guava,rotten,1,test,0.529668,rotten,True,-0.70305955,-0.63786757,-5.822361,7.582974
C:\Users\antoc\FreshOrRotten\data\raw\Pomegranate_Fresh\20190820_153950_26231.jpg,pomegranate,fresh,0,test,0.00800111,fresh,True,5.3677664,1.628577,32.07744,20.926367
C:\Users\antoc\FreshOrRotten\data\raw\Tomato_Fresh\IMG_20200725_095424.jpg_0_2177.jpg,tomato,fresh,0,test,0.4749604,fresh,True,-0.42950898,-3.9001544,-1.5334345,-27.100586
C:\Users\antoc\FreshOrRotten\data\raw\Bellpepper_Fresh\IMG_20200826_172333.jpg_0_2665.jpg,bellpepper,fresh,0,test,0.102313496,fresh,True,3.1947923,-2.277213,46.660526,-10.025769
C:\Users\antoc\FreshOrRotten\data\raw\Cucumber_Fresh\freshCucumber (435)1.jpg,cucumber,fresh,0,test,0.21479149,fresh,True,4.870696,-2.9590893,54.39157,-16.53644
C:\Users\antoc\FreshOrRotten\data\raw\Orange_Fresh\rotated_by_45_Screen Shot 2018-06-12 at 11.53.22 PM.jpg,orange,fresh,0,test,0.12385921,fresh,True,1.2503451,-4.185213,17.761948,-45.70545
C:\Users\antoc\FreshOrRotten\data\raw\Lime_Fresh\IMG_20190902_111312_1.jpg,lime,fresh,0,test,0.08553237,fresh,True,2.4201715,-2.5197358,23.762386,-16.765444
C:\Users\antoc\FreshOrRotten\data\raw\Pomegranate_Fresh\20190820_151355_24599.jpg,pomegranate,fresh,0,test,0.012458023,fresh,True,4.9403524,0.91712064,33.939762,19.28404
C:\Users\antoc\FreshOrRotten\data\raw\Banana_Fresh\freshBanana (203)1.jpg,banana,fresh,0,test,0.37358308,fresh,True,-0.11447399,0.16521484,-2.781202,6.3452106
C:\Users\antoc\FreshOrRotten\data\raw\Bellpepper_Rotten\IMG_20200901_181735.jpg_0_7392.jpg,bellpepper,rotten,1,test,0.84678006,rotten,True,-2.3710318,-3.0649166,-16.519966,-19.58949
C:\Users\antoc\FreshOrRotten\data\raw\Kaki_Fresh\Image505.jpg,kaki,fresh,0,test,0.03712024,fresh,True,3.5704725,5.846694,13.105326,47.404594
C:\Users\antoc\FreshOrRotten\data\raw\Apple_Fresh\freshApple (306)1.jpg,apple,fresh,0,test,0.04640351,fresh,True,3.5005422,-1.0806208,28.451965,-8.399516
C:\Users\antoc\FreshOrRotten\data\raw\Orange_Rotten\IMG_20190824_174948.jpg,orange,rotten,1,test,0.3344326,fresh,False,0.34586218,-3.3153753,12.022726,-39.49421
C:\Users\antoc\FreshOrRotten\data\raw\Pear_Fresh\Image295.jpg,pear,fresh,0,test,0.013029096,fresh,True,4.62187,0.6180594,30.660364,10.852953
C:\Users\antoc\FreshOrRotten\data\raw\Banana_Rotten\translation_Screen Shot 2018-06-12 at 9.12.37 PM.jpg,banana,rotten,1,test,0.99993694,rotten,True,-11.87808,5.7601333,-57.050865,11.640508
C:\Users\antoc\FreshOrRotten\data\raw\Pomegranate_Fresh\20190820_150646_24264.jpg,pomegranate,fresh,0,test,0.002365523,fresh,True,6.8090205,5.4992533,33.918007,38.988697
C:\Users\antoc\FreshOrRotten\data\raw\Potato_Rotten\rottenPotato (119).jpg,potato,rotten,1,test,0.97105557,rotten,True,-4.8973722,6.2319107,-42.53684,18.076096
C:\Users\antoc\FreshOrRotten\data\raw\Apple_Rotten\saltandpepper_Screen Shot 2018-06-07 at 2.42.25 PM.jpg,apple,rotten,1,test,0.84201425,rotten,True,-2.265341,-1.6766531,-27.030436,-40.258823
C:\Users\antoc\FreshOrRotten\data\raw\Banana_Rotten\RottenBanana (207)!.jpg,banana,rotten,1,test,0.88881946,rotten,True,-3.039744,-2.7853944,-22.262663,-11.173699
C:\Users\antoc\FreshOrRotten\data\raw\Carrot_Fresh\freshCarrot (258).jpg,carrot,fresh,0,test,0.35757446,fresh,True,-0.5394943,-3.4575515,-12.270293,-44.190594
C:\Users\antoc\FreshOrRotten\data\raw\Orange_Rotten\rotated_by_60_Screen Shot 2018-06-12 at 11.41.04 PM.jpg,orange,rotten,1,test,0.9426601,rotten,True,-3.816678,-2.2393734,-28.5379,-10.293881
C:\Users\antoc\FreshOrRotten\data\raw\Apple_Fresh\20190809_153355.jpg,apple,fresh,0,test,0.07016847,fresh,True,2.8931766,-2.3784513,32.434067,-12.38868
C:\Users\antoc\FreshOrRotten\data\raw\Apple_Rotten\rotated_by_45_Screen Shot 2018-06-07 at 2.38.04 PM.jpg,apple,rotten,1,test,0.9045783,rotten,True,-2.634378,-0.5424606,-29.442314,-46.15672
C:\Users\antoc\FreshOrRotten\data\raw\Orange_Fresh\rotated_by_15_Screen Shot 2018-06-12 at 11.55.48 PM.jpg,orange,fresh,0,test,0.17298836,fresh,True,1.8917212,-3.4137683,23.751066,-40.3438
C:\Users\antoc\FreshOrRotten\data\raw\Bitter_Gourd_Fresh\IMG_20200823_131855.jpg_0_536.jpg,bitter_gourd,fresh,0,test,0.011528215,fresh,True,5.0254655,0.96287954,28.243404,7.946288
C:\Users\antoc\FreshOrRotten\data\raw\Orange_Rotten\RottenOrange (21)!.jpg,orange,rotten,1,test,0.52791625,rotten,True,-1.3938901,-3.369534,-5.14068,-37.03583
C:\Users\antoc\FreshOrRotten\data\raw\Bellpepper_Fresh\IMG_20200822_223846.jpg_0_4101.jpg,bellpepper,fresh,0,test,0.2100076,fresh,True,1.2935874,-4.036026,8.761701,-37.459213
C:\Users\antoc\FreshOrRotten\data\raw\Apple_Rotten\RottenApple (20)!.jpg,apple,rotten,1,test,0.97710174,rotten,True,-4.127172,5.838992,-21.425823,44.669308
C:\Users\antoc\FreshOrRotten\data\raw\Orange_Fresh\translation_Screen Shot 2018-06-13 at 12.14.09 AM.jpg,orange,fresh,0,test,0.12357095,fresh,True,2.4665813,-3.3391838,23.724833,-40.99914
C:\Users\antoc\FreshOrRotten\data\raw\Orange_Rotten\RottenOrange (46)!.jpg,orange,rotten,1,test,0.9332776,rotten,True,-3.311414,-0.6906562,-32.543484,-45.191895
C:\Users\antoc\FreshOrRotten\data\raw\Apple_Rotten\saltandpepper_Screen Shot 2018-06-07 at 2.51.16 PM.jpg,apple,rotten,1,test,0.97143644,rotten,True,-5.102564,-1.8101534,-40.24799,-6.046697
C:\Users\antoc\FreshOrRotten\data\raw\Orange_Fresh\translation_Screen Shot 2018-06-13 at 12.13.19 AM.jpg,orange,fresh,0,test,0.02944791,fresh,True,4.3365855,-2.6207142,28.32813,-43.002026
C:\Users\antoc\FreshOrRotten\data\raw\Strawberry_Fresh\freshStrawberry (163)1.jpg,strawberry,fresh,0,test,0.04134382,fresh,True,3.1736984,0.7816457,21.742098,13.696028
C:\Users\antoc\FreshOrRotten\data\raw\Orange_Fresh\IMG20200729173819_01.jpg,orange,fresh,0,test,0.025770344,fresh,True,3.899611,-0.109868646,30.680944,2.6415472
C:\Users\antoc\FreshOrRotten\data\raw\Apple_Fresh\rotated_by_30_Screen Shot 2018-06-08 at 5.22.20 PM.jpg,apple,fresh,0,test,0.13733816,fresh,True,1.9238676,0.9915014,16.806389,32.503197
C:\Users\antoc\FreshOrRotten\data\raw\Pomegranate_Fresh\IMG20200728182312_27614.jpg,pomegranate,fresh,0,test,0.02280907,fresh,True,3.9476354,0.7897313,24.217058,14.149234
C:\Users\antoc\FreshOrRotten\data\raw\Apple_Rotten\rottenApple (246)1.jpg,apple,rotten,1,test,0.65519446,rotten,True,-1.3795185,-3.0817254,-5.748017,-27.322027
C:\Users\antoc\FreshOrRotten\data\raw\Strawberry_Fresh\freshStrawberry (489)1.jpg,strawberry,fresh,0,test,0.35486546,fresh,True,0.3414479,2.2909381,-11.65214,19.79162
C:\Users\antoc\FreshOrRotten\data\raw\Orange_Rotten\rotated_by_15_Screen Shot 2018-06-12 at 11.40.42 PM.jpg,orange,rotten,1,test,0.9457556,rotten,True,-4.010512,-1.3451647,-28.001184,-0.10002459
C:\Users\antoc\FreshOrRotten\data\raw\Banana_Rotten\Image777.jpg,banana,rotten,1,test,0.9996488,rotten,True,-9.858918,4.772507,-44.772156,29.03806
C:\Users\antoc\FreshOrRotten\data\raw\Grapes_Rotten\RottenGrape (155).jpg,grapes,rotten,1,test,0.2786596,fresh,False,0.78978616,-2.3878157,14.100416,-14.009391
C:\Users\antoc\FreshOrRotten\data\raw\Banana_Rotten\translation_Screen Shot 2018-06-12 at 9.07.46 PM.jpg,banana,rotten,1,test,0.9946055,rotten,True,-6.8151054,1.3721819,-41.66804,1.7319344
C:\Users\antoc\FreshOrRotten\data\raw\Banana_Fresh\freshBanana (170)1.jpg,banana,fresh,0,test,0.21240175,fresh,True,1.8872192,-3.0761535,35.166164,-18.789608
C:\Users\antoc\FreshOrRotten\data\raw\Tomato_Rotten\rottenTomato (401)1.jpg,tomato,rotten,1,test,0.7322745,rotten,True,-1.594753,1.9841464,-13.19337,20.582453
C:\Users\antoc\FreshOrRotten\data\raw\Cucumber_Rotten\Image45.jpg,cucumber,rotten,1,test,0.9819593,rotten,True,-5.7013245,0.6598764,-34.351093,3.8231182
C:\Users\antoc\FreshOrRotten\data\raw\Mango_Rotten\rottenMango (548).jpg,mango,rotten,1,test,0.84294266,rotten,True,-2.701745,-1.2697549,-22.281776,6.822431
C:\Users\antoc\FreshOrRotten\data\raw\Pomegranate_Fresh\20190820_153447_25799.jpg,pomegranate,fresh,0,test,0.02507047,fresh,True,3.7965455,1.8025202,22.31063,17.68495
C:\Users\antoc\FreshOrRotten\data\raw\Banana_Fresh\Screen Shot 2018-06-12 at 9.56.28 PM.jpg,banana,fresh,0,test,0.08510969,fresh,True,9.301304,-0.3486967,53.20891,-21.958717
C:\Users\antoc\FreshOrRotten\data\raw\Lime_Rotten\IMG_7381.JPG,lime,rotten,1,test,0.93047327,rotten,True,-3.7677689,-2.2409146,-24.357195,-10.483387
C:\Users\antoc\FreshOrRotten\data\raw\Strawberry_Rotten\rottenStrawberry (344)1.jpg,strawberry,rotten,1,test,0.6301502,rotten,True,-2.4112027,-3.1265078,-29.594036,-19.47632
C:\Users\antoc\FreshOrRotten\data\raw\Banana_Rotten\IMG_20190910_175449_1.jpg,banana,rotten,1,test,0.99923897,rotten,True,-9.408379,2.6858363,-56.976723,6.8797965
C:\Users\antoc\FreshOrRotten\data\raw\Pomegranate_Fresh\20190820_153855_26159.jpg,pomegranate,fresh,0,test,0.011853187,fresh,True,4.7286882,2.4653738,24.65146,20.690826
C:\Users\antoc\FreshOrRotten\data\raw\Tomato_Fresh\DSCN4157.jpg_0_5844.jpg,tomato,fresh,0,test,0.3167895,fresh,True,0.64745396,3.9261098,6.9262595,51.540554
C:\Users\antoc\FreshOrRotten\data\raw\Bellpepper_Rotten\WhatsApp Image 2020-11-07 at 11.30.46 PM.jpg_0_5786.jpg,bellpepper,rotten,1,test,0.18631077,fresh,False,1.6445943,-0.9141063,6.270907,-4.761178
C:\Users\antoc\FreshOrRotten\data\raw\Pomegranate_Fresh\20190820_153713_25979.jpg,pomegranate,fresh,0,test,0.013679444,fresh,True,4.4909325,2.9842153,23.765228,20.74125
C:\Users\antoc\FreshOrRotten\data\raw\Orange_Rotten\rottenOrange (440)1.jpg,orange,rotten,1,test,0.7123734,rotten,True,-1.6721344,-3.3815453,-10.139674,-20.971235
C:\Users\antoc\FreshOrRotten\data\raw\Watermelon_Rotten\Image215.jpg,watermelon,rotten,1,test,0.50512123,rotten,True,-0.6665053,-3.8861885,-0.67490995,-26.061037
C:\Users\antoc\FreshOrRotten\data\raw\Pomegranate_Fresh\20190820_150107_23961.jpg,pomegranate,fresh,0,test,0.003666669,fresh,True,6.3306475,4.7379265,32.205563,37.215023
C:\Users\antoc\FreshOrRotten\data\raw\Bellpepper_Rotten\WhatsApp Image 2020-11-07 at 11.35.37 PM.jpg_0_3431.jpg,bellpepper,rotten,1,test,0.9161606,rotten,True,-3.4229443,-2.2195468,-25.288298,-10.89422
C:\Users\antoc\FreshOrRotten\data\raw\Apple_Rotten\rotated_by_60_Screen Shot 2018-06-07 at 2.46.43 PM.jpg,apple,rotten,1,test,0.1938248,fresh,False,1.6949508,-0.9173945,4.8097315,-4.4907646
C:\Users\antoc\FreshOrRotten\data\raw\Orange_Rotten\rottenOrange (391)1.jpg,orange,rotten,1,test,0.75337005,rotten,True,-1.8472799,-3.2399936,-11.093499,-18.411196
C:\Users\antoc\FreshOrRotten\data\raw\Guava_Rotten\IMG_20190829_072425.jpg,guava,rotten,1,test,0.9885954,rotten,True,-5.7568884,3.1771286,-32.651745,33.352844
C:\Users\antoc\FreshOrRotten\data\raw\Strawberry_Rotten\rottenStrawberry (510)1.jpg,strawberry,rotten,1,test,0.9256424,rotten,True,-3.5049975,-0.9161289,-21.234327,25.098392
C:\Users\antoc\FreshOrRotten\data\raw\Banana_Fresh\freshBanana (196)1.jpg,banana,fresh,0,test,0.2788032,fresh,True,0.45363247,-0.052545507,-2.2773716,6.2477527
C:\Users\antoc\FreshOrRotten\data\raw\Apple_Rotten\vertical_flip_Screen Shot 2018-06-08 at 2.37.53 PM.jpg,apple,rotten,1,test,0.96758735,rotten,True,-4.8069224,-0.056566868,-38.6713,-36.605194
C:\Users\antoc\FreshOrRotten\data\raw\Apple_Rotten\rotated_by_45_Screen Shot 2018-06-08 at 2.34.51 PM.jpg,apple,rotten,1,test,0.75140613,rotten,True,-1.4014589,-3.4597225,-20.320189,-23.344797
C:\Users\antoc\FreshOrRotten\data\raw\Orange_Fresh\rotated_by_75_Screen Shot 2018-06-12 at 11.52.32 PM.jpg,orange,fresh,0,test,0.044314258,fresh,True,3.0813792,-3.2621868,22.55144,-46.200623
C:\Users\antoc\FreshOrRotten\data\raw\Pomegranate_Fresh\20190820_154151.jpg,pomegranate,fresh,0,test,0.00034425897,fresh,True,9.056379,6.14655,39.85869,38.00355
C:\Users\antoc\FreshOrRotten\data\raw\Banana_Rotten\rottenBanana (200)1.jpg,banana,rotten,1,test,0.9997056,rotten,True,-10.201211,4.053822,-56.295555,10.693222
C:\Users\antoc\FreshOrRotten\data\raw\Pomegranate_Fresh\20190820_144445_23284.jpg,pomegranate,fresh,0,test,0.009128048,fresh,True,6.6939707,-0.91523135,46.06934,0.11888023
C:\Users\antoc\FreshOrRotten\data\raw\Bellpepper_Fresh\IMG_20200823_131812.jpg_0_2336.jpg,bellpepper,fresh,0,test,0.0071376716,fresh,True,6.35204,0.46299547,50.04292,-5.9993067
C:\Users\antoc\FreshOrRotten\data\raw\Potato_Rotten\rottenPotato (280).jpg,potato,rotten,1,test,0.038401086,fresh,False,3.2884426,0.5929711,21.338713,13.829181
C:\Users\antoc\FreshOrRotten\data\raw\Potato_Fresh\freshPotato (293).jpg,potato,fresh,0,test,0.26334673,fresh,True,0.8482602,-3.643124,13.73718,-22.401516
C:\Users\antoc\FreshOrRotten\data\raw\Guava_Fresh\IMG20200729172802_01.jpg,guava,fresh,0,test,0.45917127,fresh,True,-0.5809749,0.94311154,-7.0695295,11.695584
C:\Users\antoc\FreshOrRotten\data\raw\Orange_Fresh\IMG_20190924_153457.jpg,orange,fresh,0,test,0.06690529,fresh,True,2.8727295,-1.7273473,33.5034,-9.21104
C:\Users\antoc\FreshOrRotten\data\raw\Tomato_Rotten\Image2781.jpg,tomato,rotten,1,test,0.9819702,rotten,True,-5.629335,-0.8459808,-42.417656,-10.462054
C:\Users\antoc\FreshOrRotten\data\raw\Bellpepper_Rotten\Image1679.jpg,bellpepper,rotten,1,test,0.98393804,rotten,True,-5.3025594,0.5127651,-30.59542,20.274624
C:\Users\antoc\FreshOrRotten\data\raw\Banana_Fresh\freshBanana (191)1.jpg,banana,fresh,0,test,0.30248874,fresh,True,0.34902367,-0.68596065,-2.1647615,6.160437
C:\Users\antoc\FreshOrRotten\data\raw\Banana_Fresh\IMG_9293.JPG,banana,fresh,0,test,0.108298115,fresh,True,2.2746863,-1.9450612,21.316832,-11.308074
C:\Users\antoc\FreshOrRotten\data\raw\Grape_Fresh\Image391.jpg,grape,fresh,0,test,0.09261087,fresh,True,0.39332148,-4.752635,1.8081415,-47.960537
C:\Users\antoc\FreshOrRotten\data\raw\Bitter_Gourd_Rotten\IMG_20200830_103413.jpg_0_433.jpg,bitter_gourd,rotten,1,test,0.9973877,rotten,True,-7.6772833,6.7517633,-51.6984,11.966341
C:\Users\antoc\FreshOrRotten\data\raw\Bitter_Gourd_Rotten\IMG_20200824_182248.jpg_0_2724.jpg,bitter_gourd,rotten,1,test,0.9766534,rotten,True,-5.0311184,-0.31406456,-36.353165,0.6452475
C:\Users\antoc\FreshOrRotten\data\raw\Carrot_Rotten\rottenCarrot (224).jpg,carrot,rotten,1,test,0.9776188,rotten,True,-4.8724394,1.5966198,-25.92494,31.263575
C:\Users\antoc\FreshOrRotten\data\raw\Lime_Rotten\IMG_7543.JPG,lime,rotten,1,test,0.81352913,rotten,True,-2.4018226,-2.8327403,-12.87789,-17.2911
C:\Users\antoc\FreshOrRotten\data\raw\Pomegranate_Rotten\IMG20200728182901.jpg,pomegranate,rotten,1,test,0.8392656,rotten,True,-0.57157665,-3.6717916,16.513378,2.073003
C:\Users\antoc\FreshOrRotten\data\raw\Banana_Fresh\IMG_8754.JPG,banana,fresh,0,test,0.059250046,fresh,True,2.9939017,-1.100001,25.82065,-8.541851
C:\Users\antoc\FreshOrRotten\data\raw\Orange_Fresh\freshOrange (283)1.jpg,orange,fresh,0,test,0.09094734,fresh,True,2.7226944,-3.3544226,25.840534,-34.3447
C:\Users\antoc\FreshOrRotten\data\raw\Guava_Fresh\IMG_7925.JPG,guava,fresh,0,test,0.08247589,fresh,True,3.947978,-1.9068727,49.181095,-10.128543
C:\Users\antoc\FreshOrRotten\data\raw\Apple_Rotten\rotated_by_60_Screen Shot 2018-06-07 at 2.55.27 PM.jpg,apple,rotten,1,test,0.86707956,rotten,True,-2.4490387,-1.6124095,-28.547224,-40.392666
C:\Users\antoc\FreshOrRotten\data\raw\Peach_Fresh\Image831.jpg,peach,fresh,0,test,0.11389266,fresh,True,2.3921742,-2.6514285,32.842194,-36.770115
C:\Users\antoc\FreshOrRotten\data\raw\Pomegranate_Fresh\20190820_153333.jpg,pomegranate,fresh,0,test,0.00015811024,fresh,True,9.974924,7.629085,40.514236,39.178783
C:\Users\antoc\FreshOrRotten\data\raw\Orange_Fresh\rotated_by_15_Screen Shot 2018-06-13 at 12.20.21 AM.jpg,orange,fresh,0,test,0.3197672,fresh,True,0.7812663,-1.4120057,3.1326623,-5.555737
C:\Users\antoc\FreshOrRotten\data\raw\Apple_Rotten\rotated_by_45_Screen Shot 2018-06-07 at 2.16.41 PM.jpg,apple,rotten,1,test,0.9166341,rotten,True,-3.0162277,-1.0574998,-31.00989,-41.79488
C:\Users\antoc\FreshOrRotten\data\raw\Bellpepper_Fresh\capsicum3_1.jpg_0_7606.jpg,bellpepper,fresh,0,test,0.073371336,fresh,True,2.5800164,-0.28029856,8.709706,9.983653
C:\Users\antoc\FreshOrRotten\data\raw\Apple_Rotten\rotated_by_75_Screen Shot 2018-06-08 at 2.48.00 PM.jpg,apple,rotten,1,test,0.824407,rotten,True,-2.1043067,-3.2976599,-21.720757,-23.21191
C:\Users\antoc\FreshOrRotten\data\raw\Banana_Fresh\Screen Shot 2018-06-12 at 10.00.07 PM.jpg,banana,fresh,0,test,0.11110746,fresh,True,2.3153539,-0.89538485,9.720764,0.32280898
C:\Users\antoc\FreshOrRotten\data\raw\Bellpepper_Fresh\capsicum3_8.jpg_0_7539.jpg,bellpepper,fresh,0,test,0.033205003,fresh,True,3.6108646,1.9351805,9.617276,14.781134
C:\Users\antoc\FreshOrRotten\data\raw\Mango_Rotten\rottenMango (54).jpg,mango,rotten,1,test,0.5299146,rotten,True,-0.8958256,-2.915484,-15.621786,1.4757985
C:\Users\antoc\FreshOrRotten\data\raw\Mango_Fresh\freshMango (11).jpg,mango,fresh,0,test,0.09248623,fresh,True,4.5561166,-2.0380168,47.63054,-17.512825
C:\Users\antoc\FreshOrRotten\data\raw\Kaki_Fresh\Image525.jpg,kaki,fresh,0,test,0.037150316,fresh,True,3.5679717,5.862713,13.156053,47.490036
C:\Users\antoc\FreshOrRotten\data\raw\Pomegranate_Fresh\20190820_143854_23064.jpg,pomegranate,fresh,0,test,0.0038381566,fresh,True,7.148385,0.067626625,45.63,1.7696321
C:\Users\antoc\FreshOrRotten\data\raw\Lime_Fresh\IMG_20190902_111254_1.jpg,lime,fresh,0,test,0.030696148,fresh,True,3.6688948,-0.57698035,31.085978,-3.0194106
C:\Users\antoc\FreshOrRotten\data\raw\Apple_Fresh\20190812_182420.jpg,apple,fresh,0,test,0.33188307,fresh,True,0.5895231,0.90456337,-9.322022,26.968987
C:\Users\antoc\FreshOrRotten\data\raw\Orange_Fresh\IMG_20190924_151618.jpg,orange,fresh,0,test,0.04925447,fresh,True,3.197692,-1.3096617,32.84355,-7.2769322
C:\Users\antoc\FreshOrRotten\data\raw\Banana_Rotten\Image1031.jpg,banana,rotten,1,test,0.999376,rotten,True,-9.354911,6.400072,-46.84527,28.236685
C:\Users\antoc\FreshOrRotten\data\raw\Pomegranate_Fresh\20190820_153216_25550.jpg,pomegranate,fresh,0,test,0.025932858,fresh,True,4.002983,1.0524223,22.645063,31.498177
C:\Users\antoc\FreshOrRotten\data\raw\Banana_Fresh\FreshBanana (17)_1.jpg,banana,fresh,0,test,0.5576915,rotten,False,-0.63583577,-3.2418501,1.2248392,-18.992048
C:\Users\antoc\FreshOrRotten\data\raw\Papaya_Rotten\Image1963.jpg,papaya,rotten,1,test,0.9899962,rotten,True,-6.2753296,-0.49518472,-47.955006,-10.977291
C:\Users\antoc\FreshOrRotten\data\raw\Apple_Rotten\rotated_by_15_Screen Shot 2018-06-07 at 2.39.53 PM.jpg,apple,rotten,1,test,0.8567428,rotten,True,-2.537511,-1.6713799,-27.298527,-38.036686
C:\Users\antoc\FreshOrRotten\data\raw\Tomato_Fresh\Image317.jpg,tomato,fresh,0,test,0.0088704955,fresh,True,5.9004655,-1.4392989,36.256927,-48.339844
C:\Users\antoc\FreshOrRotten\data\raw\Orange_Fresh\Screen Shot 2018-06-12 at 11.53.33 PM.jpg,orange,fresh,0,test,0.038153093,fresh,True,3.6811092,-3.3194153,25.427399,-43.589592
C:\Users\antoc\FreshOrRotten\data\raw\Strawberry_Rotten\rottenStrawberry (399)1.jpg,strawberry,rotten,1,test,0.99739707,rotten,True,-8.305168,1.1108391,-44.217236,-0.47758943
C:\Users\antoc\FreshOrRotten\data\raw\Orange_Rotten\saltandpepper_Screen Shot 2018-06-12 at 11.42.20 PM.jpg,orange,rotten,1,test,0.9973024,rotten,True,-9.516821,0.5331514,-45.83029,-4.3203173
C:\Users\antoc\FreshOrRotten\data\raw\Grape_Rotten\Image1335.jpg,grape,rotten,1,test,0.99920124,rotten,True,-10.629769,2.6750612,-64.78218,5.4116077
C:\Users\antoc\FreshOrRotten\data\raw\Bitter_Gourd_Rotten\IMG_20200825_144553.jpg_0_9747.jpg,bitter_gourd,rotten,1,test,0.99438643,rotten,True,-6.852378,0.47013515,-40.41885,0.11752459
C:\Users\antoc\FreshOrRotten\data\raw\Tomato_Fresh\tomato1_13.jpg_0_2.jpg,tomato,fresh,0,test,0.037465468,fresh,True,3.8524656,7.2350426,14.881988,54.23593
C:\Users\antoc\FreshOrRotten\data\raw\Orange_Rotten\IMG_20190923_175605.jpg,orange,rotten,1,test,0.9293625,rotten,True,-3.883555,0.50181884,-16.36071,14.003188
C:\Users\antoc\FreshOrRotten\data\raw\Bellpepper_Rotten\Image1727.jpg,bellpepper,rotten,1,test,0.9883824,rotten,True,-5.6825876,0.84223425,-30.761677,20.801216
C:\Users\antoc\FreshOrRotten\data\raw\Bitter_Gourd_Rotten\IMG_20200901_181731.jpg_0_3007.jpg,bitter_gourd,rotten,1,test,0.9997738,rotten,True,-10.553751,4.2419014,-56.466473,10.790865
C:\Users\antoc\FreshOrRotten\data\raw\Banana_Rotten\rottenBanana (66)1.jpg,banana,rotten,1,test,0.9841376,rotten,True,-5.7284794,1.9982793,-36.68363,8.486413
C:\Users\antoc\FreshOrRotten\data\raw\Apple_Rotten\vertical_flip_Screen Shot 2018-06-08 at 2.34.05 PM.jpg,apple,rotten,1,test,0.620802,rotten,True,-1.2329311,-3.3244681,-5.415067,-26.942772
C:\Users\antoc\FreshOrRotten\data\raw\Apple_Fresh\FreshApple (158)_!.jpg,apple,fresh,0,test,0.57693523,rotten,False,-0.591224,-2.145494,-19.519636,-41.26083
C:\Users\antoc\FreshOrRotten\data\raw\Bellpepper_Fresh\IMG_20200824_182316.jpg_0_2144.jpg,bellpepper,fresh,0,test,0.24967308,fresh,True,1.1361295,-2.0617688,7.9142914,-7.3389535
C:\Users\antoc\FreshOrRotten\data\raw\Orange_Fresh\freshOrange (119)1.jpg,orange,fresh,0,test,0.0639571,fresh,True,2.9237728,-2.6413248,27.241327,-33.99284
C:\Users\antoc\FreshOrRotten\data\raw\Potato_Rotten\rottenPotato (442).jpg,potato,rotten,1,test,0.8483468,rotten,True,-2.6868823,-3.0663671,-21.602375,-15.075837
C:\Users\antoc\FreshOrRotten\data\raw\Pomegranate_Rotten\IMG20200728182536.jpg,pomegranate,rotten,1,test,0.96040946,rotten,True,-4.19092,-0.098164216,-23.43091,25.851814
C:\Users\antoc\FreshOrRotten\data\raw\Orange_Fresh\rotated_by_30_Screen Shot 2018-06-12 at 11.52.21 PM.jpg,orange,fresh,0,test,0.12847118,fresh,True,1.6843133,-3.4704204,18.952133,-42.754314
C:\Users\antoc\FreshOrRotten\data\raw\Potato_Fresh\freshPotato (283).jpg,potato,fresh,0,test,0.29919094,fresh,True,0.055252343,-4.27816,1.4554055,-36.95707
C:\Users\antoc\FreshOrRotten\data\raw\Mango_Rotten\rottenMango (332).jpg,mango,rotten,1,test,0.99669987,rotten,True,-7.695742,1.289858,-41.81888,3.0199134
C:\Users\antoc\FreshOrRotten\data\raw\Pomegranate_Fresh\20190820_150835_24371.jpg,pomegranate,fresh,0,test,0.027513597,fresh,True,3.736371,1.3766103,22.089283,16.730047
C:\Users\antoc\FreshOrRotten\data\raw\Banana_Fresh\IMG_9067.JPG,banana,fresh,0,test,0.2723539,fresh,True,0.77943,-1.0492332,4.2648897,-7.657288
C:\Users\antoc\FreshOrRotten\data\raw\Bellpepper_Fresh\freshPepper (570)1.jpg,bellpepper,fresh,0,test,0.013208594,fresh,True,5.667797,4.815879,25.9891,43.365734
C:\Users\antoc\FreshOrRotten\data\raw\Orange_Rotten\IMG_2546.JPG,orange,rotten,1,test,0.06233745,fresh,False,6.8220606,-0.95085204,51.496086,-19.204836
C:\Users\antoc\FreshOrRotten\data\raw\Bellpepper_Fresh\capsicum3_5.jpg_0_1656.jpg,bellpepper,fresh,0,test,0.09613604,fresh,True,2.2498827,1.4272791,8.313331,14.902625
C:\Users\antoc\FreshOrRotten\data\raw\Bellpepper_Rotten\WhatsApp Image 2020-11-07 at 11.35.36 PM(1).jpg_0_121.jpg,bellpepper,rotten,1,test,0.937002,rotten,True,-3.822803,-1.5947514,-35.107357,-12.951958
C:\Users\antoc\FreshOrRotten\data\raw\Lime_Fresh\IMG_20190902_104316.jpg,lime,fresh,0,test,0.053554658,fresh,True,3.3531246,-1.8337584,35.25833,-8.759131
C:\Users\antoc\FreshOrRotten\data\raw\Orange_Fresh\freshOrange (14)1.jpg,orange,fresh,0,test,0.054260638,fresh,True,3.1727111,-1.2608645,27.860092,-7.99037
C:\Users\antoc\FreshOrRotten\data\raw\Lime_Rotten\IMG_20190822_075750_1.jpg,lime,rotten,1,test,0.9730961,rotten,True,-4.850361,3.7392826,-41.000195,18.397682
C:\Users\antoc\FreshOrRotten\data\raw\Tomato_Rotten\rottenTomato (433)1.jpg,tomato,rotten,1,test,0.42825314,fresh,False,-0.03306283,2.8213103,-11.8852415,20.131779
C:\Users\antoc\FreshOrRotten\data\raw\Guava_Rotten\IMG20200728184854.jpg,guava,rotten,1,test,0.03680973,fresh,False,3.2821684,2.515501,19.737823,19.02564
C:\Users\antoc\FreshOrRotten\data\raw\Apple_Rotten\IMG20200728180148.jpg,apple,rotten,1,test,0.9857392,rotten,True,-5.4756937,2.017553,-30.05923,29.450544
C:\Users\antoc\FreshOrRotten\data\raw\Cucumber_Rotten\rottenCucumber (335)1.jpg,cucumber,rotten,1,test,0.7890093,rotten,True,-1.9542732,-1.7165344,-22.972206,-5.3789835
C:\Users\antoc\FreshOrRotten\data\raw\Lime_Fresh\IMG_20190902_104132_1.jpg,lime,fresh,0,test,0.0118511105,fresh,True,4.772155,1.3475386,28.793058,15.21131
C:\Users\antoc\FreshOrRotten\data\raw\Guava_Rotten\IMG20200728185237.jpg,guava,rotten,1,test,0.6494469,rotten,True,0.6416039,-1.3599706,17.004929,2.5475254
C:\Users\antoc\FreshOrRotten\data\raw\Orange_Fresh\rotated_by_45_Screen Shot 2018-06-13 at 12.19.36 AM.jpg,orange,fresh,0,test,0.19841537,fresh,True,0.76751643,-4.213072,6.909698,-40.377792
C:\Users\antoc\FreshOrRotten\data\raw\Mango_Rotten\rottenMango (417).jpg,mango,rotten,1,test,0.81654084,rotten,True,-2.4948196,-2.9203763,-12.817354,-16.506159
C:\Users\antoc\FreshOrRotten\data\raw\Banana_Fresh\IMG_8856.JPG,banana,fresh,0,test,0.3077049,fresh,True,0.69215065,-1.8518753,3.5892336,-9.337875
C:\Users\antoc\FreshOrRotten\data\raw\Bellpepper_Fresh\freshPepper (249)1.jpg,bellpepper,fresh,0,test,0.033147525,fresh,True,4.792557,4.2871275,25.962667,43.38289
C:\Users\antoc\FreshOrRotten\data\raw\Pomegranate_Fresh\20190820_151050.jpg,pomegranate,fresh,0,test,0.011521903,fresh,True,4.961293,0.2619079,38.075626,9.055944
C:\Users\antoc\FreshOrRotten\data\raw\Banana_Fresh\rotated_by_60_Screen Shot 2018-06-12 at 9.50.44 PM.jpg,banana,fresh,0,test,0.038653824,fresh,True,3.5864568,2.9020858,7.0084143,21.851536
C:\Users\antoc\FreshOrRotten\data\raw\Kaki_Rotten\Image4191.jpg,kaki,rotten,1,test,0.97569895,rotten,True,-4.9956074,-0.65711415,-37.557896,-23.675972
C:\Users\antoc\FreshOrRotten\data\raw\Banana_Rotten\rottenBanana (444)1.jpg,banana,rotten,1,test,0.90280676,rotten,True,-3.5403233,1.989648,-39.3559,13.389542
C:\Users\antoc\FreshOrRotten\data\raw\Pear_Fresh\Image705.jpg,pear,fresh,0,test,0.039521173,fresh,True,3.2801514,0.1109381,9.679688,8.347601
C:\Users\antoc\FreshOrRotten\data\raw\Tomato_Rotten\Image289.jpg,tomato,rotten,1,test,0.9331256,rotten,True,-3.2092137,-0.7871941,-33.14186,-41.736732
C:\Users\antoc\FreshOrRotten\data\raw\Strawberry_Rotten\rottenStrawberry (531)1.jpg,strawberry,rotten,1,test,0.90090775,rotten,True,-3.0611868,0.9145913,-21.097548,27.112999
C:\Users\antoc\FreshOrRotten\data\raw\Banana_Fresh\IMG_9450.JPG,banana,fresh,0,test,0.22047284,fresh,True,1.1735172,-0.57985294,17.654173,-6.7898884
C:\Users\antoc\FreshOrRotten\data\raw\Banana_Fresh\freshBanana (114)1.jpg,banana,fresh,0,test,0.0872436,fresh,True,4.596172,-1.7447605,47.389698,-14.48018
C:\Users\antoc\FreshOrRotten\data\raw\Apple_Fresh\IMG_9427.JPG,apple,fresh,0,test,0.081564344,fresh,True,2.493485,-1.6639414,23.48323,-8.2699375
C:\Users\antoc\FreshOrRotten\data\raw\Pomegranate_Fresh\20190820_154538_26608.jpg,pomegranate,fresh,0,test,0.00022444632,fresh,True,9.551467,6.42279,40.545536,38.13144
C:\Users\antoc\FreshOrRotten\data\raw\Banana_Rotten\Screen Shot 2018-06-12 at 9.00.38 PM.jpg,banana,rotten,1,test,0.9926196,rotten,True,-6.438881,1.0230209,-39.1502,21.593716
C:\Users\antoc\FreshOrRotten\data\raw\Banana_Fresh\freshBanana (382)1.jpg,banana,fresh,0,test,0.45567706,fresh,True,-0.2287927,-3.0441256,5.996841,-29.124453
C:\Users\antoc\FreshOrRotten\data\raw\Pomegranate_Fresh\20190820_150928_24424.jpg,pomegranate,fresh,0,test,0.02424078,fresh,True,4.1419735,-1.4299412,40.451893,-0.023782676
C:\Users\antoc\FreshOrRotten\data\raw\Bitter_Gourd_Fresh\IMG_20200822_223837.jpg_0_6753.jpg,bitter_gourd,fresh,0,test,0.0339157,fresh,True,3.6365545,0.17507634,26.66276,7.319141
C:\Users\antoc\FreshOrRotten\data\raw\Strawberry_Rotten\rottenStrawberry (201)1.jpg,strawberry,rotten,1,test,0.7245092,rotten,True,-2.10599,-2.1996121,-11.571788,33.90183
C:\Users\antoc\FreshOrRotten\data\raw\Banana_Rotten\rotated_by_45_Screen Shot 2018-06-12 at 9.27.56 PM.jpg,banana,rotten,1,test,0.9962381,rotten,True,-7.234729,0.39799643,-41.174133,-1.9415427
C:\Users\antoc\FreshOrRotten\data\raw\Cucumber_Rotten\rottenCucumber (482)1.jpg,cucumber,rotten,1,test,0.036729384,fresh,False,3.6454024,-1.5622976,35.793488,-9.693221
C:\Users\antoc\FreshOrRotten\data\raw\Pomegranate_Fresh\IMG20200728182200_27520.jpg,pomegranate,fresh,0,test,0.113989815,fresh,True,1.9711249,-1.6649519,21.763714,-3.9019716
C:\Users\antoc\FreshOrRotten\data\raw\Cucumber_Rotten\rottenCucumber (471)1.jpg,cucumber,rotten,1,test,0.3140684,fresh,False,0.18360178,2.6640334,-6.8997927,13.555619
C:\Users\antoc\FreshOrRotten\data\raw\Orange_Rotten\vertical_flip_Screen Shot 2018-06-12 at 11.45.12 PM.jpg,orange,rotten,1,test,0.9902462,rotten,True,-6.398507,0.19118083,-39.285194,3.4760516
C:\Users\antoc\FreshOrRotten\data\raw\Banana_Rotten\IMG20200730132854.jpg,banana,rotten,1,test,0.14547776,fresh,False,3.703747,-2.7561595,50.226192,-11.013303
C:\Users\antoc\FreshOrRotten\data\raw\Pomegranate_Fresh\20190820_154512_26555.jpg,pomegranate,fresh,0,test,0.0067410297,fresh,True,5.441674,2.5504594,30.338722,22.681835
C:\Users\antoc\FreshOrRotten\data\raw\Lime_Fresh\IMG_20190902_102805.jpg,lime,fresh,0,test,0.017355924,fresh,True,4.2871895,0.81318116,28.074778,14.22045
C:\Users\antoc\FreshOrRotten\data\raw\Bellpepper_Rotten\IMG_20200901_181736.jpg_0_7281.jpg,bellpepper,rotten,1,test,0.6822538,rotten,True,-1.031324,-3.5590827,-2.054378,-17.580507
C:\Users\antoc\FreshOrRotten\data\raw\Banana_Fresh\IMG_8593.JPG,banana,fresh,0,test,0.04993926,fresh,True,3.7033048,-1.3346065,40.78164,-10.231054
C:\Users\antoc\FreshOrRotten\data\raw\Tomato_Fresh\freshTomato (56)1.jpg,tomato,fresh,0,test,0.26380393,fresh,True,0.66712743,-4.056938,7.355847,-34.630352
C:\Users\antoc\FreshOrRotten\data\raw\Potato_Rotten\rottenPotato (47).jpg,potato,rotten,1,test,0.6418061,rotten,True,-1.269973,-3.6657298,-7.694297,-19.516735
C:\Users\antoc\FreshOrRotten\data\raw\Strawberry_Fresh\freshStrawberry (291)1.jpg,strawberry,fresh,0,test,0.4884282,fresh,True,-0.850398,-2.600647,-15.147805,-45.0019
C:\Users\antoc\FreshOrRotten\data\raw\Carrot_Fresh\freshCarrot (601).jpg,carrot,fresh,0,test,0.8305342,rotten,False,-2.7907028,-1.9268254,-23.119604,-31.629602
C:\Users\antoc\FreshOrRotten\data\raw\Banana_Fresh\IMG_9017.JPG,banana,fresh,0,test,0.12724821,fresh,True,2.0667992,-2.1004207,20.816803,-11.613809
C:\Users\antoc\FreshOrRotten\data\raw\Pomegranate_Fresh\20190820_150515_24174.jpg,pomegranate,fresh,0,test,0.003170271,fresh,True,6.5947514,7.106036,34.36523,42.558155
C:\Users\antoc\FreshOrRotten\data\raw\Orange_Rotten\RottenOrange (101)!.jpg,orange,rotten,1,test,0.76887566,rotten,True,-2.767736,-1.6532944,-22.948826,-40.280144
C:\Users\antoc\FreshOrRotten\data\raw\Bellpepper_Fresh\freshPepper (139)1.jpg,bellpepper,fresh,0,test,0.3154326,fresh,True,7.6040435,-2.7570276,56.237717,-19.40565
C:\Users\antoc\FreshOrRotten\data\raw\Tomato_Fresh\tomato1_45.jpg_0_3230.jpg,tomato,fresh,0,test,0.030721143,fresh,True,3.9239228,4.53397,13.006193,51.03144
C:\Users\antoc\FreshOrRotten\data\raw\Apple_Fresh\20190809_161721.jpg,apple,fresh,0,test,0.045406383,fresh,True,3.3504453,-1.8122487,39.41632,-1.3287994
C:\Users\antoc\FreshOrRotten\data\raw\Apple_Fresh\rotated_by_45_Screen Shot 2018-06-08 at 5.09.47 PM.jpg,apple,fresh,0,test,0.023996692,fresh,True,4.3306093,6.575553,14.980671,52.743576
C:\Users\antoc\FreshOrRotten\data\raw\Banana_Fresh\IMG_9374.JPG,banana,fresh,0,test,0.3243965,fresh,True,0.16091931,0.929832,-6.3080225,11.73508
C:\Users\antoc\FreshOrRotten\data\raw\Banana_Fresh\rotated_by_30_Screen Shot 2018-06-12 at 9.47.22 PM.jpg,banana,fresh,0,test,0.037250433,fresh,True,8.997091,0.6134052,52.914764,-21.844807
C:\Users\antoc\FreshOrRotten\data\raw\Orange_Fresh\rotated_by_30_Screen Shot 2018-06-13 at 12.16.08 AM.jpg,orange,fresh,0,test,0.025202734,fresh,True,4.236054,-3.597886,23.535975,-46.830215
C:\Users\antoc\FreshOrRotten\data\raw\Apple_Fresh\IMG20200728181039.jpg,apple,fresh,0,test,0.37769252,fresh,True,1.5315708,-2.0698814,17.971155,1.1929073
C:\Users\antoc\FreshOrRotten\data\raw\Papaya_Fresh\Image189.jpg,papaya,fresh,0,test,0.02568997,fresh,True,5.413584,-1.72937,46.025406,-20.633202
C:\Users\antoc\FreshOrRotten\data\raw\Potato_Fresh\freshPotato (104).jpg,potato,fresh,0,test,0.18094261,fresh,True,1.3716412,-1.0159981,6.5434666,0.43442813
C:\Users\antoc\FreshOrRotten\data\raw\Bellpepper_Fresh\freshPepper (521)1.jpg,bellpepper,fresh,0,test,0.057958543,fresh,True,2.4116583,-4.1115775,20.008907,-47.021317
C:\Users\antoc\FreshOrRotten\data\raw\Bellpepper_Rotten\IMG_20200901_181736.jpg_0_7608.jpg,bellpepper,rotten,1,test,0.54992217,rotten,True,-0.4712867,-3.6117,-1.8882775,-18.216507
C:\Users\antoc\FreshOrRotten\data\raw\Apple_Fresh\20190812_182332.jpg,apple,fresh,0,test,0.51265025,rotten,False,-0.5678652,-3.1719224,-17.038609,-37.948505
C:\Users\antoc\FreshOrRotten\data\raw\Banana_Rotten\rotated_by_60_Screen Shot 2018-06-12 at 8.47.14 PM.jpg,banana,rotten,1,test,0.8875438,rotten,True,-2.9347134,4.6079197,-46.406796,11.84371
C:\Users\antoc\FreshOrRotten\data\raw\Cucumber_Fresh\freshCucumber (271)1.jpg,cucumber,fresh,0,test,0.44896618,fresh,True,6.7401085,-3.2659688,57.073437,-18.764439
C:\Users\antoc\FreshOrRotten\data\raw\Orange_Fresh\IMG_2009.JPG,orange,fresh,0,test,0.34578612,fresh,True,0.2520444,-4.1198688,4.28286,-32.489674
C:\Users\antoc\FreshOrRotten\data\raw\Pomegranate_Fresh\20190820_143818_23034.jpg,pomegranate,fresh,0,test,0.0027527027,fresh,True,6.9109793,0.80063117,44.839096,3.1957378
C:\Users\antoc\FreshOrRotten\data\raw\Cucumber_Fresh\freshCucumber (332)1.jpg,cucumber,fresh,0,test,0.1802233,fresh,True,9.475661,-1.761306,56.07098,-20.727518
C:\Users\antoc\FreshOrRotten\data\raw\Banana_Rotten\IMG20200729190319.jpg,banana,rotten,1,test,0.6442406,rotten,True,-0.28948858,-4.0409913,17.09229,-0.4620364
C:\Users\antoc\FreshOrRotten\data\raw\Lime_Rotten\IMG_7325.JPG,lime,rotten,1,test,0.19015224,fresh,False,1.3459387,-1.8986576,14.594946,-12.090576
C:\Users\antoc\FreshOrRotten\data\raw\Pear_Fresh\Image969.jpg,pear,fresh,0,test,0.15844545,fresh,True,1.3737314,0.2242994,3.422904,10.182367
C:\Users\antoc\FreshOrRotten\data\raw\Pomegranate_Fresh\20190820_154331_26508.jpg,pomegranate,fresh,0,test,0.01997836,fresh,True,4.4099092,2.8201115,24.92202,34.15182
C:\Users\antoc\FreshOrRotten\data\raw\Orange_Rotten\rotated_by_60_Screen Shot 2018-06-12 at 11.27.38 PM.jpg,orange,rotten,1,test,0.9758261,rotten,True,-4.877613,1.3372587,-46.31195,9.2350445
C:\Users\antoc\FreshOrRotten\data\raw\Apple_Fresh\20190809_122041.jpg,apple,fresh,0,test,0.03155438,fresh,True,3.8674347,-1.1582744,36.531704,-3.229427
C:\Users\antoc\FreshOrRotten\data\raw\Orange_Fresh\rotated_by_15_Screen Shot 2018-06-13 at 12.10.38 AM.jpg,orange,fresh,0,test,0.6781424,rotten,False,-1.148597,-3.0362194,-0.3558533,-13.6919
C:\Users\antoc\FreshOrRotten\data\raw\Apple_Rotten\translation_Screen Shot 2018-06-07 at 2.34.49 PM.jpg,apple,rotten,1,test,0.31079388,fresh,False,0.8370188,5.494408,7.5208654,52.62074
C:\Users\antoc\FreshOrRotten\data\raw\Pomegranate_Fresh\20190820_145644_23724.jpg,pomegranate,fresh,0,test,0.015268124,fresh,True,5.39583,9.820045,30.863861,46.32222
C:\Users\antoc\FreshOrRotten\data\raw\Apple_Rotten\rotated_by_15_Screen Shot 2018-06-07 at 3.03.31 PM.jpg,apple,rotten,1,test,0.78647757,rotten,True,-2.0761392,-2.9553854,-19.395988,-17.615753
C:\Users\antoc\FreshOrRotten\data\raw\Pomegranate_Fresh\20190820_150406_24136.jpg,pomegranate,fresh,0,test,0.0023643563,fresh,True,6.814703,5.4667053,33.993645,38.797256
C:\Users\antoc\FreshOrRotten\data\raw\Orange_Fresh\rotated_by_60_Screen Shot 2018-06-13 at 12.16.22 AM.jpg,orange,fresh,0,test,0.04838886,fresh,True,2.9335518,-3.6578197,22.126226,-45.77927
C:\Users\antoc\FreshOrRotten\data\raw\Grapes_Fresh\FreshGrape (176)!.jpg,grapes,fresh,0,test,0.5514151,rotten,False,-0.7048508,-3.388813,-6.4307303,-19.293278
C:\Users\antoc\FreshOrRotten\data\raw\Kaki_Rotten\Image4185.jpg,kaki,rotten,1,test,0.9753762,rotten,True,-4.9805794,-0.67560834,-37.53196,-23.680815
C:\Users\antoc\FreshOrRotten\data\raw\Bitter_Gourd_Fresh\IMG_20200822_223837.jpg_0_8833.jpg,bitter_gourd,fresh,0,test,0.022488415,fresh,True,4.1411386,0.89786947,26.606504,8.079352
C:\Users\antoc\FreshOrRotten\data\raw\Pomegranate_Rotten\IMG_20190829_071631.jpg,pomegranate,rotten,1,test,0.98807853,rotten,True,-5.3933554,2.2541885,-25.26347,33.98014
C:\Users\antoc\FreshOrRotten\data\raw\Apple_Rotten\IMG_20190910_171921.jpg,apple,rotten,1,test,0.92345196,rotten,True,-3.0114996,4.780071,-23.26656,43.633053
C:\Users\antoc\FreshOrRotten\data\raw\Orange_Rotten\rottenOrange (394)1.jpg,orange,rotten,1,test,0.7352895,rotten,True,-1.9312441,-2.7930002,-11.481665,-24.783964
C:\Users\antoc\FreshOrRotten\data\raw\Lime_Fresh\IMG_20190902_104444.jpg,lime,fresh,0,test,0.02547377,fresh,True,3.901068,-0.6943321,32.753017,-3.1834507
C:\Users\antoc\FreshOrRotten\data\raw\Pear_Fresh\Image929.jpg,pear,fresh,0,test,0.1113394,fresh,True,1.8879547,0.1562354,4.307515,9.847346
C:\Users\antoc\FreshOrRotten\data\raw\Tomato_Rotten\rottenTomato (20)1.jpg,tomato,rotten,1,test,0.889552,rotten,True,-2.9120302,-1.1589097,-27.89136,-37.796097
C:\Users\antoc\FreshOrRotten\data\raw\Guava_Fresh\IMG_8154.JPG,guava,fresh,0,test,0.18428259,fresh,True,3.2894845,-2.1308703,56.869244,-9.616211
C:\Users\antoc\FreshOrRotten\data\raw\Pomegranate_Fresh\IMG20200728182119.jpg,pomegranate,fresh,0,test,0.30386806,fresh,True,1.8062371,-2.1402779,18.254093,1.2051343
C:\Users\antoc\FreshOrRotten\data\raw\Carrot_Rotten\rottenCarrot (335).jpg,carrot,rotten,1,test,0.0066881003,fresh,False,5.811697,3.2367928,30.420116,31.167633
C:\Users\antoc\FreshOrRotten\data\raw\Orange_Rotten\saltandpepper_Screen Shot 2018-06-12 at 11.26.44 PM.jpg,orange,rotten,1,test,0.9818362,rotten,True,-5.648939,0.38553244,-26.349884,25.580044
C:\Users\antoc\FreshOrRotten\data\raw\Tomato_Fresh\freshTomato (128)1.jpg,tomato,fresh,0,test,0.34429938,fresh,True,-0.5103448,-4.235553,-2.1375806,-40.327606
C:\Users\antoc\FreshOrRotten\data\raw\Potato_Rotten\rottenPotato (228).jpg,potato,rotten,1,test,0.709283,rotten,True,-1.7893597,-3.359546,-9.649544,-16.71414
C:\Users\antoc\FreshOrRotten\data\raw\Apple_Rotten\rotated_by_30_Screen Shot 2018-06-08 at 2.37.03 PM.jpg,apple,rotten,1,test,0.76996267,rotten,True,-1.4603523,-0.87067986,-28.210253,-43.46205
C:\Users\antoc\FreshOrRotten\data\raw\Cucumber_Rotten\rottenCucumber (104)1.jpg,cucumber,rotten,1,test,0.9986255,rotten,True,-8.19475,3.0916238,-37.71282,27.814802
C:\Users\antoc\FreshOrRotten\data\raw\Bellpepper_Rotten\rottenPepper (233)1.jpg,bellpepper,rotten,1,test,0.3071708,fresh,False,0.75639117,-1.6273819,-8.29754,-4.9244385
C:\Users\antoc\FreshOrRotten\data\raw\Apple_Rotten\translation_Screen Shot 2018-06-08 at 2.28.07 PM.jpg,apple,rotten,1,test,0.98791677,rotten,True,-5.565587,0.5617736,-50.88348,2.0133464
C:\Users\antoc\FreshOrRotten\data\raw\Jujube_Rotten\RottenJujube (177).jpg,jujube,rotten,1,test,0.6555187,rotten,True,-1.0275261,1.8575088,-18.232298,40.11933
C:\Users\antoc\FreshOrRotten\data\raw\Banana_Fresh\IMG_9331.JPG,banana,fresh,0,test,0.3738081,fresh,True,-0.1001026,0.85562414,-6.6656756,11.745618
C:\Users\antoc\FreshOrRotten\data\raw\Lime_Rotten\IMG_7343.JPG,lime,rotten,1,test,0.8279445,rotten,True,-2.4014273,-3.0774813,-19.738401,-14.238557
C:\Users\antoc\FreshOrRotten\data\raw\Orange_Rotten\IMG_20190923_175515.jpg,orange,rotten,1,test,0.9317806,rotten,True,-3.8109896,-1.0027761,-24.916187,5.2907047
C:\Users\antoc\FreshOrRotten\data\raw\Guava_Fresh\IMG_8870.JPG,guava,fresh,0,test,0.31678763,fresh,True,0.49009445,-2.2251048,-6.6005645,-14.779066
C:\Users\antoc\FreshOrRotten\data\raw\Pomegranate_Fresh\20190820_154135_26324.jpg,pomegranate,fresh,0,test,0.04018307,fresh,True,3.526349,1.1041662,21.586344,32.18503
C:\Users\antoc\FreshOrRotten\data\raw\Orange_Fresh\vertical_flip_Screen Shot 2018-06-12 at 11.52.16 PM.jpg,orange,fresh,0,test,0.036155794,fresh,True,2.5619254,-4.2332973,20.693277,-48.00595
C:\Users\antoc\FreshOrRotten\data\raw\Apple_Rotten\IMG_20190910_171609_1.jpg,apple,rotten,1,test,0.46032614,fresh,False,-0.387664,-3.0587168,-5.6256924,-20.004072
C:\Users\antoc\FreshOrRotten\data\raw\Tomato_Rotten\Copy of IMG_20200729_164206.jpg_0_3983.jpg,tomato,rotten,1,test,0.87814516,rotten,True,-2.489633,-1.2177266,-27.656784,-42.498276
C:\Users\antoc\FreshOrRotten\data\raw\Grape_Rotten\Image1805.jpg,grape,rotten,1,test,0.9974523,rotten,True,-8.890924,1.6060078,-65.785805,5.8815465
C:\Users\antoc\FreshOrRotten\data\raw\Apple_Rotten\IMG_20190910_171951.jpg,apple,rotten,1,test,0.987445,rotten,True,-5.3645315,1.9554664,-25.173517,34.070557
C:\Users\antoc\FreshOrRotten\data\raw\Bitter_Gourd_Rotten\IMG_20200825_144547.jpg_0_124.jpg,bitter_gourd,rotten,1,test,0.99948394,rotten,True,-9.550015,3.3697634,-56.13159,9.943595
C:\Users\antoc\FreshOrRotten\data\raw\Grapes_Fresh\FreshGrape (116)!.jpg,grapes,fresh,0,test,0.2858382,fresh,True,0.73637146,-3.2701263,12.570349,-19.766182
C:\Users\antoc\FreshOrRotten\data\raw\Banana_Rotten\IMG_20190910_175145_1.jpg,banana,rotten,1,test,0.9993205,rotten,True,-9.146305,3.6190162,-42.72482,29.04801
C:\Users\antoc\FreshOrRotten\data\raw\Bitter_Gourd_Fresh\bitter-gourd 1.jpg_0_6593.jpg,bitter_gourd,fresh,0,test,0.118816175,fresh,True,1.979413,1.548028,7.729124,15.172187
C:\Users\antoc\FreshOrRotten\data\raw\Bellpepper_Rotten\rottenPepper (106)1.jpg,bellpepper,rotten,1,test,0.8071417,rotten,True,-2.5920072,-2.365386,-22.699236,-1.2439177
C:\Users\antoc\FreshOrRotten\data\raw\Cucumber_Fresh\freshCucumber (240)1.jpg,cucumber,fresh,0,test,0.14536233,fresh,True,5.3792458,-2.306826,53.142914,-16.763454
C:\Users\antoc\FreshOrRotten\data\raw\Banana_Rotten\IMG_20190910_175407.jpg,banana,rotten,1,test,0.99925035,rotten,True,-9.012429,3.5692353,-42.363644,29.451963
C:\Users\antoc\FreshOrRotten\data\raw\Watermelon_Fresh\Image59.jpg,watermelon,fresh,0,test,0.27398205,fresh,True,0.5301873,-4.2205887,6.108684,-35.43252
C:\Users\antoc\FreshOrRotten\data\raw\Orange_Rotten\IMG_20190923_175521.jpg,orange,rotten,1,test,0.8788821,rotten,True,-3.0861325,-1.4462287,-22.973162,2.9542806
C:\Users\antoc\FreshOrRotten\data\raw\Pomegranate_Fresh\20190820_152013.jpg,pomegranate,fresh,0,test,0.010773534,fresh,True,4.97591,0.96289617,34.64806,11.666517
C:\Users\antoc\FreshOrRotten\data\raw\Pomegranate_Fresh\FreshPomegranate (179)!.jpg,pomegranate,fresh,0,test,0.47960433,fresh,True,-0.902035,-3.3028908,-12.440145,-42.74418
C:\Users\antoc\FreshOrRotten\data\raw\Banana_Rotten\IMG_7990.JPG,banana,rotten,1,test,0.9954065,rotten,True,-6.816079,1.917548,-33.17689,30.487587
C:\Users\antoc\FreshOrRotten\data\raw\Carrot_Fresh\freshCarrot (365).jpg,carrot,fresh,0,test,0.00486654,fresh,True,8.254356,-2.5738811,51.841667,-25.218761
C:\Users\antoc\FreshOrRotten\data\raw\Orange_Rotten\rottenOrange (405)1.jpg,orange,rotten,1,test,0.7738618,rotten,True,-2.1043677,-3.252688,-12.076315,-18.938639
C:\Users\antoc\FreshOrRotten\data\raw\Orange_Fresh\IMG_2001.JPG,orange,fresh,0,test,0.15500021,fresh,True,1.6168011,-3.8812428,10.059796,-35.645817
C:\Users\antoc\FreshOrRotten\data\raw\Orange_Rotten\vertical_flip_Screen Shot 2018-06-12 at 11.45.33 PM.jpg,orange,rotten,1,test,0.8576858,rotten,True,-2.8051822,-2.3774369,-19.543692,-8.829261
C:\Users\antoc\FreshOrRotten\data\raw\Banana_Fresh\freshBanana (438)1.JPG,banana,fresh,0,test,0.09266198,fresh,True,4.4016895,-2.3622673,48.03641,-19.317648
C:\Users\antoc\FreshOrRotten\data\raw\Guava_Fresh\IMG20200728184449.jpg,guava,fresh,0,test,0.074060306,fresh,True,2.4920695,0.41635752,5.1668577,7.9734526
C:\Users\antoc\FreshOrRotten\data\raw\Lime_Fresh\IMG_20190902_111107.jpg,lime,fresh,0,test,0.010984196,fresh,True,4.959157,0.20598674,33.7146,-0.5654382
C:\Users\antoc\FreshOrRotten\data\raw\Pomegranate_Fresh\20190820_152624_25013.jpg,pomegranate,fresh,0,test,0.006435852,fresh,True,5.6589794,3.372395,29.37103,34.15573
C:\Users\antoc\FreshOrRotten\data\raw\Lime_Fresh\IMG_20190902_111423.jpg,lime,fresh,0,test,0.080660775,fresh,True,2.5853152,-2.0382104,33.166935,-9.428589
C:\Users\antoc\FreshOrRotten\data\raw\Lime_Fresh\IMG_20190902_104057_1.jpg,lime,fresh,0,test,0.009542353,fresh,True,5.039881,1.524202,29.4036,15.729165
C:\Users\antoc\FreshOrRotten\data\raw\Orange_Fresh\Screen Shot 2018-06-13 at 12.04.12 AM.jpg,orange,fresh,0,test,0.073261894,fresh,True,2.5802326,-3.832315,21.835989,-43.034607
C:\Users\antoc\FreshOrRotten\data\raw\Banana_Rotten\IMG_20190910_175220_1.jpg,banana,rotten,1,test,0.9952632,rotten,True,-7.0994096,4.1989093,-42.128147,20.266155
C:\Users\antoc\FreshOrRotten\data\raw\Banana_Rotten\IMG_20190910_175149_1.jpg,banana,rotten,1,test,0.9992095,rotten,True,-8.947454,3.982741,-42.101757,29.634611
C:\Users\antoc\FreshOrRotten\data\raw\Strawberry_Rotten\rottenStrawberry (447)1.jpg,strawberry,rotten,1,test,0.7743836,rotten,True,-1.9379838,0.19866523,-20.602415,26.61288
C:\Users\antoc\FreshOrRotten\data\raw\Papaya_Rotten\Image1779.jpg,papaya,rotten,1,test,0.9880965,rotten,True,-6.0300026,-0.6260855,-47.9823,-11.487412
C:\Users\antoc\FreshOrRotten\data\raw\Banana_Rotten\Screen Shot 2018-06-12 at 9.19.08 PM.jpg,banana,rotten,1,test,0.9431293,rotten,True,-3.8878014,-1.0513629,-24.24295,-1.1172787
C:\Users\antoc\FreshOrRotten\data\raw\Lime_Fresh\IMG_20190902_111514.jpg,lime,fresh,0,test,0.043039903,fresh,True,3.2727418,-1.0100553,30.61234,-4.4827876
C:\Users\antoc\FreshOrRotten\data\raw\Grape_Rotten\Image1211.jpg,grape,rotten,1,test,0.99848074,rotten,True,-10.001603,2.2190742,-65.56092,5.0252066
C:\Users\antoc\FreshOrRotten\data\raw\Orange_Rotten\translation_Screen Shot 2018-06-12 at 11.29.03 PM.jpg,orange,rotten,1,test,0.1429456,fresh,False,2.2755897,-1.8049912,17.949593,-33.022133
C:\Users\antoc\FreshOrRotten\data\raw\Banana_Rotten\IMG_20190910_175356.jpg,banana,rotten,1,test,0.9157504,rotten,True,-2.9455357,1.7128832,-21.594421,33.753834
C:\Users\antoc\FreshOrRotten\data\raw\Banana_Rotten\Image1067.jpg,banana,rotten,1,test,0.99943477,rotten,True,-9.479424,6.556462,-46.977856,28.329138
C:\Users\antoc\FreshOrRotten\data\raw\Pomegranate_Rotten\RottenPomegranate (98)!.jpg,pomegranate,rotten,1,test,0.97682786,rotten,True,-4.395991,1.3719795,-22.79215,36.389694
C:\Users\antoc\FreshOrRotten\data\raw\Lime_Fresh\IMG_20190902_110913.jpg,lime,fresh,0,test,0.03011921,fresh,True,3.706565,-0.7848394,32.18847,-3.3175156
C:\Users\antoc\FreshOrRotten\data\raw\Apple_Fresh\rotated_by_60_Screen Shot 2018-06-08 at 5.06.47 PM.jpg,apple,fresh,0,test,0.08398431,fresh,True,3.150546,8.660372,15.466187,56.83534
C:\Users\antoc\FreshOrRotten\data\raw\Tomato_Fresh\tomato1_26.jpg_0_7135.jpg,tomato,fresh,0,test,0.07112314,fresh,True,2.971615,5.3657913,12.084289,52.981705
C:\Users\antoc\FreshOrRotten\data\raw\Orange_Fresh\saltandpepper_Screen Shot 2018-06-13 at 12.04.01 AM.jpg,orange,fresh,0,test,0.18932872,fresh,True,0.9124865,-4.25965,6.8432674,-39.83711
C:\Users\antoc\FreshOrRotten\data\raw\Kaki_Fresh\Image1007.jpg,kaki,fresh,0,test,0.06692933,fresh,True,2.7752233,5.4026146,12.065399,48.73083
C:\Users\antoc\FreshOrRotten\data\raw\Banana_Fresh\freshBanana (29)1.jpg,banana,fresh,0,test,0.043208916,fresh,True,4.337402,-0.9915869,44.209095,-11.496368
C:\Users\antoc\FreshOrRotten\data\raw\Apple_Rotten\rottenApple (233)1.jpg,apple,rotten,1,test,0.94335586,rotten,True,-3.5621474,-0.49455786,-31.886288,-41.175262
C:\Users\antoc\FreshOrRotten\data\raw\Cucumber_Fresh\freshCucumber (257)1.jpg,cucumber,fresh,0,test,0.6615338,rotten,False,-1.6297535,1.0083449,-9.347135,11.224336
C:\Users\antoc\FreshOrRotten\data\raw\Orange_Fresh\rotated_by_45_Screen Shot 2018-06-12 at 11.58.50 PM.jpg,orange,fresh,0,test,0.29895926,fresh,True,1.2855372,-2.6134748,31.872343,-31.613668
C:\Users\antoc\FreshOrRotten\data\raw\Cucumber_Fresh\freshCucumber (277)1.jpg,cucumber,fresh,0,test,0.10426597,fresh,True,2.1359446,-0.35922217,3.3013322,4.9347095
C:\Users\antoc\FreshOrRotten\data\raw\Mango_Rotten\rottenMango (232).jpg,mango,rotten,1,test,0.14206576,fresh,False,1.6013631,-1.351253,22.376102,-5.1462283
C:\Users\antoc\FreshOrRotten\data\raw\Banana_Fresh\rotated_by_75_Screen Shot 2018-06-12 at 9.50.44 PM.jpg,banana,fresh,0,test,0.043656122,fresh,True,3.405408,2.9130998,6.85939,21.695148
C:\Users\antoc\FreshOrRotten\data\raw\Orange_Rotten\vertical_flip_Screen Shot 2018-06-12 at 11.26.12 PM.jpg,orange,rotten,1,test,0.74276084,rotten,True,-1.8152363,-2.371814,-12.069304,-26.476305
C:\Users\antoc\FreshOrRotten\data\raw\Apple_Rotten\IMG_20190910_172220_1.jpg,apple,rotten,1,test,0.8874487,rotten,True,-2.3206942,5.5183706,-22.441065,44.133068
C:\Users\antoc\FreshOrRotten\data\raw\Apple_Rotten\Screen Shot 2018-06-08 at 2.40.56 PM.jpg,apple,rotten,1,test,0.8875917,rotten,True,-3.2731366,-2.4864278,-23.138676,-10.043669
C:\Users\antoc\FreshOrRotten\data\raw\Potato_Rotten\rottenPotato (171).jpg,potato,rotten,1,test,0.24310164,fresh,False,3.3766217,-3.104494,48.691013,-19.531277
C:\Users\antoc\FreshOrRotten\data\raw\Pomegranate_Fresh\20190820_150402.jpg,pomegranate,fresh,0,test,0.034848735,fresh,True,3.582728,-1.2241672,36.981182,-0.98439246
C:\Users\antoc\FreshOrRotten\data\raw\Banana_Rotten\rotated_by_30_Screen Shot 2018-06-12 at 9.25.34 PM.jpg,banana,rotten,1,test,0.99587137,rotten,True,-7.181135,6.73692,-51.584156,11.968182
C:\Users\antoc\FreshOrRotten\data\raw\Pomegranate_Fresh\20190820_143814_23030.jpg,pomegranate,fresh,0,test,0.0036330116,fresh,True,6.7572727,0.14431438,45.04088,2.5961936
C:\Users\antoc\FreshOrRotten\data\raw\Apple_Rotten\Screen Shot 2018-06-08 at 2.31.33 PM.jpg,apple,rotten,1,test,0.9853254,rotten,True,-5.6314826,0.19557795,-27.371534,9.112758
C:\Users\antoc\FreshOrRotten\data\raw\Lime_Fresh\IMG_20190902_102626.jpg,lime,fresh,0,test,0.035446726,fresh,True,3.412952,-0.84897697,29.338879,-1.8962405
C:\Users\antoc\FreshOrRotten\data\raw\Pomegranate_Fresh\20190820_145722_23764.jpg,pomegranate,fresh,0,test,0.0012233421,fresh,True,7.9354563,9.109542,34.22408,43.97068
C:\Users\antoc\FreshOrRotten\data\raw\Apple_Rotten\vertical_flip_Screen Shot 2018-06-07 at 3.04.35 PM.jpg,apple,rotten,1,test,0.9944096,rotten,True,-6.6666007,1.2806814,-32.62501,26.054852
C:\Users\antoc\FreshOrRotten\data\raw\Grapes_Fresh\FreshGrape (177)!.jpg,grapes,fresh,0,test,0.2131639,fresh,True,1.5347004,-3.2165782,20.191275,-19.108467
C:\Users\antoc\FreshOrRotten\data\raw\Lime_Rotten\IMG_20190923_183554.jpg,lime,rotten,1,test,0.8810497,rotten,True,-2.9185824,5.058109,-26.923998,42.636494
C:\Users\antoc\FreshOrRotten\data\raw\Peach_Fresh\Image183.jpg,peach,fresh,0,test,0.055370964,fresh,True,3.4262376,-2.4470263,32.33435,-39.429325
C:\Users\antoc\FreshOrRotten\data\raw\Banana_Rotten\saltandpepper_Screen Shot 2018-06-12 at 9.28.09 PM.jpg,banana,rotten,1,test,0.8970027,rotten,True,-3.1924539,-0.8012257,-29.194496,-2.4572024
C:\Users\antoc\FreshOrRotten\data\raw\Pomegranate_Rotten\IMG_20190829_072321_1.jpg,pomegranate,rotten,1,test,0.9646814,rotten,True,-3.963326,4.893013,-23.453896,44.544697
C:\Users\antoc\FreshOrRotten\data\raw\Apple_Rotten\rotated_by_60_Screen Shot 2018-06-08 at 2.42.52 PM.jpg,apple,rotten,1,test,0.9678817,rotten,True,-4.341667,0.00957602,-32.854843,-40.196392
C:\Users\antoc\FreshOrRotten\data\raw\Mango_Fresh\freshMango (88).jpg,mango,fresh,0,test,0.024607496,fresh,True,4.167186,-0.255644,33.356316,2.8783545
C:\Users\antoc\FreshOrRotten\data\raw\Cucumber_Rotten\Image77.jpg,cucumber,rotten,1,test,0.9954749,rotten,True,-7.2967834,1.496457,-39.92957,6.3381176
C:\Users\antoc\FreshOrRotten\data\raw\Kaki_Fresh\Image907.jpg,kaki,fresh,0,test,0.06351147,fresh,True,2.8465705,5.452586,12.313002,48.66037
C:\Users\antoc\FreshOrRotten\data\raw\Banana_Fresh\IMG_9414.JPG,banana,fresh,0,test,0.29399878,fresh,True,0.5808383,-2.8458009,13.542819,-16.851324
C:\Users\antoc\FreshOrRotten\data\raw\Orange_Rotten\IMG_20190824_174920_1.jpg,orange,rotten,1,test,0.9512124,rotten,True,-4.222698,-0.6748527,-25.556559,6.826512
C:\Users\antoc\FreshOrRotten\data\raw\Kaki_Fresh\Image585.jpg,kaki,fresh,0,test,0.035826985,fresh,True,3.604285,5.9746313,13.772876,48.109142
C:\Users\antoc\FreshOrRotten\data\raw\Apple_Fresh\IMG_9578.JPG,apple,fresh,0,test,0.12110518,fresh,True,4.052319,-2.06869,46.95704,-15.715504
C:\Users\antoc\FreshOrRotten\data\raw\Pomegranate_Fresh\20190820_154151_26342.jpg,pomegranate,fresh,0,test,0.0026384813,fresh,True,6.692276,3.5318966,33.75556,31.525927
C:\Users\antoc\FreshOrRotten\data\raw\Bellpepper_Rotten\IMG_20200901_181736.jpg_0_493.jpg,bellpepper,rotten,1,test,0.58409476,rotten,True,-0.70825726,-3.8408518,-2.199765,-18.435352
C:\Users\antoc\FreshOrRotten\data\raw\Bellpepper_Rotten\Image1819.jpg,bellpepper,rotten,1,test,0.99131256,rotten,True,-6.0340023,1.1336327,-31.013088,21.42847
C:\Users\antoc\FreshOrRotten\data\raw\Bellpepper_Fresh\IMG_20200825_144644.jpg_0_8111.jpg,bellpepper,fresh,0,test,0.079280384,fresh,True,2.9491067,-1.1522608,9.610052,-4.7717113
C:\Users\antoc\FreshOrRotten\data\raw\Orange_Rotten\Screen Shot 2018-06-12 at 11.35.59 PM.jpg,orange,rotten,1,test,0.9786727,rotten,True,-5.5427275,0.1440329,-39.14287,-36.207314
C:\Users\antoc\FreshOrRotten\data\raw\Pomegranate_Fresh\20190820_145713.jpg,pomegranate,fresh,0,test,0.001588607,fresh,True,7.34643,5.0063677,35.22684,37.15753
C:\Users\antoc\FreshOrRotten\data\raw\Cucumber_Fresh\Image1379.jpg,cucumber,fresh,0,test,0.0010361687,fresh,True,23.17819,4.3016987,59.08794,-22.984678
C:\Users\antoc\FreshOrRotten\data\raw\Pomegranate_Fresh\20190820_152712_25133.jpg,pomegranate,fresh,0,test,0.0090429755,fresh,True,5.202619,2.8505402,28.140306,33.153522
C:\Users\antoc\FreshOrRotten\data\raw\Apple_Rotten\saltandpepper_Screen Shot 2018-06-07 at 2.42.18 PM.jpg,apple,rotten,1,test,0.6057398,rotten,True,-1.1232649,-3.277567,-4.904173,-27.3351
C:\Users\antoc\FreshOrRotten\data\raw\Orange_Fresh\IMG_20190924_153625.jpg,orange,fresh,0,test,0.078388415,fresh,True,2.5827184,-2.2871952,23.895456,-16.199165
C:\Users\antoc\FreshOrRotten\data\raw\Carrot_Rotten\rottenCarrot (198).jpg,carrot,rotten,1,test,0.99871635,rotten,True,-8.096511,3.6797605,-36.01816,34.320023
C:\Users\antoc\FreshOrRotten\data\raw\Banana_Fresh\rotated_by_15_Screen Shot 2018-06-12 at 9.50.31 PM.jpg,banana,fresh,0,test,0.018145619,fresh,True,4.747394,1.2556756,12.797035,21.762392
C:\Users\antoc\FreshOrRotten\data\raw\Strawberry_Fresh\FreshStrawberry (78)!.jpg,strawberry,fresh,0,test,0.5474282,rotten,False,-0.8191274,-2.622291,-15.659789,1.0397508
C:\Users\antoc\FreshOrRotten\data\raw\Bellpepper_Fresh\freshPepper (237)1.jpg,bellpepper,fresh,0,test,0.043959633,fresh,True,2.5666494,-4.3639297,18.243568,-47.61053
C:\Users\antoc\FreshOrRotten\data\raw\Orange_Fresh\rotated_by_45_Screen Shot 2018-06-13 at 12.04.12 AM.jpg,orange,fresh,0,test,0.0998879,fresh,True,2.7722936,-3.662778,23.69855,-41.41869
C:\Users\antoc\FreshOrRotten\data\raw\Pomegranate_Fresh\IMG20200728182138_27482.jpg,pomegranate,fresh,0,test,0.06908028,fresh,True,2.7441933,-0.786005,21.438166,-3.1762161
C:\Users\antoc\FreshOrRotten\data\raw\Pomegranate_Fresh\20190820_154340_26524.jpg,pomegranate,fresh,0,test,0.35150152,fresh,True,0.46019855,-1.6075804,-16.095522,-40.625576
C:\Users\antoc\FreshOrRotten\data\raw\Guava_Fresh\IMG_8414.JPG,guava,fresh,0,test,0.029897667,fresh,True,3.6382709,1.3568631,21.955084,16.767654
C:\Users\antoc\FreshOrRotten\data\raw\Banana_Rotten\RottenBanana (202)!.jpg,banana,rotten,1,test,0.96463317,rotten,True,-4.571733,-1.9129276,-29.679573,-7.4444494
C:\Users\antoc\FreshOrRotten\data\raw\Pomegranate_Fresh\20190820_151050_24489.jpg,pomegranate,fresh,0,test,0.022500489,fresh,True,4.1590347,-0.8590281,38.270145,0.17615728
C:\Users\antoc\FreshOrRotten\data\raw\Bellpepper_Rotten\Image1725.jpg,bellpepper,rotten,1,test,0.98769754,rotten,True,-5.612738,0.78679377,-30.716259,20.701815
C:\Users\antoc\FreshOrRotten\data\raw\Guava_Fresh\IMG_8816.JPG,guava,fresh,0,test,0.09470311,fresh,True,2.3010917,-0.1809595,2.7528007,4.893022
C:\Users\antoc\FreshOrRotten\data\raw\Apple_Fresh\20190809_122734.jpg,apple,fresh,0,test,0.31231555,fresh,True,0.5562107,-3.922851,12.900895,-22.004225
C:\Users\antoc\FreshOrRotten\data\raw\Orange_Fresh\freshOrange (206)1.jpg,orange,fresh,0,test,0.026308315,fresh,True,4.2076426,-2.1352007,31.116488,-40.762352
C:\Users\antoc\FreshOrRotten\data\raw\Grape_Fresh\Image453.jpg,grape,fresh,0,test,0.116427615,fresh,True,0.055482,-4.7038603,0.9196312,-47.84596
C:\Users\antoc\FreshOrRotten\data\raw\Mango_Rotten\rottenMango (50).jpg,mango,rotten,1,test,0.6205933,rotten,True,-1.3476431,-2.5223196,-11.988659,34.529644
C:\Users\antoc\FreshOrRotten\data\raw\Mango_Fresh\freshMango (50).jpg,mango,fresh,0,test,0.055711985,fresh,True,5.058321,-1.2917958,47.3446,-14.705289
C:\Users\antoc\FreshOrRotten\data\raw\Lime_Fresh\IMG_20190902_111543.jpg,lime,fresh,0,test,0.05207139,fresh,True,3.0740557,-1.2516885,30.556381,-5.0945683
C:\Users\antoc\FreshOrRotten\data\raw\Jujube_Rotten\RottenJujube (146).jpg,jujube,rotten,1,test,0.9865846,rotten,True,-5.172882,1.5797563,-24.566872,35.283703
C:\Users\antoc\FreshOrRotten\data\raw\Mango_Fresh\freshMango (181).jpg,mango,fresh,0,test,0.02078742,fresh,True,4.346428,-0.07992673,33.04125,3.1811419
C:\Users\antoc\FreshOrRotten\data\raw\Orange_Rotten\saltandpepper_Screen Shot 2018-06-12 at 11.29.03 PM.jpg,orange,rotten,1,test,0.13351394,fresh,False,1.7273817,-3.5037432,17.948092,-39.782734
C:\Users\antoc\FreshOrRotten\data\raw\Guava_Rotten\IMG_20190824_180135.jpg,guava,rotten,1,test,0.9982401,rotten,True,-7.895189,2.8674111,-35.272312,31.672356
C:\Users\antoc\FreshOrRotten\data\raw\Pomegranate_Fresh\IMG20200728181712_27269.jpg,pomegranate,fresh,0,test,0.11336913,fresh,True,2.293789,6.7780876,0.41860193,59.06773
C:\Users\antoc\FreshOrRotten\data\raw\Apple_Rotten\rotated_by_30_Screen Shot 2018-06-07 at 2.46.22 PM.jpg,apple,rotten,1,test,0.99965346,rotten,True,-10.513221,3.033959,-59.1846,7.9696918
C:\Users\antoc\FreshOrRotten\data\raw\Carrot_Fresh\freshCarrot (331).jpg,carrot,fresh,0,test,0.010741434,fresh,True,5.122383,-1.4329982,43.076244,0.0831352
C:\Users\antoc\FreshOrRotten\data\raw\Tomato_Fresh\tomato1_26.jpg_0_4396.jpg,tomato,fresh,0,test,0.079794005,fresh,True,2.9007053,6.30435,13.206613,54.032387
C:\Users\antoc\FreshOrRotten\data\raw\Lime_Rotten\IMG_7451.JPG,lime,rotten,1,test,0.39387795,fresh,False,0.083308905,-3.4663477,6.233753,-29.815262
C:\Users\antoc\FreshOrRotten\data\raw\Apple_Rotten\IMG20200728180306.jpg,apple,rotten,1,test,0.98054427,rotten,True,-5.0991225,0.23501873,-24.652739,25.482927
C:\Users\antoc\FreshOrRotten\data\raw\Bellpepper_Rotten\WhatsApp Image 2020-11-07 at 11.35.36 PM.jpeg_0_4860.jpg,bellpepper,rotten,1,test,0.97812164,rotten,True,-5.2015843,-0.6820526,-35.0731,-9.656137
C:\Users\antoc\FreshOrRotten\data\raw\Lime_Rotten\IMG_7459.JPG,lime,rotten,1,test,0.7140478,rotten,True,-1.690131,-3.2589567,-10.21617,-22.110514
C:\Users\antoc\FreshOrRotten\data\raw\Pomegranate_Fresh\20190820_145449_23658.jpg,pomegranate,fresh,0,test,0.01588462,fresh,True,4.5989666,5.7365036,31.274843,41.9224
C:\Users\antoc\FreshOrRotten\data\raw\Guava_Fresh\IMG_8554.JPG,guava,fresh,0,test,0.004125494,fresh,True,6.3001657,1.649767,40.67869,12.981157
C:\Users\antoc\FreshOrRotten\data\raw\Orange_Rotten\IMG_20190824_174952_1.jpg,orange,rotten,1,test,0.91039234,rotten,True,-3.5088673,-1.6835419,-24.46771,3.9059103
C:\Users\antoc\FreshOrRotten\data\raw\Mango_Rotten\rottenMango (385).jpg,mango,rotten,1,test,0.69411767,rotten,True,-1.6203039,-3.190243,-10.460574,-23.537273
C:\Users\antoc\FreshOrRotten\data\raw\Lime_Rotten\IMG_20190923_183645.jpg,lime,rotten,1,test,0.91026616,rotten,True,-3.0949385,3.2145643,-25.538641,42.486977
C:\Users\antoc\FreshOrRotten\data\raw\Apple_Fresh\rotated_by_30_Screen Shot 2018-06-08 at 5.01.15 PM.jpg,apple,fresh,0,test,0.04954388,fresh,True,3.8414059,-0.3867207,41.123222,-7.0673575
C:\Users\antoc\FreshOrRotten\data\raw\Strawberry_Fresh\FreshStrawberry (196)!.jpg,strawberry,fresh,0,test,0.28527662,fresh,True,0.12758884,-4.3279295,1.4621524,-36.89405
C:\Users\antoc\FreshOrRotten\data\raw\Banana_Rotten\IMG_20190910_175203_1.jpg,banana,rotten,1,test,0.99727696,rotten,True,-7.552702,2.2524729,-39.715137,24.129133
C:\Users\antoc\FreshOrRotten\data\raw\Bellpepper_Rotten\WhatsApp Image 2020-11-07 at 11.30.47 PM (1).jpeg_0_9345.jpg,bellpepper,rotten,1,test,0.70612127,rotten,True,-1.4517008,-0.9201614,-9.449417,2.5543792
C:\Users\antoc\FreshOrRotten\data\raw\Apple_Fresh\IMG20200728181034.jpg,apple,fresh,0,test,0.41797525,fresh,True,1.4737482,-2.0682778,17.720186,1.5454562
C:\Users\antoc\FreshOrRotten\data\raw\Orange_Rotten\vertical_flip_Screen Shot 2018-06-12 at 11.30.16 PM.jpg,orange,rotten,1,test,0.096201114,fresh,False,2.421061,-2.9744678,19.11188,-39.78357
C:\Users\antoc\FreshOrRotten\data\raw\Potato_Rotten\rottenPotato (2).jpg,potato,rotten,1,test,0.95514166,rotten,True,-4.5410786,0.33523792,-32.990234,3.4941404
C:\Users\antoc\FreshOrRotten\data\raw\Bellpepper_Fresh\IMG_20200825_144639.jpg_0_2925.jpg,bellpepper,fresh,0,test,0.18856671,fresh,True,1.4227493,-0.26923984,6.49823,-2.8491657
C:\Users\antoc\FreshOrRotten\data\raw\Orange_Rotten\rottenOrange (542)1.jpg,orange,rotten,1,test,0.28022766,fresh,False,0.7398975,-3.0818138,13.323132,-19.884308
C:\Users\antoc\FreshOrRotten\data\raw\Apple_Rotten\rottenApple (15)1.jpg,apple,rotten,1,test,0.99987996,rotten,True,-10.754583,4.9979553,-58.294594,11.006904
C:\Users\antoc\FreshOrRotten\data\raw\Apple_Rotten\rottenApple (547)1.jpg,apple,rotten,1,test,0.017839327,fresh,False,6.0445223,-2.5044458,51.894577,-9.568069
C:\Users\antoc\FreshOrRotten\data\raw\Pomegranate_Fresh\20190820_145826_23832.jpg,pomegranate,fresh,0,test,0.0007156579,fresh,True,8.169401,5.2174444,38.099003,36.946373
C:\Users\antoc\FreshOrRotten\data\raw\Orange_Rotten\IMG_20190923_181728_1.jpg,orange,rotten,1,test,0.48459494,fresh,False,-0.38011286,-2.9155264,-9.033008,-7.823457
C:\Users\antoc\FreshOrRotten\data\raw\Apple_Rotten\IMG_20190910_171632_1.jpg,apple,rotten,1,test,0.73786384,rotten,True,-1.001899,2.0988271,-20.507801,40.76966
C:\Users\antoc\FreshOrRotten\data\raw\Banana_Fresh\translation_Screen Shot 2018-06-12 at 9.45.15 PM.jpg,banana,fresh,0,test,0.17177474,fresh,True,1.406409,2.0024576,6.6144714,18.724144
C:\Users\antoc\FreshOrRotten\data\raw\Lime_Rotten\IMG_20190820_085649.jpg,lime,rotten,1,test,0.9975666,rotten,True,-7.5411005,3.8693328,-35.209248,32.736427
C:\Users\antoc\FreshOrRotten\data\raw\Pomegranate_Fresh\20190820_150557_24235.jpg,pomegranate,fresh,0,test,0.036409497,fresh,True,3.3278053,2.990945,20.69295,20.260674
C:\Users\antoc\FreshOrRotten\data\raw\Strawberry_Rotten\RottenStrawberry (187)!.jpg,strawberry,rotten,1,test,0.94533867,rotten,True,-4.062009,-0.7080288,-24.000837,8.644542
C:\Users\antoc\FreshOrRotten\data\raw\Grapes_Rotten\RottenGrape (17).jpg,grapes,rotten,1,test,0.6950899,rotten,True,-1.5153979,-3.3576784,-8.736668,-18.329912
C:\Users\antoc\FreshOrRotten\data\raw\Lime_Rotten\IMG_20190822_075945.jpg,lime,rotten,1,test,0.59417653,rotten,True,-1.2321056,0.4083408,-8.4418125,10.007337
C:\Users\antoc\FreshOrRotten\data\raw\Apple_Rotten\rotated_by_30_Screen Shot 2018-06-07 at 2.53.57 PM.jpg,apple,rotten,1,test,0.85687876,rotten,True,-2.4629936,-3.0465417,-22.183125,-21.620968
C:\Users\antoc\FreshOrRotten\data\raw\Banana_Fresh\IMG_8499.JPG,banana,fresh,0,test,0.0348274,fresh,True,3.416748,1.3619756,15.931153,14.061461
C:\Users\antoc\FreshOrRotten\data\raw\Grape_Fresh\Image269.jpg,grape,fresh,0,test,0.0932413,fresh,True,0.52580315,-4.7357073,2.0493977,-47.30575
C:\Users\antoc\FreshOrRotten\data\raw\Banana_Rotten\IMG_20190910_175309.jpg,banana,rotten,1,test,0.9958138,rotten,True,-7.067577,1.8732924,-39.516964,23.489983
C:\Users\antoc\FreshOrRotten\data\raw\Guava_Fresh\20190813_131230.jpg,guava,fresh,0,test,0.08732232,fresh,True,2.9830337,-2.262554,29.302147,-11.612936
C:\Users\antoc\FreshOrRotten\data\raw\Cucumber_Fresh\freshCucumber (383)1.jpg,cucumber,fresh,0,test,0.231516,fresh,True,5.4511337,-3.152542,54.953606,-16.99254
C:\Users\antoc\FreshOrRotten\data\raw\Tomato_Fresh\DSCN4069.jpg_0_649.jpg,tomato,fresh,0,test,0.26237297,fresh,True,0.96464026,7.391101,-0.23612061,59.947723
C:\Users\antoc\FreshOrRotten\data\raw\Pomegranate_Rotten\IMG_20190829_072153.jpg,pomegranate,rotten,1,test,0.6924075,rotten,True,-1.0417004,3.0729718,-18.790323,40.51721
C:\Users\antoc\FreshOrRotten\data\raw\Pomegranate_Fresh\20190820_150729.jpg,pomegranate,fresh,0,test,0.009394826,fresh,True,5.1983385,2.0484903,27.018314,31.070496
C:\Users\antoc\FreshOrRotten\data\raw\Bitter_Gourd_Rotten\IMG_20200825_144551.jpg_0_6641.jpg,bitter_gourd,rotten,1,test,0.9991392,rotten,True,-8.963874,2.6278784,-56.30215,8.988929
C:\Users\antoc\FreshOrRotten\data\raw\Apple_Fresh\IMG_9458.JPG,apple,fresh,0,test,0.23764214,fresh,True,0.64596504,-4.365149,4.5047398,-40.041515
C:\Users\antoc\FreshOrRotten\data\raw\Tomato_Fresh\Image299.jpg,tomato,fresh,0,test,0.0086566005,fresh,True,5.9231677,-1.4479578,35.977997,-48.621464
C:\Users\antoc\FreshOrRotten\data\raw\Tomato_Rotten\DSCN4210.jpg_0_1232.jpg,tomato,rotten,1,test,0.91553813,rotten,True,-3.0937607,1.3503478,-50.757576,-1.217267
C:\Users\antoc\FreshOrRotten\data\raw\Apple_Rotten\IMG20200728180257.jpg,apple,rotten,1,test,0.95454097,rotten,True,-4.3095636,-1.0663512,-27.438892,4.413709
C:\Users\antoc\FreshOrRotten\data\raw\Lime_Fresh\IMG_20190902_102938_1.jpg,lime,fresh,0,test,0.25102243,fresh,True,0.8793625,-2.7165246,14.198074,-16.208693
C:\Users\antoc\FreshOrRotten\data\raw\Pomegranate_Fresh\20190820_150105_23952.jpg,pomegranate,fresh,0,test,0.004680503,fresh,True,5.9540668,4.0035295,31.759953,35.732018
C:\Users\antoc\FreshOrRotten\data\raw\Pomegranate_Fresh\20190820_153051_25426.jpg,pomegranate,fresh,0,test,0.015320123,fresh,True,4.526438,0.597802,33.870663,9.671833
C:\Users\antoc\FreshOrRotten\data\raw\Pomegranate_Fresh\20190820_145622_23704.jpg,pomegranate,fresh,0,test,0.011167406,fresh,True,5.286334,7.1596727,31.842882,44.769936
C:\Users\antoc\FreshOrRotten\data\raw\Orange_Fresh\IMG_2567.JPG,orange,fresh,0,test,0.106858425,fresh,True,4.4463835,-3.0196009,48.19916,-19.090021
C:\Users\antoc\FreshOrRotten\data\raw\Peach_Rotten\Image3977.jpg,peach,rotten,1,test,0.5218493,rotten,True,-0.5231902,-2.458343,-9.518506,-7.268519
C:\Users\antoc\FreshOrRotten\data\raw\Potato_Rotten\rottenPotato (57).jpg,potato,rotten,1,test,0.8521376,rotten,True,-2.4844375,-2.8674579,-21.67983,-10.366145
C:\Users\antoc\FreshOrRotten\data\raw\Apple_Rotten\rottenApple (12)1.jpg,apple,rotten,1,test,0.012921842,fresh,False,4.827134,0.036950167,29.435413,6.934657
C:\Users\antoc\FreshOrRotten\data\raw\Orange_Rotten\vertical_flip_Screen Shot 2018-06-12 at 11.32.50 PM.jpg,orange,rotten,1,test,0.9310111,rotten,True,-3.7013292,-1.5084848,-28.960493,-6.629179
C:\Users\antoc\FreshOrRotten\data\raw\Pomegranate_Fresh\20190820_143809_23023.jpg,pomegranate,fresh,0,test,0.0048700976,fresh,True,5.857028,2.5709732,31.27892,23.269743
C:\Users\antoc\FreshOrRotten\data\raw\Tomato_Rotten\Image747.jpg,tomato,rotten,1,test,0.9994387,rotten,True,-9.273506,4.228679,-41.18612,31.051718
C:\Users\antoc\FreshOrRotten\data\raw\Banana_Fresh\rotated_by_75_Screen Shot 2018-06-12 at 9.47.51 PM.jpg,banana,fresh,0,test,0.02506667,fresh,True,4.042136,5.4621716,5.6620626,23.908564
C:\Users\antoc\FreshOrRotten\data\raw\Orange_Rotten\rotated_by_60_Screen Shot 2018-06-12 at 11.22.36 PM.jpg,orange,rotten,1,test,0.90119416,rotten,True,-3.0513678,3.5630631,-48.37704,7.398797
C:\Users\antoc\FreshOrRotten\data\raw\Pomegranate_Rotten\IMG_20190829_071947.jpg,pomegranate,rotten,1,test,0.9785204,rotten,True,-4.5922585,1.4574401,-23.767696,34.693275
C:\Users\antoc\FreshOrRotten\data\raw\Tomato_Fresh\Image21 (3).jpg,tomato,fresh,0,test,0.008152373,fresh,True,6.0044575,-1.4051616,36.78959,-50.058815
C:\Users\antoc\FreshOrRotten\data\raw\Jujube_Fresh\FreshJujube (184).jpg,jujube,fresh,0,test,0.19661593,fresh,True,1.0200537,1.1021992,-0.8107883,11.644725
C:\Users\antoc\FreshOrRotten\data\raw\Strawberry_Rotten\rottenStrawberry (554)1.jpg,strawberry,rotten,1,test,0.95045626,rotten,True,-4.004265,-0.10018653,-21.772638,26.109957
C:\Users\antoc\FreshOrRotten\data\raw\Bellpepper_Fresh\freshPepper (253)1.jpg,bellpepper,fresh,0,test,0.06987659,fresh,True,5.0276766,-3.3940656,50.033554,-15.85164
C:\Users\antoc\FreshOrRotten\data\raw\Guava_Fresh\IMG_8160.JPG,guava,fresh,0,test,0.14303732,fresh,True,4.7656794,-2.463689,56.444107,-10.104959
C:\Users\antoc\FreshOrRotten\data\raw\Apple_Rotten\rotated_by_45_Screen Shot 2018-06-08 at 2.29.55 PM.jpg,apple,rotten,1,test,0.99677074,rotten,True,-7.1403294,1.8284507,-52.85683,3.298011
C:\Users\antoc\FreshOrRotten\data\raw\Banana_Fresh\IMG_9329.JPG,banana,fresh,0,test,0.13523039,fresh,True,1.6769588,-0.4504614,2.8125021,8.408652
C:\Users\antoc\FreshOrRotten\data\raw\Bellpepper_Rotten\WhatsApp Image 2020-11-07 at 11.30.47 PM (1).jpeg_0_5453.jpg,bellpepper,rotten,1,test,0.8217263,rotten,True,-2.2856832,-0.2339554,-10.385322,2.474432
C:\Users\antoc\FreshOrRotten\data\raw\Apple_Rotten\rotated_by_60_Screen Shot 2018-06-07 at 3.05.29 PM.jpg,apple,rotten,1,test,0.9951466,rotten,True,-6.836928,1.2630346,-52.507175,3.0878127
C:\Users\antoc\FreshOrRotten\data\raw\Pomegranate_Fresh\20190820_153728.jpg,pomegranate,fresh,0,test,0.0021359397,fresh,True,7.0357466,2.2933853,35.92646,27.719893
C:\Users\antoc\FreshOrRotten\data\raw\Apple_Rotten\rottenApple (347)1.jpg,apple,rotten,1,test,0.9993298,rotten,True,-9.619825,3.4739711,-55.61263,2.9469151
C:\Users\antoc\FreshOrRotten\data\raw\Guava_Rotten\IMG_20190822_080145.jpg,guava,rotten,1,test,0.9795768,rotten,True,-5.413987,0.25321501,-35.045425,4.7681584
C:\Users\antoc\FreshOrRotten\data\raw\Orange_Fresh\rotated_by_60_Screen Shot 2018-06-13 at 12.07.10 AM.jpg,orange,fresh,0,test,0.15647459,fresh,True,1.7968857,-3.1163347,19.394722,-41.275215
C:\Users\antoc\FreshOrRotten\data\raw\Apple_Fresh\rotated_by_30_Screen Shot 2018-06-08 at 5.08.05 PM.jpg,apple,fresh,0,test,0.071464606,fresh,True,3.0352483,4.5482435,11.073841,53.10247
C:\Users\antoc\FreshOrRotten\data\raw\Pomegranate_Fresh\20190820_145247.jpg,pomegranate,fresh,0,test,0.00086068537,fresh,True,7.950813,5.705968,37.658474,38.09999
C:\Users\antoc\FreshOrRotten\data\raw\Bellpepper_Fresh\IMG_20200824_182316.jpg_0_4695.jpg,bellpepper,fresh,0,test,0.22522151,fresh,True,1.3303493,-2.2970252,8.48058,-7.426516
C:\Users\antoc\FreshOrRotten\data\raw\Orange_Fresh\Screen Shot 2018-06-13 at 12.18.52 AM.jpg,orange,fresh,0,test,0.03238271,fresh,True,3.111269,-4.003168,21.71692,-47.19621
C:\Users\antoc\FreshOrRotten\data\raw\Pomegranate_Fresh\FreshPomegranate (78)!.jpg,pomegranate,fresh,0,test,0.14315034,fresh,True,0.1868631,-4.564117,1.210254,-46.085045
C:\Users\antoc\FreshOrRotten\data\raw\Grape_Fresh\Image363.jpg,grape,fresh,0,test,0.094376914,fresh,True,0.4070743,-4.7451706,1.8900274,-47.775085
C:\Users\antoc\FreshOrRotten\data\raw\Apple_Rotten\rottenApple (493)1.jpg,apple,rotten,1,test,0.19041896,fresh,False,1.1577451,-4.150409,7.907011,-36.55258
C:\Users\antoc\FreshOrRotten\data\raw\Banana_Fresh\IMG_8820.JPG,banana,fresh,0,test,0.25193194,fresh,True,0.9082847,-2.2762394,13.696092,-13.320541
C:\Users\antoc\FreshOrRotten\data\raw\Grape_Fresh\Image373.jpg,grape,fresh,0,test,0.09627091,fresh,True,0.37587938,-4.7390957,1.3449923,-47.336422
C:\Users\antoc\FreshOrRotten\data\raw\Guava_Rotten\IMG_20190822_080805_1.jpg,guava,rotten,1,test,0.6920992,rotten,True,-1.6015922,-0.87884474,-9.311777,3.3377733
C:\Users\antoc\FreshOrRotten\data\raw\Kaki_Fresh\Image211.jpg,kaki,fresh,0,test,0.03565653,fresh,True,3.685617,5.1401176,13.417821,45.371536
C:\Users\antoc\FreshOrRotten\data\raw\Grape_Rotten\Image1185.jpg,grape,rotten,1,test,0.99857616,rotten,True,-10.077314,2.2833385,-65.04603,4.8305125
C:\Users\antoc\FreshOrRotten\data\raw\Bellpepper_Rotten\WhatsApp Image 2020-11-07 at 11.35.37 PM(1).jpeg_0_1870.jpg,bellpepper,rotten,1,test,0.94757944,rotten,True,-4.110626,-1.2509379,-29.08316,-7.2554555
C:\Users\antoc\FreshOrRotten\data\raw\Bellpepper_Fresh\capsicum3_11.jpg_0_8598.jpg,bellpepper,fresh,0,test,0.0418684,fresh,True,3.2471972,1.0398858,9.539243,13.285273
C:\Users\antoc\FreshOrRotten\data\raw\Pomegranate_Fresh\20190820_153306.jpg,pomegranate,fresh,0,test,0.007849195,fresh,True,5.33949,1.4034475,32.113823,19.746756
C:\Users\antoc\FreshOrRotten\data\raw\Apple_Rotten\IMG_20190910_172314.jpg,apple,rotten,1,test,0.9208943,rotten,True,-3.0784059,0.3719537,-20.883408,34.034466
C:\Users\antoc\FreshOrRotten\data\raw\Orange_Fresh\translation_Screen Shot 2018-06-13 at 12.10.27 AM.jpg,orange,fresh,0,test,0.15132037,fresh,True,1.3597796,-3.6187239,18.18388,-42.95551
C:\Users\antoc\FreshOrRotten\data\raw\Peach_Rotten\Image4853.jpg,peach,rotten,1,test,0.9626284,rotten,True,-4.6120825,-1.4385777,-30.664919,-4.567331
C:\Users\antoc\FreshOrRotten\data\raw\Orange_Fresh\IMG_20190924_151606.jpg,orange,fresh,0,test,0.17006284,fresh,True,1.4345422,-0.298365,2.7521698,9.268805
C:\Users\antoc\FreshOrRotten\data\raw\Tomato_Rotten\Image2671.jpg,tomato,rotten,1,test,0.9570085,rotten,True,-4.389182,-1.2713063,-36.391403,-23.961031
C:\Users\antoc\FreshOrRotten\data\raw\Peach_Fresh\Image239.jpg,peach,fresh,0,test,0.060876448,fresh,True,3.2940743,-2.4938865,31.83896,-38.665516
C:\Users\antoc\FreshOrRotten\data\raw\Banana_Rotten\IMG_20190910_175531_2.jpg,banana,rotten,1,test,0.99928313,rotten,True,-9.682712,2.4847567,-57.477787,6.8423076
C:\Users\antoc\FreshOrRotten\data\raw\Apple_Fresh\FreshApple (186)_!.jpg,apple,fresh,0,test,0.48147345,fresh,True,-0.075788826,-2.0764065,-19.267782,-41.349346
C:\Users\antoc\FreshOrRotten\data\raw\Orange_Fresh\IMG_20190924_153548.jpg,orange,fresh,0,test,0.05514331,fresh,True,3.0620673,-1.6300845,32.81075,-7.7366834
C:\Users\antoc\FreshOrRotten\data\raw\Bellpepper_Fresh\freshPepper (370)1.jpg,bellpepper,fresh,0,test,0.63529223,rotten,False,-1.7181622,-3.4509742,-5.475059,-38.118706
C:\Users\antoc\FreshOrRotten\data\raw\Bellpepper_Fresh\capsicum3_12.jpg_0_2397.jpg,bellpepper,fresh,0,test,0.008127299,fresh,True,5.304434,2.3845947,29.73064,19.462437
C:\Users\antoc\FreshOrRotten\data\raw\Guava_Fresh\IMG_8661.JPG,guava,fresh,0,test,0.039766055,fresh,True,3.2934046,1.0090692,17.622444,13.936393
C:\Users\antoc\FreshOrRotten\data\raw\Banana_Fresh\IMG_8925.JPG,banana,fresh,0,test,0.60257936,rotten,False,-0.9122328,-3.4577956,0.20118463,-19.50595
C:\Users\antoc\FreshOrRotten\data\raw\Banana_Rotten\rotated_by_75_Screen Shot 2018-06-12 at 9.16.53 PM.jpg,banana,rotten,1,test,0.99796677,rotten,True,-7.606083,10.224768,-51.133755,14.562589
C:\Users\antoc\FreshOrRotten\data\raw\Apple_Fresh\FreshApple (48)_!.jpg,apple,fresh,0,test,0.3574885,fresh,True,0.3202624,-2.8344667,8.081254,-30.244684
C:\Users\antoc\FreshOrRotten\data\raw\Grapes_Fresh\FreshGrape (186)!.jpg,grapes,fresh,0,test,0.35432023,fresh,True,0.33279648,-3.4975004,12.165887,-19.770294
C:\Users\antoc\FreshOrRotten\data\raw\Guava_Rotten\RottenGuava (62).jpg,guava,rotten,1,test,0.85047245,rotten,True,-2.7182064,-2.0168386,-24.892979,-32.806797
C:\Users\antoc\FreshOrRotten\data\raw\Bellpepper_Rotten\rottenPepper (124)1.jpg,bellpepper,rotten,1,test,0.98896676,rotten,True,-5.9940176,0.7145107,-28.153482,9.364416
C:\Users\antoc\FreshOrRotten\data\raw\Pomegranate_Rotten\IMG_20190829_072321.jpg,pomegranate,rotten,1,test,0.96582395,rotten,True,-4.0064025,4.8156805,-23.476704,44.53623
C:\Users\antoc\FreshOrRotten\data\raw\Pomegranate_Fresh\20190820_150319_24083.jpg,pomegranate,fresh,0,test,0.025441734,fresh,True,3.765593,1.940866,22.392221,18.303518
C:\Users\antoc\FreshOrRotten\data\raw\Guava_Rotten\RottenGuava (82).jpg,guava,rotten,1,test,0.9997458,rotten,True,-10.338171,4.840784,-41.18861,32.818813
C:\Users\antoc\FreshOrRotten\data\raw\Pomegranate_Fresh\20190820_145618_23702.jpg,pomegranate,fresh,0,test,0.11400286,fresh,True,2.4314318,8.961886,2.88277,64.45894
C:\Users\antoc\FreshOrRotten\data\raw\Orange_Rotten\rotated_by_30_Screen Shot 2018-06-12 at 11.27.01 PM.jpg,orange,rotten,1,test,0.87584144,rotten,True,-3.1664715,-1.80879,-23.735636,-32.743217
C:\Users\antoc\FreshOrRotten\data\raw\Banana_Fresh\rotated_by_75_Screen Shot 2018-06-12 at 9.57.42 PM.jpg,banana,fresh,0,test,0.021021836,fresh,True,4.252217,5.481382,5.707216,23.88864
C:\Users\antoc\FreshOrRotten\data\raw\Guava_Rotten\IMG20200728185238.jpg,guava,rotten,1,test,0.58516085,rotten,True,1.4951749,-1.1564165,17.34111,2.7802472
C:\Users\antoc\FreshOrRotten\data\raw\Apple_Fresh\rotated_by_75_Screen Shot 2018-06-08 at 5.07.32 PM.jpg,apple,fresh,0,test,0.014262387,fresh,True,4.935539,8.147328,16.952293,54.370804
C:\Users\antoc\FreshOrRotten\data\raw\Tomato_Fresh\freshTomato (309)1.jpg,tomato,fresh,0,test,0.16840819,fresh,True,1.2891072,-0.51584935,-0.1477183,5.9355927
C:\Users\antoc\FreshOrRotten\data\raw\Pear_Fresh\Image523.jpg,pear,fresh,0,test,0.023890626,fresh,True,3.893696,0.32416722,10.751155,8.173526
C:\Users\antoc\FreshOrRotten\data\raw\Banana_Rotten\rotated_by_60_Screen Shot 2018-06-12 at 9.10.32 PM.jpg,banana,rotten,1,test,0.9990779,rotten,True,-9.039812,1.250216,-46.006153,-7.6401105
C:\Users\antoc\FreshOrRotten\data\raw\Kaki_Fresh\Image611.jpg,kaki,fresh,0,test,0.038925085,fresh,True,3.495617,5.9164886,13.406783,48.308224
C:\Users\antoc\FreshOrRotten\data\raw\Lime_Rotten\IMG20200729172343.jpg,lime,rotten,1,test,0.9205954,rotten,True,-3.5519903,1.4630574,-18.68264,18.31699
C:\Users\antoc\FreshOrRotten\data\raw\Tomato_Rotten\Copy of IMG_20200729_164206.jpg_0_2928.jpg,tomato,rotten,1,test,0.6232322,rotten,True,-1.042722,-2.8731527,-19.164957,-38.53223
C:\Users\antoc\FreshOrRotten\data\raw\Apple_Fresh\rotated_by_60_Screen Shot 2018-06-08 at 5.15.09 PM.jpg,apple,fresh,0,test,0.047811326,fresh,True,3.738461,7.7675915,14.71818,56.382175
C:\Users\antoc\FreshOrRotten\data\raw\Tomato_Fresh\tomato1_19.jpg_0_9049.jpg,tomato,fresh,0,test,0.014553842,fresh,True,4.891711,5.8294554,15.290347,51.53503
C:\Users\antoc\FreshOrRotten\data\raw\Apple_Fresh\20190809_161533.jpg,apple,fresh,0,test,0.15021002,fresh,True,1.6758564,4.800685,-8.913147,21.446007
C:\Users\antoc\FreshOrRotten\data\raw\Bellpepper_Fresh\IMG_20200825_144639.jpg_0_3617.jpg,bellpepper,fresh,0,test,0.26157674,fresh,True,0.8937624,-0.42610145,6.382082,-2.8649166
C:\Users\antoc\FreshOrRotten\data\raw\Bellpepper_Fresh\Day3.jpg_0_9105.jpg,bellpepper,fresh,0,test,0.17685682,fresh,True,1.5203757,-0.08903134,6.28895,-3.2504835
C:\Users\antoc\FreshOrRotten\data\raw\Jujube_Rotten\RottenJujube (69).jpg,jujube,rotten,1,test,0.8729452,rotten,True,-2.4750352,5.0676956,-23.954643,42.64868
C:\Users\antoc\FreshOrRotten\data\raw\Strawberry_Rotten\rottenStrawberry (417)1.jpg,strawberry,rotten,1,test,0.9898213,rotten,True,-6.495646,1.0727968,-33.331448,20.298428
C:\Users\antoc\FreshOrRotten\data\raw\Banana_Fresh\rotated_by_15_Screen Shot 2018-06-12 at 9.57.02 PM.jpg,banana,fresh,0,test,0.065005906,fresh,True,2.8987467,1.1103336,8.86207,19.493736
C:\Users\antoc\FreshOrRotten\data\raw\Tomato_Rotten\DSCN4221.jpg_0_3325.jpg,tomato,rotten,1,test,0.4478026,fresh,False,0.083348006,8.476906,1.1646982,62.996338
C:\Users\antoc\FreshOrRotten\data\raw\Banana_Rotten\translation_Screen Shot 2018-06-12 at 9.10.32 PM.jpg,banana,rotten,1,test,0.99740124,rotten,True,-7.7728395,0.18984407,-45.792313,-8.12408
C:\Users\antoc\FreshOrRotten\data\raw\Bellpepper_Rotten\IMG_20200901_181735.jpg_0_9802.jpg,bellpepper,rotten,1,test,0.7528669,rotten,True,-1.5868056,-3.4375663,-16.969315,-20.470978
C:\Users\antoc\FreshOrRotten\data\raw\Tomato_Rotten\Copy of IMG_20200801_191339.jpg_0_4235.jpg,tomato,rotten,1,test,0.34033045,fresh,False,0.35569337,-3.443174,11.827623,-22.986362
C:\Users\antoc\FreshOrRotten\data\raw\Peach_Rotten\Image4911.jpg,peach,rotten,1,test,0.9438943,rotten,True,-4.0713167,-1.4278054,-29.94667,-4.61273
C:\Users\antoc\FreshOrRotten\data\raw\Apple_Rotten\IMG20200728180011.jpg,apple,rotten,1,test,0.89180285,rotten,True,-3.1412005,-1.7097037,-22.49679,7.261525
C:\Users\antoc\FreshOrRotten\data\raw\Banana_Fresh\rotated_by_30_Screen Shot 2018-06-12 at 10.06.38 PM.jpg,banana,fresh,0,test,0.05316481,fresh,True,3.4842944,1.1058621,11.659753,19.95217
C:\Users\antoc\FreshOrRotten\data\raw\Orange_Rotten\rotated_by_75_Screen Shot 2018-06-12 at 11.29.44 PM.jpg,orange,rotten,1,test,0.84351975,rotten,True,-2.579716,-1.8527452,-28.19287,-38.73947
C:\Users\antoc\FreshOrRotten\data\raw\Orange_Fresh\IMG_20190924_153440.jpg,orange,fresh,0,test,0.05080217,fresh,True,4.3821044,-1.806971,45.81691,-14.666171
C:\Users\antoc\FreshOrRotten\data\raw\Apple_Rotten\translation_Screen Shot 2018-06-08 at 2.50.14 PM.jpg,apple,rotten,1,test,0.8612056,rotten,True,-2.5647793,-2.9088182,-22.339802,-21.041168
C:\Users\antoc\FreshOrRotten\data\raw\Apple_Rotten\rotated_by_75_Screen Shot 2018-06-08 at 2.46.25 PM.jpg,apple,rotten,1,test,0.5970171,rotten,True,-0.92553854,-3.7125723,0.0948341,-21.553555
C:\Users\antoc\FreshOrRotten\data\raw\Banana_Rotten\rotated_by_60_Screen Shot 2018-06-12 at 9.04.19 PM.jpg,banana,rotten,1,test,0.954266,rotten,True,-3.8940275,-1.533324,-25.823753,-2.411035
C:\Users\antoc\FreshOrRotten\data\raw\Apple_Rotten\translation_Screen Shot 2018-06-08 at 2.29.33 PM.jpg,apple,rotten,1,test,0.97295004,rotten,True,-4.6565704,-0.52257544,-50.095673,0.9776919
C:\Users\antoc\FreshOrRotten\data\raw\Pomegranate_Fresh\20190820_153749_26047.jpg,pomegranate,fresh,0,test,0.011236865,fresh,True,4.7900605,2.4912925,24.718159,20.727531
C:\Users\antoc\FreshOrRotten\data\raw\Banana_Rotten\IMG_7747.JPG,banana,rotten,1,test,0.9945463,rotten,True,-6.5560117,2.000978,-33.08461,31.607643
C:\Users\antoc\FreshOrRotten\data\raw\Kaki_Fresh\Image269.jpg,kaki,fresh,0,test,0.0303603,fresh,True,3.8698065,5.520462,13.560437,46.085224
C:\Users\antoc\FreshOrRotten\data\raw\Grapes_Fresh\FreshGrape (168)!.jpg,grapes,fresh,0,test,0.2774626,fresh,True,0.83580285,-3.1001801,13.125048,-19.202843
C:\Users\antoc\FreshOrRotten\data\raw\Bellpepper_Fresh\freshPepper (112)1.jpg,bellpepper,fresh,0,test,0.09501098,fresh,True,3.9841793,-4.5255136,56.37941,-15.847329
C:\Users\antoc\FreshOrRotten\data\raw\Orange_Rotten\rottenOrange (443)1.jpg,orange,rotten,1,test,0.57517123,rotten,True,-0.98252225,-3.7491992,-6.0708337,-23.212149
C:\Users\antoc\FreshOrRotten\data\raw\Pomegranate_Fresh\20190820_143638_22968.jpg,pomegranate,fresh,0,test,0.017884852,fresh,True,4.6601014,-1.8287272,43.700787,-0.24636444
C:\Users\antoc\FreshOrRotten\data\raw\Guava_Fresh\IMG20200728184611.jpg,guava,fresh,0,test,0.42519036,fresh,True,2.9591317,-0.5330881,17.41617,3.7947884
C:\Users\antoc\FreshOrRotten\data\raw\Pomegranate_Rotten\IMG20200728182648.jpg,pomegranate,rotten,1,test,0.77295774,rotten,True,-2.046278,-2.44439,-11.199079,-26.674166
C:\Users\antoc\FreshOrRotten\data\raw\Bellpepper_Rotten\rottenPepper (478)1.jpg,bellpepper,rotten,1,test,0.9982206,rotten,True,-8.278983,2.6257899,-35.447296,23.466307
C:\Users\antoc\FreshOrRotten\data\raw\Apple_Fresh\rotated_by_15_Screen Shot 2018-06-08 at 5.09.47 PM.jpg,apple,fresh,0,test,0.018639723,fresh,True,4.5587234,5.8207903,15.106132,51.230877
C:\Users\antoc\FreshOrRotten\data\raw\Bellpepper_Fresh\freshPepper (551)1.jpg,bellpepper,fresh,0,test,0.18291211,fresh,True,6.226692,-3.6219792,55.704853,-17.911673
C:\Users\antoc\FreshOrRotten\data\raw\Banana_Rotten\IMG_20190910_175624_1.jpg,banana,rotten,1,test,0.9989386,rotten,True,-8.724131,2.8871846,-43.799984,24.279905
C:\Users\antoc\FreshOrRotten\data\raw\Potato_Fresh\freshPotato (374).jpg,potato,fresh,0,test,0.12030412,fresh,True,1.8516469,0.031309124,6.5510306,1.9241316
C:\Users\antoc\FreshOrRotten\data\raw\Banana_Fresh\IMG_9438.JPG,banana,fresh,0,test,0.19138351,fresh,True,1.1848391,-0.43356946,1.0011009,7.9552655
C:\Users\antoc\FreshOrRotten\data\raw\Pomegranate_Fresh\IMG20200728182322.jpg,pomegranate,fresh,0,test,0.013343064,fresh,True,4.829311,0.7573922,34.295284,11.426439
C:\Users\antoc\FreshOrRotten\data\raw\Apple_Rotten\IMG_20190910_171915.jpg,apple,rotten,1,test,0.8546283,rotten,True,-2.0637887,4.4864235,-22.557192,43.078743
C:\Users\antoc\FreshOrRotten\data\raw\Pomegranate_Fresh\20190820_143845_23050.jpg,pomegranate,fresh,0,test,0.005466622,fresh,True,6.051051,-0.17797112,44.414555,2.6916153
C:\Users\antoc\FreshOrRotten\data\raw\Pomegranate_Fresh\20190820_153448_25800.jpg,pomegranate,fresh,0,test,0.0009540979,fresh,True,8.028149,6.5142465,36.753735,40.48943
C:\Users\antoc\FreshOrRotten\data\raw\Guava_Fresh\IMG_8959.JPG,guava,fresh,0,test,0.05199914,fresh,True,3.0888371,-1.237593,27.474781,-7.522266
C:\Users\antoc\FreshOrRotten\data\raw\Pomegranate_Rotten\IMG_20190829_071758.jpg,pomegranate,rotten,1,test,0.9735075,rotten,True,-4.378693,4.1630044,-24.948875,43.52592
C:\Users\antoc\FreshOrRotten\data\raw\Guava_Rotten\IMG_20190822_083935.jpg,guava,rotten,1,test,0.8888001,rotten,True,-3.0239034,-2.7947097,-22.612226,-12.6490965
C:\Users\antoc\FreshOrRotten\data\raw\Lime_Rotten\IMG_7536.JPG,lime,rotten,1,test,0.732827,rotten,True,-1.8197671,-3.177837,-10.671403,-21.702986
C:\Users\antoc\FreshOrRotten\data\raw\Apple_Rotten\IMG_20190824_175340.jpg,apple,rotten,1,test,0.41194123,fresh,False,-0.16902983,-4.1676664,0.5592636,-32.414536
C:\Users\antoc\FreshOrRotten\data\raw\Lime_Rotten\IMG_20190923_183644_1.jpg,lime,rotten,1,test,0.92567,rotten,True,-3.337613,3.4858482,-25.530584,42.59103
C:\Users\antoc\FreshOrRotten\data\raw\Pomegranate_Fresh\IMG20200728182202_27529.jpg,pomegranate,fresh,0,test,0.023584455,fresh,True,3.9930282,3.236598,25.853456,18.98794
C:\Users\antoc\FreshOrRotten\data\raw\Strawberry_Rotten\RottenStrawberry (84)!.jpg,strawberry,rotten,1,test,0.9913531,rotten,True,-5.687132,2.0014381,-25.020693,36.11098
C:\Users\antoc\FreshOrRotten\data\raw\Guava_Rotten\IMG20200728184959.jpg,guava,rotten,1,test,0.44820005,fresh,False,-0.53409284,2.1388912,-8.102712,12.9508915
C:\Users\antoc\FreshOrRotten\data\raw\Banana_Fresh\translation_Screen Shot 2018-06-12 at 9.54.02 PM.jpg,banana,fresh,0,test,0.058954246,fresh,True,2.9298108,2.2653825,7.5097923,20.16296
C:\Users\antoc\FreshOrRotten\data\raw\Apple_Rotten\rotated_by_30_Screen Shot 2018-06-08 at 2.28.07 PM.jpg,apple,rotten,1,test,0.9650482,rotten,True,-4.3248825,-0.50884503,-49.936447,0.9881367
C:\Users\antoc\FreshOrRotten\data\raw\Carrot_Fresh\freshCarrot (8).jpeg,carrot,fresh,0,test,0.45986828,fresh,True,-0.59768635,-2.9314563,-12.868701,-39.558147
C:\Users\antoc\FreshOrRotten\data\raw\Potato_Fresh\freshPotato (263).jpg,potato,fresh,0,test,0.11054024,fresh,True,2.0959578,-0.5000808,7.010934,1.3363404
C:\Users\antoc\FreshOrRotten\data\raw\Apple_Fresh\rotated_by_30_Screen Shot 2018-06-08 at 5.05.41 PM.jpg,apple,fresh,0,test,0.2254035,fresh,True,2.199737,-2.1887763,32.23905,-29.748322
C:\Users\antoc\FreshOrRotten\data\raw\Tomato_Rotten\Image425.jpg,tomato,rotten,1,test,0.9955564,rotten,True,-6.4183764,1.678581,-52.627075,4.9876103
C:\Users\antoc\FreshOrRotten\data\raw\Apple_Rotten\rottenApple (264)1.jpg,apple,rotten,1,test,0.9869097,rotten,True,-5.3059673,1.4824493,-24.636642,33.976696
C:\Users\antoc\FreshOrRotten\data\raw\Apple_Rotten\rotated_by_60_Screen Shot 2018-06-08 at 2.48.43 PM.jpg,apple,rotten,1,test,0.67568797,rotten,True,-1.2347927,-1.791894,-20.675083,-20.84328
C:\Users\antoc\FreshOrRotten\data\raw\Guava_Fresh\20190813_121533.jpg,guava,fresh,0,test,0.31778458,fresh,True,0.47146684,-4.241397,5.518624,-34.883064
C:\Users\antoc\FreshOrRotten\data\raw\Apple_Fresh\freshApple (80)1.jpg,apple,fresh,0,test,0.0154871065,fresh,True,4.5109296,0.5689237,33.244434,9.952067
C:\Users\antoc\FreshOrRotten\data\raw\Guava_Rotten\IMG_20190824_180128.jpg,guava,rotten,1,test,0.99658406,rotten,True,-7.180007,1.983478,-33.23823,28.69968
C:\Users\antoc\FreshOrRotten\data\raw\Apple_Fresh\Screen Shot 2018-06-08 at 5.01.01 PM.jpg,apple,fresh,0,test,0.0018783683,fresh,True,7.1285334,8.018078,35.588078,43.37255
C:\Users\antoc\FreshOrRotten\data\raw\Apple_Fresh\rotated_by_45_Screen Shot 2018-06-08 at 5.14.56 PM.jpg,apple,fresh,0,test,0.011992781,fresh,True,5.0332975,5.7625327,15.944673,50.10801
C:\Users\antoc\FreshOrRotten\data\raw\Pomegranate_Fresh\IMG20200728181945_01_27358.jpg,pomegranate,fresh,0,test,0.04537991,fresh,True,3.1972308,0.30344066,20.86421,2.1886559
C:\Users\antoc\FreshOrRotten\data\raw\Tomato_Rotten\Image475 (2).jpg,tomato,rotten,1,test,0.9991763,rotten,True,-8.716313,3.8213782,-38.77146,30.259377
C:\Users\antoc\FreshOrRotten\data\raw\Cucumber_Rotten\Image219.jpg,cucumber,rotten,1,test,0.9999151,rotten,True,-11.647617,5.6403074,-45.058968,30.194592
C:\Users\antoc\FreshOrRotten\data\raw\Orange_Rotten\Screen Shot 2018-06-12 at 11.20.30 PM.jpg,orange,rotten,1,test,0.37046853,fresh,False,-0.35728577,-3.8513389,12.074189,-45.206024
C:\Users\antoc\FreshOrRotten\data\raw\Potato_Fresh\freshPotato (248).jpg,potato,fresh,0,test,0.4284324,fresh,True,-0.21856108,-4.119799,1.249747,-31.712921
C:\Users\antoc\FreshOrRotten\data\raw\Orange_Rotten\IMG_20190923_182203.jpg,orange,rotten,1,test,0.83446884,rotten,True,-2.7120476,-0.29290193,-14.476879,13.06142
C:\Users\antoc\FreshOrRotten\data\raw\Apple_Fresh\rotated_by_60_Screen Shot 2018-06-08 at 5.09.54 PM.jpg,apple,fresh,0,test,0.0084168445,fresh,True,5.9158316,11.403652,16.872068,57.81768
C:\Users\antoc\FreshOrRotten\data\raw\Guava_Rotten\IMG_20190822_080644_1.jpg,guava,rotten,1,test,0.879411,rotten,True,-3.2928221,1.4117117,-12.919724,10.809792
C:\Users\antoc\FreshOrRotten\data\raw\Guava_Fresh\FreshGuava (124).jpg,guava,fresh,0,test,0.0570066,fresh,True,3.101705,-2.0532813,35.16109,-11.7483835
C:\Users\antoc\FreshOrRotten\data\raw\Pomegranate_Fresh\20190820_154702_26733.jpg,pomegranate,fresh,0,test,0.00040911834,fresh,True,8.85114,5.830159,39.558945,37.60959
C:\Users\antoc\FreshOrRotten\data\raw\Tomato_Fresh\DSCN4113.jpg_0_1502.jpg,tomato,fresh,0,test,0.118458495,fresh,True,2.1966558,6.54765,3.34065,62.919838
C:\Users\antoc\FreshOrRotten\data\raw\Tomato_Rotten\rottenTomato (216)1.jpg,tomato,rotten,1,test,0.38130188,fresh,False,-0.18127239,-4.163665,0.6848125,-33.53241
C:\Users\antoc\FreshOrRotten\data\raw\Lime_Rotten\IMG_7005.JPG,lime,rotten,1,test,0.99570906,rotten,True,-6.76134,2.1614108,-32.570354,31.784496
C:\Users\antoc\FreshOrRotten\data\raw\Strawberry_Fresh\freshStrawberry (268)1.jpg,strawberry,fresh,0,test,0.11426086,fresh,True,1.8529893,0.24852148,3.1999412,6.7482414
C:\Users\antoc\FreshOrRotten\data\raw\Banana_Rotten\rotated_by_45_Screen Shot 2018-06-12 at 9.19.12 PM.jpg,banana,rotten,1,test,0.9927371,rotten,True,-6.2145796,0.90211266,-50.989414,6.303772
C:\Users\antoc\FreshOrRotten\data\raw\Pear_Fresh\Image567.jpg,pear,fresh,0,test,0.027120356,fresh,True,3.7398205,0.25081462,10.450275,8.203372
C:\Users\antoc\FreshOrRotten\data\raw\Orange_Rotten\rotated_by_75_Screen Shot 2018-06-12 at 11.23.29 PM.jpg,orange,rotten,1,test,0.9983652,rotten,True,-7.9504437,2.8391094,-53.794914,3.6092522
C:\Users\antoc\FreshOrRotten\data\raw\Banana_Fresh\Image141.jpg,banana,fresh,0,test,0.067281276,fresh,True,2.817924,1.4963667,5.0408,36.154667
C:\Users\antoc\FreshOrRotten\data\raw\Orange_Fresh\IMG_2093.JPG,orange,fresh,0,test,0.23789608,fresh,True,0.8872785,-4.0974884,7.946886,-35.392895
C:\Users\antoc\FreshOrRotten\data\raw\Bellpepper_Fresh\IMG_20200822_223854.jpg_0_5716.jpg,bellpepper,fresh,0,test,0.022438837,fresh,True,5.7286754,-0.60807383,49.97809,-6.987249
C:\Users\antoc\FreshOrRotten\data\raw\Orange_Fresh\IMG20200729173728_01.jpg,orange,fresh,0,test,0.60116655,rotten,False,-0.9357466,-3.8624778,-4.8717446,-22.266161
C:\Users\antoc\FreshOrRotten\data\raw\Jujube_Rotten\RottenJujube (142).jpg,jujube,rotten,1,test,0.99240136,rotten,True,-5.875284,1.8899882,-25.482504,35.389957
C:\Users\antoc\FreshOrRotten\data\raw\Peach_Rotten\Image4135.jpg,peach,rotten,1,test,0.5328105,rotten,True,-0.5539173,-2.219656,-9.598266,-6.281051
C:\Users\antoc\FreshOrRotten\data\raw\Apple_Rotten\rotated_by_45_Screen Shot 2018-06-08 at 2.39.35 PM.jpg,apple,rotten,1,test,0.9685619,rotten,True,-4.417802,4.242445,-48.583187,7.6657453
C:\Users\antoc\FreshOrRotten\data\raw\Orange_Rotten\Screen Shot 2018-06-12 at 11.29.36 PM.jpg,orange,rotten,1,test,0.7448811,rotten,True,-1.8184011,-3.1864443,-18.114296,-15.4935055
C:\Users\antoc\FreshOrRotten\data\raw\Orange_Fresh\freshOrange (79)1.jpg,orange,fresh,0,test,0.57026047,rotten,False,-1.519592,-3.7806642,-3.9086933,-38.54769
C:\Users\antoc\FreshOrRotten\data\raw\Banana_Rotten\Image1027.jpg,banana,rotten,1,test,0.99937564,rotten,True,-9.35326,6.332637,-46.77125,28.232435
C:\Users\antoc\FreshOrRotten\data\raw\Pomegranate_Fresh\20190820_151407.jpg,pomegranate,fresh,0,test,0.02699088,fresh,True,4.0401726,-0.95426273,38.83542,0.38919687
C:\Users\antoc\FreshOrRotten\data\raw\Mango_Fresh\freshMango (214).jpg,mango,fresh,0,test,0.09505695,fresh,True,3.1881738,-1.4561763,28.137981,-10.302185
C:\Users\antoc\FreshOrRotten\data\raw\Pomegranate_Fresh\20190820_150415_24150.jpg,pomegranate,fresh,0,test,0.0066850632,fresh,True,5.648712,4.8941402,30.764736,38.67766
C:\Users\antoc\FreshOrRotten\data\raw\Strawberry_Fresh\freshStrawberry (438)1.jpg,strawberry,fresh,0,test,0.43439117,fresh,True,-0.20571634,1.8405246,-11.175311,18.498312
C:\Users\antoc\FreshOrRotten\data\raw\Strawberry_Rotten\rottenStrawberry (519)1.jpg,strawberry,rotten,1,test,0.894441,rotten,True,-3.0853662,-1.6268554,-20.762875,23.846073
C:\Users\antoc\FreshOrRotten\data\raw\Apple_Rotten\rotated_by_45_Screen Shot 2018-06-07 at 2.20.34 PM.jpg,apple,rotten,1,test,0.51336694,rotten,True,-0.046696097,-1.7208605,19.305593,-30.866472
C:\Users\antoc\FreshOrRotten\data\raw\Apple_Fresh\vertical_flip_Screen Shot 2018-06-08 at 5.10.21 PM.jpg,apple,fresh,0,test,0.0019285686,fresh,True,6.8779297,4.447744,39.19845,33.913467
C:\Users\antoc\FreshOrRotten\data\raw\Orange_Rotten\rotated_by_75_Screen Shot 2018-06-12 at 11.33.06 PM.jpg,orange,rotten,1,test,0.3183016,fresh,False,0.25234902,2.2866,-4.500242,13.236472
C:\Users\antoc\FreshOrRotten\data\raw\Carrot_Fresh\freshCarrot (589).jpg,carrot,fresh,0,test,0.22555248,fresh,True,0.15662363,-4.42476,1.085233,-42.37832
C:\Users\antoc\FreshOrRotten\data\raw\Apple_Rotten\saltandpepper_Screen Shot 2018-06-08 at 2.30.26 PM.jpg,apple,rotten,1,test,0.7523086,rotten,True,-1.8242558,-3.4228106,-17.952679,-17.359398
C:\Users\antoc\FreshOrRotten\data\raw\Banana_Fresh\rotated_by_45_Screen Shot 2018-06-12 at 9.53.07 PM.jpg,banana,fresh,0,test,0.050188135,fresh,True,5.0048094,0.2262253,43.397797,-6.692477
C:\Users\antoc\FreshOrRotten\data\raw\Pomegranate_Fresh\20190820_145557_23676.jpg,pomegranate,fresh,0,test,0.0009939758,fresh,True,7.9052515,7.178377,35.756916,41.715137
C:\Users\antoc\FreshOrRotten\data\raw\Orange_Rotten\saltandpepper_Screen Shot 2018-06-12 at 11.23.13 PM.jpg,orange,rotten,1,test,0.5036079,rotten,True,-1.3157263,-3.0340917,-11.200826,-30.309315
C:\Users\antoc\FreshOrRotten\data\raw\Banana_Fresh\rotated_by_15_Screen Shot 2018-06-12 at 9.47.18 PM.jpg,banana,fresh,0,test,0.029902104,fresh,True,10.602322,1.3389452,53.116722,-22.016273
C:\Users\antoc\FreshOrRotten\data\raw\Pomegranate_Fresh\20190820_150332.jpg,pomegranate,fresh,0,test,0.060928665,fresh,True,2.9606664,-0.4668085,22.030838,8.038195
C:\Users\antoc\FreshOrRotten\data\raw\Pomegranate_Fresh\20190820_153951_26235.jpg,pomegranate,fresh,0,test,0.0076240413,fresh,True,5.347462,1.8956199,31.261902,21.512442
C:\Users\antoc\FreshOrRotten\data\raw\Tomato_Rotten\Image2919.jpg,tomato,rotten,1,test,0.9944571,rotten,True,-7.139512,0.012954292,-43.79709,-9.584773
C:\Users\antoc\FreshOrRotten\data\raw\Tomato_Fresh\Image643.jpg,tomato,fresh,0,test,0.00998439,fresh,True,5.7960253,-1.3684708,37.444138,-48.639908
C:\Users\antoc\FreshOrRotten\data\raw\Peach_Fresh\Image207.jpg,peach,fresh,0,test,0.05615904,fresh,True,3.4088917,-2.4455345,32.387806,-39.39783
C:\Users\antoc\FreshOrRotten\data\raw\Grapes_Rotten\RottenGrape (154).jpg,grapes,rotten,1,test,0.30959314,fresh,False,0.5831088,-2.4068975,13.9615345,-14.010522
C:\Users\antoc\FreshOrRotten\data\raw\Orange_Fresh\FreshOrange (60)!.jpg,orange,fresh,0,test,0.67012465,rotten,False,-1.2831978,-2.9061234,-15.832875,-14.587824
C:\Users\antoc\FreshOrRotten\data\raw\Apple_Rotten\IMG_20190910_172341_1.jpg,apple,rotten,1,test,0.97721386,rotten,True,-4.5138235,1.5180702,-23.430397,35.43917
C:\Users\antoc\FreshOrRotten\data\raw\Banana_Rotten\RottenBanana (29)!.jpg,banana,rotten,1,test,0.9935454,rotten,True,-6.909027,0.5493641,-40.04997,3.664921
C:\Users\antoc\FreshOrRotten\data\raw\Lime_Fresh\IMG_20190902_104055.jpg,lime,fresh,0,test,0.010186125,fresh,True,4.9475904,1.558296,29.110704,15.789839
C:\Users\antoc\FreshOrRotten\data\raw\Banana_Fresh\Image325.jpg,banana,fresh,0,test,0.17669047,fresh,True,1.4422286,1.06568,4.207227,35.69162
C:\Users\antoc\FreshOrRotten\data\raw\Guava_Rotten\IMG_20190822_080643_1.jpg,guava,rotten,1,test,0.873751,rotten,True,-3.240646,1.6066642,-12.931585,10.798999
C:\Users\antoc\FreshOrRotten\data\raw\Bellpepper_Fresh\IMG_20200826_172321.jpg_0_3213.jpg,bellpepper,fresh,0,test,0.1467026,fresh,True,1.9075849,-0.67525095,6.8860073,-4.3463984
C:\Users\antoc\FreshOrRotten\data\raw\Apple_Rotten\rottenApple (313)1.jpg,apple,rotten,1,test,0.5908249,rotten,True,-1.0117602,-3.727322,-1.2388905,-24.644392
C:\Users\antoc\FreshOrRotten\data\raw\Orange_Fresh\translation_Screen Shot 2018-06-12 at 11.53.17 PM.jpg,orange,fresh,0,test,0.5481586,rotten,False,0.16844669,-0.7813458,19.598549,-31.379251
C:\Users\antoc\FreshOrRotten\data\raw\Strawberry_Fresh\freshStrawberry (144)1.jpg,strawberry,fresh,0,test,0.028458167,fresh,True,3.6389112,1.3181212,22.650223,14.347788
C:\Users\antoc\FreshOrRotten\data\raw\Pomegranate_Fresh\20190820_153830_26103.jpg,pomegranate,fresh,0,test,0.005756056,fresh,True,5.671475,2.335005,31.161152,22.596258
C:\Users\antoc\FreshOrRotten\data\raw\Apple_Rotten\rotated_by_45_Screen Shot 2018-06-08 at 2.40.09 PM.jpg,apple,rotten,1,test,0.7453582,rotten,True,-1.1037238,0.2537395,-27.891113,-48.655304
C:\Users\antoc\FreshOrRotten\data\raw\Apple_Rotten\Screen Shot 2018-06-07 at 2.17.15 PM.jpg,apple,rotten,1,test,0.8926446,rotten,True,-3.2402806,-1.6156523,-25.119696,-33.372215
C:\Users\antoc\FreshOrRotten\data\raw\Bitter_Gourd_Fresh\IMG_20200822_223831.jpg_0_9972.jpg,bitter_gourd,fresh,0,test,0.01820019,fresh,True,4.4305,0.34214726,28.35953,7.3306384
C:\Users\antoc\FreshOrRotten\data\raw\Banana_Fresh\freshBanana (120)1.jpg,banana,fresh,0,test,0.1420037,fresh,True,3.1658936,-2.4526045,48.35204,-10.724203
C:\Users\antoc\FreshOrRotten\data\raw\Banana_Fresh\IMG_9160.JPG,banana,fresh,0,test,0.19342637,fresh,True,1.455532,-2.4911413,16.163347,-13.796957
C:\Users\antoc\FreshOrRotten\data\raw\Pear_Fresh\Image239.jpg,pear,fresh,0,test,0.012035418,fresh,True,4.717138,0.6524564,30.789627,10.992841
C:\Users\antoc\FreshOrRotten\data\raw\Apple_Rotten\translation_Screen Shot 2018-06-08 at 2.30.03 PM.jpg,apple,rotten,1,test,0.8644384,rotten,True,-2.7329178,-2.4266639,-30.262234,-25.135715
C:\Users\antoc\FreshOrRotten\data\raw\Carrot_Fresh\freshCarrot (457).jpg,carrot,fresh,0,test,0.23890145,fresh,True,1.081772,-1.012948,16.659693,-29.013092
C:\Users\antoc\FreshOrRotten\data\raw\Apple_Rotten\rotated_by_45_Screen Shot 2018-06-08 at 2.45.50 PM.jpg,apple,rotten,1,test,0.44493288,fresh,False,-0.1485779,-3.501412,1.3639104,-24.60443
C:\Users\antoc\FreshOrRotten\data\raw\Banana_Fresh\rotated_by_30_Screen Shot 2018-06-12 at 10.06.19 PM.jpg,banana,fresh,0,test,0.7606376,rotten,False,-1.485028,-3.3076615,-20.655598,-23.124832
C:\Users\antoc\FreshOrRotten\data\raw\Potato_Rotten\rottenPotato (517).jpg,potato,rotten,1,test,0.87564564,rotten,True,-3.0198994,-1.6010579,-24.935513,-9.688391
C:\Users\antoc\FreshOrRotten\data\raw\Tomato_Rotten\Copy of IMG_20200727_223213.jpg_0_1980.jpg,tomato,rotten,1,test,0.7822952,rotten,True,-1.6184661,-1.767587,-25.227642,-45.121105
C:\Users\antoc\FreshOrRotten\data\raw\Banana_Rotten\IMG_7848.JPG,banana,rotten,1,test,0.952312,rotten,True,-4.3446984,-1.3852785,-30.742714,0.6203233
C:\Users\antoc\FreshOrRotten\data\raw\Orange_Rotten\IMG_20190824_175111_1.jpg,orange,rotten,1,test,0.9436876,rotten,True,-4.140114,-1.2447746,-25.562065,4.98348
C:\Users\antoc\FreshOrRotten\data\raw\Cucumber_Rotten\rottenCucumber (105)1.jpg,cucumber,rotten,1,test,0.99723333,rotten,True,-7.4125695,2.613741,-35.244644,28.901022
C:\Users\antoc\FreshOrRotten\data\raw\Cucumber_Rotten\rottenCucumber (392)1.jpg,cucumber,rotten,1,test,0.18293115,fresh,False,1.1616867,1.2353189,-0.85826266,15.195772
C:\Users\antoc\FreshOrRotten\data\raw\Orange_Fresh\IMG_2568.JPG,orange,fresh,0,test,0.12334768,fresh,True,4.046445,-3.178504,48.135082,-18.942324
C:\Users\antoc\FreshOrRotten\data\raw\Orange_Fresh\IMG_2013.JPG,orange,fresh,0,test,0.287688,fresh,True,0.5666852,-4.1719775,7.001463,-34.78718
C:\Users\antoc\FreshOrRotten\data\raw\Pomegranate_Fresh\20190820_153642_25919.jpg,pomegranate,fresh,0,test,0.0050851875,fresh,True,5.8054156,2.4674313,31.184273,22.978075
C:\Users\antoc\FreshOrRotten\data\raw\Apple_Fresh\saltandpepper_Screen Shot 2018-06-08 at 5.05.12 PM.jpg,apple,fresh,0,test,0.08352356,fresh,True,2.6273468,2.632985,15.8621025,40.303867
C:\Users\antoc\FreshOrRotten\data\raw\Pomegranate_Fresh\20190820_151555.jpg,pomegranate,fresh,0,test,0.007498861,fresh,True,5.5885,0.49768573,38.69884,10.379123
C:\Users\antoc\FreshOrRotten\data\raw\Pomegranate_Fresh\20190820_150546_24219.jpg,pomegranate,fresh,0,test,0.064755514,fresh,True,2.6294012,3.2051954,19.88327,20.611517
C:\Users\antoc\FreshOrRotten\data\raw\Apple_Fresh\rotated_by_15_Screen Shot 2018-06-08 at 5.05.48 PM.jpg,apple,fresh,0,test,0.044039726,fresh,True,4.7744856,-0.7993871,42.73715,-8.651315
C:\Users\antoc\FreshOrRotten\data\raw\Watermelon_Rotten\Image459.jpg,watermelon,rotten,1,test,0.8310656,rotten,True,-2.4763005,-3.069296,-20.130985,-14.915948
C:\Users\antoc\FreshOrRotten\data\raw\Papaya_Rotten\Image1559.jpg,papaya,rotten,1,test,0.9846341,rotten,True,-5.6798553,-0.7205721,-47.762726,-12.186433
C:\Users\antoc\FreshOrRotten\data\raw\Orange_Rotten\rottenOrange (300)1.jpg,orange,rotten,1,test,0.2663729,fresh,False,0.64719677,-3.714226,9.016248,-32.698845
C:\Users\antoc\FreshOrRotten\data\raw\Tomato_Rotten\Image2421.jpg,tomato,rotten,1,test,0.7250689,rotten,True,-1.7831066,-2.9256482,-32.386475,-24.019037
C:\Users\antoc\FreshOrRotten\data\raw\Orange_Rotten\translation_Screen Shot 2018-06-12 at 11.30.48 PM.jpg,orange,rotten,1,test,0.87440526,rotten,True,-2.663353,-1.8522539,-28.957853,-37.84017
C:\Users\antoc\FreshOrRotten\data\raw\Bellpepper_Rotten\rottenPepper (562)1.jpg,bellpepper,rotten,1,test,0.32375056,fresh,False,3.5183587,-3.3513322,52.86045,-12.750189
C:\Users\antoc\FreshOrRotten\data\raw\Tomato_Fresh\DSCN4142.jpg_0_2231.jpg,tomato,fresh,0,test,0.18511973,fresh,True,1.527159,8.4363,0.96543866,61.515602
C:\Users\antoc\FreshOrRotten\data\raw\Bellpepper_Fresh\IMG_20200822_223854.jpg_0_9991.jpg,bellpepper,fresh,0,test,0.019017436,fresh,True,5.940154,-0.0044736294,49.987297,-6.6818194
C:\Users\antoc\FreshOrRotten\data\raw\Carrot_Fresh\freshCarrot (480).jpg,carrot,fresh,0,test,0.5664821,rotten,False,-1.8374606,-3.6128707,-5.298409,-41.137215
C:\Users\antoc\FreshOrRotten\data\raw\Apple_Fresh\20190809_122812.jpg,apple,fresh,0,test,0.06728399,fresh,True,3.715711,-1.8282841,44.1702,-12.70684
C:\Users\antoc\FreshOrRotten\data\raw\Tomato_Fresh\tomato1_8.jpg_0_2972.jpg,tomato,fresh,0,test,0.09154133,fresh,True,2.5833511,5.9984837,12.77636,53.180893
C:\Users\antoc\FreshOrRotten\data\raw\Bellpepper_Fresh\IMG_20200825_144655.jpg_0_850.jpg,bellpepper,fresh,0,test,0.3683941,fresh,True,0.4291628,-1.8553026,6.922148,-7.2918706
C:\Users\antoc\FreshOrRotten\data\raw\Watermelon_Rotten\Image229.jpg,watermelon,rotten,1,test,0.5240872,rotten,True,-0.75759137,-3.8490248,-0.7852059,-25.762854
C:\Users\antoc\FreshOrRotten\data\raw\Lime_Rotten\IMG_6978.JPG,lime,rotten,1,test,0.9938029,rotten,True,-6.4510274,1.4999359,-31.702217,28.785496
C:\Users\antoc\FreshOrRotten\data\raw\Pomegranate_Fresh\20190820_145832.jpg,pomegranate,fresh,0,test,0.04065667,fresh,True,3.3401327,-1.3910728,37.16381,-1.5308775
C:\Users\antoc\FreshOrRotten\data\raw\Lime_Fresh\IMG_20190902_102451.jpg,lime,fresh,0,test,0.005256482,fresh,True,5.7908263,2.0969021,30.890707,16.992342
C:\Users\antoc\FreshOrRotten\data\raw\Pomegranate_Rotten\IMG_20190824_180714.jpg,pomegranate,rotten,1,test,0.9310622,rotten,True,-3.0057387,0.2626959,-18.319342,35.399002
C:\Users\antoc\FreshOrRotten\data\raw\Potato_Fresh\freshPotato (12).jpg,potato,fresh,0,test,0.984568,rotten,False,-6.484256,-1.4663815,-43.686886,-6.054385
C:\Users\antoc\FreshOrRotten\data\raw\Kaki_Rotten\Image3945.jpg,kaki,rotten,1,test,0.9579132,rotten,True,-4.234555,-1.0626994,-36.58343,-25.063751
C:\Users\antoc\FreshOrRotten\data\raw\Strawberry_Fresh\freshStrawberry (79)1.jpg,strawberry,fresh,0,test,0.044493075,fresh,True,3.1518643,-0.45583487,24.12495,-2.4333081
C:\Users\antoc\FreshOrRotten\data\raw\Banana_Fresh\translation_Screen Shot 2018-06-12 at 9.57.46 PM.jpg,banana,fresh,0,test,0.44467968,fresh,True,-0.44309142,3.402022,3.0828118,18.244938
C:\Users\antoc\FreshOrRotten\data\raw\Strawberry_Fresh\freshStrawberry (418)1.jpg,strawberry,fresh,0,test,0.44819042,fresh,True,-0.4198354,1.8458002,-11.154561,17.86392
C:\Users\antoc\FreshOrRotten\data\raw\Apple_Fresh\20190812_185310.jpg,apple,fresh,0,test,0.062330544,fresh,True,4.2338705,-2.3775373,40.26318,-17.770983
C:\Users\antoc\FreshOrRotten\data\raw\Tomato_Rotten\Image2811.jpg,tomato,rotten,1,test,0.9869163,rotten,True,-6.05418,-0.7361269,-42.90864,-10.079606
C:\Users\antoc\FreshOrRotten\data\raw\Bitter_Gourd_Rotten\IMG_20200824_182241.jpg_0_2350.jpg,bitter_gourd,rotten,1,test,0.9882499,rotten,True,-5.7254567,3.2573457,-48.98931,10.318594
C:\Users\antoc\FreshOrRotten\data\raw\Bellpepper_Fresh\IMG_20200826_172321.jpg_0_3674.jpg,bellpepper,fresh,0,test,0.10109969,fresh,True,2.2908468,-1.1993139,9.517279,-3.4765708
C:\Users\antoc\FreshOrRotten\data\raw\Lime_Rotten\IMG_20190923_183943.jpg,lime,rotten,1,test,0.5557814,rotten,True,-0.81149715,-1.6289499,-6.743075,5.1919093
C:\Users\antoc\FreshOrRotten\data\raw\Pomegranate_Fresh\20190820_154516_26564.jpg,pomegranate,fresh,0,test,0.00026855888,fresh,True,9.328194,6.420459,40.296734,38.16415
C:\Users\antoc\FreshOrRotten\data\raw\Strawberry_Rotten\RottenStrawberry (82)!.jpg,strawberry,rotten,1,test,0.9851651,rotten,True,-5.2149754,1.9551084,-25.185175,37.467545
C:\Users\antoc\FreshOrRotten\data\raw\Apple_Rotten\IMG_20190910_172623_1.jpg,apple,rotten,1,test,0.40631548,fresh,False,-0.23806977,-4.1464834,0.8003323,-32.861725
C:\Users\antoc\FreshOrRotten\data\raw\Bellpepper_Rotten\Image199.jpg,bellpepper,rotten,1,test,0.922461,rotten,True,-3.3115048,-1.3780555,-33.645233,-35.112686
C:\Users\antoc\FreshOrRotten\data\raw\Orange_Fresh\rotated_by_45_Screen Shot 2018-06-13 at 12.20.21 AM.jpg,orange,fresh,0,test,0.25150666,fresh,True,1.2943703,-0.6550521,3.2116027,-4.408569
C:\Users\antoc\FreshOrRotten\data\raw\Orange_Rotten\rottenOrange (25)1.jpg,orange,rotten,1,test,0.7742419,rotten,True,-1.8069093,-1.7413399,-31.485676,-13.252421
C:\Users\antoc\FreshOrRotten\data\raw\Banana_Rotten\RottenBanana (80)!.jpg,banana,rotten,1,test,0.9981938,rotten,True,-7.7712965,3.2107806,-35.874313,32.809433
C:\Users\antoc\FreshOrRotten\data\raw\Orange_Rotten\rottenOrange (510)1.jpg,orange,rotten,1,test,0.32089007,fresh,False,0.5790198,-3.604833,13.509874,-21.48891
C:\Users\antoc\FreshOrRotten\data\raw\Banana_Rotten\translation_Screen Shot 2018-06-12 at 9.20.01 PM.jpg,banana,rotten,1,test,0.99623436,rotten,True,-7.277847,2.3412127,-51.09148,8.864005
C:\Users\antoc\FreshOrRotten\data\raw\Pomegranate_Rotten\IMG_20190824_181251_1.jpg,pomegranate,rotten,1,test,0.85173094,rotten,True,-1.9378641,-0.3855912,-16.658825,35.135025
C:\Users\antoc\FreshOrRotten\data\raw\Guava_Fresh\IMG_8900.JPG,guava,fresh,0,test,0.50101006,rotten,False,-0.52389497,-2.4488745,-7.1129727,-15.23269
C:\Users\antoc\FreshOrRotten\data\raw\Apple_Rotten\IMG_20190824_175748.jpg,apple,rotten,1,test,0.36034477,fresh,False,-0.1460959,-4.1458945,0.9984243,-34.730324
C:\Users\antoc\FreshOrRotten\data\raw\Apple_Rotten\RottenApple (187)!.jpg,apple,rotten,1,test,0.9625058,rotten,True,-4.6109285,0.51179445,-28.084156,38.093975
C:\Users\antoc\FreshOrRotten\data\raw\Lime_Fresh\IMG_20190902_111440.jpg,lime,fresh,0,test,0.031086389,fresh,True,3.8638117,-0.9307209,34.266323,-4.1055174
C:\Users\antoc\FreshOrRotten\data\raw\Pomegranate_Fresh\20190820_145602_23686.jpg,pomegranate,fresh,0,test,0.015584891,fresh,True,4.79964,7.6303506,32.38784,44.556118
C:\Users\antoc\FreshOrRotten\data\raw\Tomato_Rotten\Copy of IMG_20200801_191339.jpg_0_3.jpg,tomato,rotten,1,test,0.21861021,fresh,False,1.2667527,-1.1306837,9.8824005,-14.004873
C:\Users\antoc\FreshOrRotten\data\raw\Lime_Rotten\IMG_7394.JPG,lime,rotten,1,test,0.8553165,rotten,True,-2.7606854,-2.6083474,-19.781082,-9.939707
C:\Users\antoc\FreshOrRotten\data\raw\Bellpepper_Fresh\capsicum3_1.jpg_0_8962.jpg,bellpepper,fresh,0,test,0.056448814,fresh,True,2.9426134,0.1672102,9.366923,10.864192
C:\Users\antoc\FreshOrRotten\data\raw\Tomato_Fresh\Image179 (2).jpg,tomato,fresh,0,test,0.008518573,fresh,True,5.9411263,-1.4373322,35.823067,-49.24512
C:\Users\antoc\FreshOrRotten\data\raw\Bellpepper_Fresh\freshPepper (241)1.jpg,bellpepper,fresh,0,test,0.0442636,fresh,True,2.2029915,-4.5363817,6.245416,-46.04003
C:\Users\antoc\FreshOrRotten\data\raw\Pomegranate_Rotten\IMG_20190822_084451.jpg,pomegranate,rotten,1,test,0.9482915,rotten,True,-3.6653047,-0.1221672,-21.395819,29.926588
C:\Users\antoc\FreshOrRotten\data\raw\Mango_Rotten\rottenMango (82).jpg,mango,rotten,1,test,0.69380367,rotten,True,-1.3175583,-2.1056662,-12.567184,32.49568
C:\Users\antoc\FreshOrRotten\data\raw\Apple_Fresh\freshApple (314)1.jpg,apple,fresh,0,test,0.03722877,fresh,True,3.8127394,-0.6757448,33.64939,1.9895614
C:\Users\antoc\FreshOrRotten\data\raw\Orange_Rotten\rotated_by_15_Screen Shot 2018-06-12 at 11.31.52 PM.jpg,orange,rotten,1,test,0.6046158,rotten,True,-1.1325881,-2.6016233,-12.686595,-29.506176
C:\Users\antoc\FreshOrRotten\data\raw\Papaya_Fresh\Image91.jpg,papaya,fresh,0,test,0.02453302,fresh,True,5.7097974,-1.6740199,46.466305,-20.423294
C:\Users\antoc\FreshOrRotten\data\raw\Guava_Fresh\IMG_8932.JPG,guava,fresh,0,test,0.10648476,fresh,True,2.098502,-0.47276857,2.4639232,4.8329716
C:\Users\antoc\FreshOrRotten\data\raw\Banana_Fresh\IMG_9155.JPG,banana,fresh,0,test,0.21297921,fresh,True,1.3000929,-2.6327035,15.981256,-13.973779
C:\Users\antoc\FreshOrRotten\data\raw\Bellpepper_Fresh\freshPepper (463)1.jpg,bellpepper,fresh,0,test,0.020347228,fresh,True,5.007693,-1.331048,38.003796,-47.885612
C:\Users\antoc\FreshOrRotten\data\raw\Potato_Fresh\freshPotato (152).jpg,potato,fresh,0,test,0.32845068,fresh,True,-0.0565899,-3.7861414,3.2658992,-38.549732
C:\Users\antoc\FreshOrRotten\data\raw\Apple_Rotten\saltandpepper_Screen Shot 2018-06-07 at 2.34.18 PM.jpg,apple,rotten,1,test,0.7738847,rotten,True,-1.6456308,-1.6758263,-24.871735,-44.0836
C:\Users\antoc\FreshOrRotten\data\raw\Bellpepper_Rotten\rottenPepper (473)1.jpg,bellpepper,rotten,1,test,0.08934296,fresh,False,8.248306,-1.0760425,55.53696,-19.119093
C:\Users\antoc\FreshOrRotten\data\raw\Kaki_Fresh\Image219.jpg,kaki,fresh,0,test,0.033549175,fresh,True,3.7564182,5.25944,13.44046,45.607304
C:\Users\antoc\FreshOrRotten\data\raw\Orange_Rotten\rotated_by_15_Screen Shot 2018-06-12 at 11.44.54 PM.jpg,orange,rotten,1,test,0.98398376,rotten,True,-5.5489717,0.116876006,-37.399055,0.81675917
C:\Users\antoc\FreshOrRotten\data\raw\Pomegranate_Fresh\20190820_150343_24114.jpg,pomegranate,fresh,0,test,0.0017228386,fresh,True,7.136136,5.2629614,35.32349,38.494835
C:\Users\antoc\FreshOrRotten\data\raw\Banana_Fresh\IMG_9333.JPG,banana,fresh,0,test,0.1827234,fresh,True,1.2303065,0.06366873,0.8815322,8.40275
C:\Users\antoc\FreshOrRotten\data\raw\Bellpepper_Rotten\Image1619.jpg,bellpepper,rotten,1,test,0.9808313,rotten,True,-5.080396,0.34820324,-30.532532,20.066664
C:\Users\antoc\FreshOrRotten\data\raw\Guava_Rotten\IMG_20190822_081158.jpg,guava,rotten,1,test,0.5997025,rotten,True,-0.91413695,-2.4155543,-15.319039,-13.800261
C:\Users\antoc\FreshOrRotten\data\raw\Guava_Rotten\RottenGuava (99).jpg,guava,rotten,1,test,0.9860976,rotten,True,-5.6867943,0.72977245,-26.796886,25.550373
C:\Users\antoc\FreshOrRotten\data\raw\Banana_Fresh\vertical_flip_Screen Shot 2018-06-12 at 10.01.07 PM.jpg,banana,fresh,0,test,0.024694744,fresh,True,4.2798223,-0.05632225,11.920187,1.2805153
C:\Users\antoc\FreshOrRotten\data\raw\Pear_Fresh\Image55.jpg,pear,fresh,0,test,0.0074206805,fresh,True,5.2990923,1.0078979,31.647171,12.135781
C:\Users\antoc\FreshOrRotten\data\raw\Watermelon_Rotten\Image409.jpg,watermelon,rotten,1,test,0.7826699,rotten,True,-2.1304007,-3.2611341,-19.080067,-16.3851
C:\Users\antoc\FreshOrRotten\data\raw\Guava_Rotten\IMG_20190829_072431.jpg,guava,rotten,1,test,0.96653336,rotten,True,-4.489027,1.1761682,-23.868538,27.857073
C:\Users\antoc\FreshOrRotten\data\raw\Papaya_Fresh\Image141.jpg,papaya,fresh,0,test,0.02527186,fresh,True,5.5609593,-1.7119875,46.228302,-20.4589
C:\Users\antoc\FreshOrRotten\data\raw\Banana_Rotten\IMG_20190923_184105.jpg,banana,rotten,1,test,0.9861223,rotten,True,-5.755988,4.7501893,-41.834984,18.725899
C:\Users\antoc\FreshOrRotten\data\raw\Tomato_Fresh\tomato1_15.jpg_0_6663.jpg,tomato,fresh,0,test,0.037754502,fresh,True,3.6367471,5.2318077,12.99148,51.256092
C:\Users\antoc\FreshOrRotten\data\raw\Bellpepper_Fresh\capsicum3_4.jpg_0_4021.jpg,bellpepper,fresh,0,test,0.06565998,fresh,True,2.7169428,1.3605051,8.857374,14.262209
C:\Users\antoc\FreshOrRotten\data\raw\Banana_Fresh\rotated_by_75_Screen Shot 2018-06-12 at 10.06.33 PM.jpg,banana,fresh,0,test,0.12784535,fresh,True,2.12696,2.2367673,6.036144,20.188942
C:\Users\antoc\FreshOrRotten\data\raw\Jujube_Fresh\FreshJujube (156).jpg,jujube,fresh,0,test,0.2361963,fresh,True,0.7206419,0.64227915,-1.031358,11.2068815
C:\Users\antoc\FreshOrRotten\data\raw\Peach_Fresh\Image17.jpg,peach,fresh,0,test,0.047348186,fresh,True,3.6280737,-2.3831077,31.57301,-39.67388
C:\Users\antoc\FreshOrRotten\data\raw\Mango_Fresh\freshMango (92).jpg,mango,fresh,0,test,0.099767335,fresh,True,4.305302,-2.3320599,47.57724,-17.650112
C:\Users\antoc\FreshOrRotten\data\raw\Pomegranate_Fresh\20190820_151453_24679.jpg,pomegranate,fresh,0,test,0.008735663,fresh,True,5.3438034,1.2437943,33.843266,20.11378
C:\Users\antoc\FreshOrRotten\data\raw\Strawberry_Fresh\FreshStrawberry (120)!.jpg,strawberry,fresh,0,test,0.6613155,rotten,False,-2.0257766,-3.4210567,-5.3394575,-40.137955
C:\Users\antoc\FreshOrRotten\data\raw\Pomegranate_Fresh\20190820_151817.jpg,pomegranate,fresh,0,test,0.007190717,fresh,True,5.5179625,1.1903172,36.014404,11.94355
C:\Users\antoc\FreshOrRotten\data\raw\Orange_Fresh\rotated_by_45_Screen Shot 2018-06-13 at 12.13.44 AM.jpg,orange,fresh,0,test,0.044812407,fresh,True,2.933205,-4.0920024,21.71943,-47.337063
C:\Users\antoc\FreshOrRotten\data\raw\Strawberry_Fresh\freshStrawberry (111)1.jpg,strawberry,fresh,0,test,0.08361843,fresh,True,2.2695537,-0.44846272,23.15861,-3.1315994
C:\Users\antoc\FreshOrRotten\data\raw\Grapes_Fresh\FreshGrape (18)!.jpg,grapes,fresh,0,test,0.21488072,fresh,True,1.014809,-1.2892963,13.382476,-9.574248
C:\Users\antoc\FreshOrRotten\data\raw\Apple_Rotten\rotated_by_30_Screen Shot 2018-06-07 at 3.04.04 PM.jpg,apple,rotten,1,test,0.9329934,rotten,True,-4.3784137,-1.6685262,-29.461157,-16.726826
C:\Users\antoc\FreshOrRotten\data\raw\Banana_Fresh\rotated_by_45_Screen Shot 2018-06-12 at 10.06.33 PM.jpg,banana,fresh,0,test,0.11593439,fresh,True,2.3586555,0.14967486,10.708129,18.314072
C:\Users\antoc\FreshOrRotten\data\raw\Guava_Fresh\FreshGuava (110).jpg,guava,fresh,0,test,0.06108582,fresh,True,3.2774343,-2.2305355,35.627014,-12.359659
C:\Users\antoc\FreshOrRotten\data\raw\Orange_Fresh\rotated_by_30_Screen Shot 2018-06-12 at 11.53.53 PM.jpg,orange,fresh,0,test,0.098466896,fresh,True,2.0875182,-3.9427795,20.15117,-43.70635
C:\Users\antoc\FreshOrRotten\data\raw\Pomegranate_Fresh\20190820_154307_26475.jpg,pomegranate,fresh,0,test,0.049148668,fresh,True,2.936116,1.7195202,20.82084,17.976227
C:\Users\antoc\FreshOrRotten\data\raw\Orange_Rotten\rottenOrange (371)1.jpg,orange,rotten,1,test,0.56515825,rotten,True,-0.917147,-1.0118107,-8.834379,7.060421
C:\Users\antoc\FreshOrRotten\data\raw\Pomegranate_Fresh\20190820_154838_26893.jpg,pomegranate,fresh,0,test,0.0010736126,fresh,True,7.685247,4.5908446,37.595623,35.474773
C:\Users\antoc\FreshOrRotten\data\raw\Apple_Rotten\rottenApple (333)1.jpg,apple,rotten,1,test,0.9891917,rotten,True,-6.2038927,-1.0157695,-42.894463,-6.5129075
C:\Users\antoc\FreshOrRotten\data\raw\Banana_Fresh\freshBanana (423)1.jpg,banana,fresh,0,test,0.59622824,rotten,False,-0.8933765,-3.7849393,-0.38697073,-20.826061
C:\Users\antoc\FreshOrRotten\data\raw\Bitter_Gourd_Rotten\IMG_20200824_182208.jpg_0_900.jpg,bitter_gourd,rotten,1,test,0.977114,rotten,True,-4.999811,-0.81997776,-37.10432,-1.0746725
C:\Users\antoc\FreshOrRotten\data\raw\Orange_Rotten\saltandpepper_Screen Shot 2018-06-12 at 11.37.13 PM.jpg,orange,rotten,1,test,0.8567275,rotten,True,-2.9375463,-2.3482742,-24.41478,1.7904459
C:\Users\antoc\FreshOrRotten\data\raw\Pomegranate_Rotten\IMG20200728182959.jpg,pomegranate,rotten,1,test,0.7452003,rotten,True,0.6480507,-3.4087946,16.616562,3.6523535
C:\Users\antoc\FreshOrRotten\data\raw\Jujube_Rotten\RottenJujube (85).jpg,jujube,rotten,1,test,0.790547,rotten,True,-1.926035,-0.3884797,-18.473251,25.25085
C:\Users\antoc\FreshOrRotten\data\raw\Apple_Fresh\20190809_165957.jpg,apple,fresh,0,test,0.2908899,fresh,True,2.2394996,5.5048647,-19.204706,42.57861
C:\Users\antoc\FreshOrRotten\data\raw\Orange_Rotten\rottenOrange (120)1.jpg,orange,rotten,1,test,0.99606776,rotten,True,-7.317035,0.9698984,-42.31717,1.7257128
C:\Users\antoc\FreshOrRotten\data\raw\Strawberry_Rotten\rottenStrawberry (488)1.jpg,strawberry,rotten,1,test,0.81788784,rotten,True,-2.4309654,-2.8441963,-11.939824,-17.18202
C:\Users\antoc\FreshOrRotten\data\raw\Apple_Rotten\rottenApple (2)1.jpeg,apple,rotten,1,test,0.9169129,rotten,True,-3.6967664,-2.758257,-25.0342,-21.578648
C:\Users\antoc\FreshOrRotten\data\raw\Tomato_Rotten\rottenTomato (485)1.jpg,tomato,rotten,1,test,0.7227689,rotten,True,-1.7276435,-2.1495106,-12.166617,33.458836
C:\Users\antoc\FreshOrRotten\data\raw\Papaya_Fresh\Image47.jpg,papaya,fresh,0,test,0.024072874,fresh,True,5.903987,-1.6276329,46.752598,-20.665798
C:\Users\antoc\FreshOrRotten\data\raw\Lime_Rotten\IMG_20190923_183650.jpg,lime,rotten,1,test,0.662809,rotten,True,-1.5596958,0.85528654,-13.23142,15.1574745
C:\Users\antoc\FreshOrRotten\data\raw\Guava_Rotten\IMG_20190824_181538_1.jpg,guava,rotten,1,test,0.99374914,rotten,True,-6.49261,1.5422657,-31.79972,28.69202
C:\Users\antoc\FreshOrRotten\data\raw\Banana_Fresh\freshBanana (12)1.jpg,banana,fresh,0,test,0.08876746,fresh,True,5.654768,-1.376677,51.270443,-17.684813
C:\Users\antoc\FreshOrRotten\data\raw\Papaya_Rotten\Image2041.jpg,papaya,rotten,1,test,0.9932968,rotten,True,-6.802498,-0.17537647,-47.10074,-10.225488
C:\Users\antoc\FreshOrRotten\data\raw\Lime_Fresh\IMG_20190902_111508.jpg,lime,fresh,0,test,0.043060362,fresh,True,3.2745566,-0.99301535,30.595608,-4.475023
C:\Users\antoc\FreshOrRotten\data\raw\Strawberry_Fresh\freshStrawberry (180)1.jpg,strawberry,fresh,0,test,0.023238964,fresh,True,3.9475794,0.85413593,23.215908,13.834309
C:\Users\antoc\FreshOrRotten\data\raw\Banana_Fresh\freshBanana (359)1.jpg,banana,fresh,0,test,0.47096035,fresh,True,-0.46413875,-3.90795,-0.75478333,-27.799492
C:\Users\antoc\FreshOrRotten\data\raw\Apple_Rotten\rottenApple (47)1.jpg,apple,rotten,1,test,0.54009193,rotten,True,-0.47271165,-3.492063,1.2566508,-20.655083
C:\Users\antoc\FreshOrRotten\data\raw\Apple_Fresh\freshApple (144)1.jpg,apple,fresh,0,test,0.037427373,fresh,True,4.7907624,-0.78254855,48.374943,-8.31594
C:\Users\antoc\FreshOrRotten\data\raw\Pear_Fresh\Image101.jpg,pear,fresh,0,test,0.008937702,fresh,True,5.0757666,0.8781304,31.296724,11.68927
C:\Users\antoc\FreshOrRotten\data\raw\Pomegranate_Rotten\IMG_20190822_084532_1.jpg,pomegranate,rotten,1,test,0.8570101,rotten,True,-2.2493272,5.4072666,-23.969898,42.59601
C:\Users\antoc\FreshOrRotten\data\raw\Cucumber_Fresh\freshCucumber (530)1.jpg,cucumber,fresh,0,test,0.045820165,fresh,True,3.1058812,-0.68032146,27.288086,-2.2901824
C:\Users\antoc\FreshOrRotten\data\raw\Lime_Fresh\IMG_20190902_104253.jpg,lime,fresh,0,test,0.03729338,fresh,True,4.28802,-1.2401793,43.23004,-10.811319
C:\Users\antoc\FreshOrRotten\data\raw\Guava_Fresh\IMG20200728184350.jpg,guava,fresh,0,test,0.07013353,fresh,True,2.6367073,-1.1598713,23.983177,-4.235176
C:\Users\antoc\FreshOrRotten\data\raw\Strawberry_Rotten\rottenStrawberry (27)1.jpg,strawberry,rotten,1,test,0.79405767,rotten,True,-2.148571,2.6337266,-16.193518,18.512098
C:\Users\antoc\FreshOrRotten\data\raw\Pomegranate_Rotten\IMG_20190822_085623.jpg,pomegranate,rotten,1,test,0.8807225,rotten,True,-2.5715463,-1.0959153,-14.518515,31.389387
C:\Users\antoc\FreshOrRotten\data\raw\Orange_Fresh\saltandpepper_Screen Shot 2018-06-13 at 12.16.22 AM.jpg,orange,fresh,0,test,0.04129574,fresh,True,2.7168937,-3.9714622,21.111464,-46.965294
C:\Users\antoc\FreshOrRotten\data\raw\Tomato_Fresh\Image1 (3).jpg,tomato,fresh,0,test,0.00800944,fresh,True,6.01851,-1.4134314,35.998814,-49.863213
C:\Users\antoc\FreshOrRotten\data\raw\Banana_Rotten\rottenBanana (53)1.jpg,banana,rotten,1,test,0.9991671,rotten,True,-9.220629,3.0160453,-44.916603,23.647732
C:\Users\antoc\FreshOrRotten\data\raw\Pomegranate_Rotten\IMG20200728125330.jpg,pomegranate,rotten,1,test,0.3043543,fresh,False,5.368332,-3.3757358,55.278843,-17.602163
C:\Users\antoc\FreshOrRotten\data\raw\Apple_Rotten\saltandpepper_Screen Shot 2018-06-08 at 2.52.43 PM.jpg,apple,rotten,1,test,0.9965113,rotten,True,-7.101818,2.238513,-31.745394,31.544386
C:\Users\antoc\FreshOrRotten\data\raw\Lime_Rotten\IMG_20190923_183700.jpg,lime,rotten,1,test,0.62180763,rotten,True,-1.3835225,1.2638873,-12.887139,14.969444
C:\Users\antoc\FreshOrRotten\data\raw\Pomegranate_Fresh\20190820_153625.jpg,pomegranate,fresh,0,test,0.008031774,fresh,True,5.425294,0.5959803,37.30793,11.4470415
C:\Users\antoc\FreshOrRotten\data\raw\Tomato_Rotten\Image2691.jpg,tomato,rotten,1,test,0.961711,rotten,True,-4.6079164,-1.2274077,-36.56824,-23.502342
C:\Users\antoc\FreshOrRotten\data\raw\Pomegranate_Fresh\FreshPomegranate (43)!.jpg,pomegranate,fresh,0,test,0.45571825,fresh,True,-0.691449,-2.4228723,-15.016764,-45.95649
C:\Users\antoc\FreshOrRotten\data\raw\Cucumber_Fresh\freshCucumber (48)1.jpg,cucumber,fresh,0,test,0.016283501,fresh,True,4.3463864,-0.2813675,31.569458,6.3268194
C:\Users\antoc\FreshOrRotten\data\raw\Orange_Fresh\saltandpepper_Screen Shot 2018-06-13 at 12.00.02 AM.jpg,orange,fresh,0,test,0.038221925,fresh,True,3.782387,-2.756505,29.923407,-41.242607
C:\Users\antoc\FreshOrRotten\data\raw\Orange_Rotten\Screen Shot 2018-06-12 at 11.36.06 PM.jpg,orange,rotten,1,test,0.9943561,rotten,True,-6.983517,0.7486573,-39.290913,5.521403
C:\Users\antoc\FreshOrRotten\data\raw\Tomato_Fresh\DSCN4158.jpg_0_9283.jpg,tomato,fresh,0,test,0.32553294,fresh,True,0.6899735,4.296521,7.096163,51.856724
C:\Users\antoc\FreshOrRotten\data\raw\Tomato_Fresh\Image437.jpg,tomato,fresh,0,test,0.008881054,fresh,True,5.9121475,-1.4152869,37.102283,-49.162323
C:\Users\antoc\FreshOrRotten\data\raw\Guava_Fresh\IMG_8459.JPG,guava,fresh,0,test,0.001633212,fresh,True,7.57484,2.8019543,38.158184,28.635479
C:\Users\antoc\FreshOrRotten\data\raw\Pomegranate_Fresh\20190820_153215_25544.jpg,pomegranate,fresh,0,test,0.021028746,fresh,True,4.1722937,0.16531289,35.614017,7.0042534
C:\Users\antoc\FreshOrRotten\data\raw\Banana_Fresh\freshBanana (318)1.jpg,banana,fresh,0,test,0.5049318,rotten,False,-0.4234566,-2.8401487,5.9316134,-29.020409
C:\Users\antoc\FreshOrRotten\data\raw\Bellpepper_Fresh\capsicum3_0.jpg_0_5835.jpg,bellpepper,fresh,0,test,0.038420767,fresh,True,3.3600183,0.105345726,9.612834,10.368537
C:\Users\antoc\FreshOrRotten\data\raw\Cucumber_Rotten\rottenCucumber (473)1.jpg,cucumber,rotten,1,test,0.09819511,fresh,False,2.0188768,1.6893228,0.47991148,11.375187
C:\Users\antoc\FreshOrRotten\data\raw\Guava_Fresh\IMG20200728184453.jpg,guava,fresh,0,test,0.058118083,fresh,True,2.856814,-0.8466373,24.045628,-3.9444385
C:\Users\antoc\FreshOrRotten\data\raw\Orange_Rotten\rotated_by_15_Screen Shot 2018-06-12 at 11.37.19 PM.jpg,orange,rotten,1,test,0.95188504,rotten,True,-4.0995784,-1.2411432,-33.499107,-9.714167
C:\Users\antoc\FreshOrRotten\data\raw\Apple_Fresh\freshApple (30)1.jpg,apple,fresh,0,test,0.24084546,fresh,True,0.65416193,-4.1389613,5.8484216,-37.638073
C:\Users\antoc\FreshOrRotten\data\raw\Bellpepper_Rotten\rottenPepper (243)1.jpg,bellpepper,rotten,1,test,0.24294154,fresh,False,0.97906893,-0.56811786,4.2413287,-7.4384727
C:\Users\antoc\FreshOrRotten\data\raw\Tomato_Fresh\Image459.jpg,tomato,fresh,0,test,0.008859925,fresh,True,5.9204593,-1.4062619,37.586826,-49.37991
C:\Users\antoc\FreshOrRotten\data\raw\Bellpepper_Rotten\WhatsApp Image 2020-11-07 at 11.43.17 PM.jpg_0_7306.jpg,bellpepper,rotten,1,test,0.9684614,rotten,True,-4.426512,-0.31740785,-34.973637,-38.041096
C:\Users\antoc\FreshOrRotten\data\raw\Orange_Fresh\freshOrange (87)1.jpg,orange,fresh,0,test,0.09919128,fresh,True,2.4036832,-3.3326917,26.22885,-33.760963
C:\Users\antoc\FreshOrRotten\data\raw\Orange_Rotten\rottenOrange (289)1.jpg,orange,rotten,1,test,0.16051836,fresh,False,1.7483747,-2.76865,20.4428,-24.39432
C:\Users\antoc\FreshOrRotten\data\raw\Jujube_Fresh\FreshJujube (135).jpg,jujube,fresh,0,test,0.09903056,fresh,True,1.9712194,2.196083,-0.15634222,12.655281
C:\Users\antoc\FreshOrRotten\data\raw\Guava_Fresh\IMG_8402.JPG,guava,fresh,0,test,0.051431235,fresh,True,3.1652665,-1.660173,30.853006,-10.476638
C:\Users\antoc\FreshOrRotten\data\raw\Apple_Fresh\freshApple (60)1.jpg,apple,fresh,0,test,0.25631598,fresh,True,0.4046978,-4.2524724,4.178197,-38.404236
C:\Users\antoc\FreshOrRotten\data\raw\Orange_Fresh\IMG20200728130805.jpg,orange,fresh,0,test,0.14381586,fresh,True,4.3618193,-3.1027102,50.913433,-15.100328
C:\Users\antoc\FreshOrRotten\data\raw\Apple_Fresh\IMG20200728181107_01.jpg,apple,fresh,0,test,0.12712355,fresh,True,3.0684876,-1.1616483,18.953016,1.3781095
C:\Users\antoc\FreshOrRotten\data\raw\Guava_Rotten\IMG_20190829_072530_1.jpg,guava,rotten,1,test,0.99244624,rotten,True,-6.1084824,2.5666795,-32.43149,32.651047
C:\Users\antoc\FreshOrRotten\data\raw\Banana_Rotten\rottenBanana (31)1.jpg,banana,rotten,1,test,0.95133173,rotten,True,-4.3944097,5.7390203,-42.170525,15.527286
C:\Users\antoc\FreshOrRotten\data\raw\Orange_Rotten\rottenOrange (137)1.jpg,orange,rotten,1,test,0.33890668,fresh,False,-0.13782853,-3.5673974,-10.583654,-39.281483
C:\Users\antoc\FreshOrRotten\data\raw\Strawberry_Rotten\rottenStrawberry (122)1.jpg,strawberry,rotten,1,test,0.9334683,rotten,True,-3.700608,2.4617734,-18.277441,18.763414
C:\Users\antoc\FreshOrRotten\data\raw\Peach_Fresh\Image81.jpg,peach,fresh,0,test,0.048414312,fresh,True,3.6059797,-2.3775437,31.92213,-39.777355
C:\Users\antoc\FreshOrRotten\data\raw\Banana_Rotten\IMG_20190910_175427_1.jpg,banana,rotten,1,test,0.996798,rotten,True,-7.196559,2.4283686,-33.942627,31.775507
C:\Users\antoc\FreshOrRotten\data\raw\Strawberry_Fresh\FreshStrawberry (24)!.jpg,strawberry,fresh,0,test,0.7610395,rotten,False,-1.7622864,-1.6742048,-13.542698,34.541985
C:\Users\antoc\FreshOrRotten\data\raw\Orange_Rotten\translation_Screen Shot 2018-06-12 at 11.33.06 PM.jpg,orange,rotten,1,test,0.3973366,fresh,False,0.00090351875,5.357024,2.8065486,18.98408
C:\Users\antoc\FreshOrRotten\data\raw\Guava_Fresh\FreshGuava (31).jpg,guava,fresh,0,test,0.05636607,fresh,True,3.160849,-1.9704126,35.199993,-11.130387
C:\Users\antoc\FreshOrRotten\data\raw\Guava_Rotten\IMG_20190822_081534.jpg,guava,rotten,1,test,0.88153195,rotten,True,-2.9676743,-2.8244624,-22.032309,-13.116236
C:\Users\antoc\FreshOrRotten\data\raw\Banana_Fresh\translation_Screen Shot 2018-06-12 at 9.39.22 PM.jpg,banana,fresh,0,test,0.005107377,fresh,True,5.9888344,3.973984,8.106409,23.992178
C:\Users\antoc\FreshOrRotten\data\raw\Apple_Rotten\Screen Shot 2018-06-08 at 2.25.43 PM.jpg,apple,rotten,1,test,0.481756,fresh,False,-0.51958114,-3.6078672,-3.1500983,-27.665386
C:\Users\antoc\FreshOrRotten\data\raw\Mango_Rotten\rottenMango (268).jpg,mango,rotten,1,test,0.5243662,rotten,True,-0.37985602,-1.9542506,-9.50058,-5.2704563
C:\Users\antoc\FreshOrRotten\data\raw\Bellpepper_Fresh\freshPepper (23)1.jpg,bellpepper,fresh,0,test,0.012938535,fresh,True,5.1016417,7.988088,17.485792,55.40143
C:\Users\antoc\FreshOrRotten\data\raw\Pomegranate_Fresh\20190820_153656.jpg,pomegranate,fresh,0,test,0.001712264,fresh,True,7.31726,2.5843086,35.951748,27.799599
C:\Users\antoc\FreshOrRotten\data\raw\Banana_Rotten\rotated_by_15_Screen Shot 2018-06-12 at 9.17.33 PM.jpg,banana,rotten,1,test,0.9987656,rotten,True,-8.48884,3.8302083,-46.66629,23.654196
C:\Users\antoc\FreshOrRotten\data\raw\Apple_Fresh\vertical_flip_Screen Shot 2018-06-08 at 5.26.05 PM.jpg,apple,fresh,0,test,0.014279235,fresh,True,5.1530194,9.493961,17.378332,56.08655
C:\Users\antoc\FreshOrRotten\data\raw\Lime_Fresh\IMG_20190902_111355_1.jpg,lime,fresh,0,test,0.03203445,fresh,True,3.6617076,-1.2674892,33.573467,-4.9124284
C:\Users\antoc\FreshOrRotten\data\raw\Mango_Rotten\rottenMango (448).jpg,mango,rotten,1,test,0.76169896,rotten,True,-2.0108335,-3.127326,-10.899645,-17.340548
C:\Users\antoc\FreshOrRotten\data\raw\Pomegranate_Fresh\20190820_152921_25306.jpg,pomegranate,fresh,0,test,0.01312914,fresh,True,4.7791758,1.6659276,25.852276,30.668882
C:\Users\antoc\FreshOrRotten\data\raw\Apple_Fresh\rotated_by_30_Screen Shot 2018-06-08 at 5.28.38 PM.jpg,apple,fresh,0,test,0.07074462,fresh,True,3.1415398,4.8345594,11.201664,53.94323
C:\Users\antoc\FreshOrRotten\data\raw\Bellpepper_Fresh\capsicum3_6.jpg_0_4157.jpg,bellpepper,fresh,0,test,0.049709402,fresh,True,3.0920556,2.375229,8.9689455,15.3949375
C:\Users\antoc\FreshOrRotten\data\raw\Pear_Fresh\Image979.jpg,pear,fresh,0,test,0.15786093,fresh,True,1.3783761,0.26428366,3.3983562,10.207021
C:\Users\antoc\FreshOrRotten\data\raw\Tomato_Rotten\rottenTomato (151)1.jpg,tomato,rotten,1,test,0.9027228,rotten,True,-3.0365295,-1.3518065,-31.167517,-37.666557
C:\Users\antoc\FreshOrRotten\data\raw\Bitter_Gourd_Fresh\IMG_20200823_131901.jpg_0_6140.jpg,bitter_gourd,fresh,0,test,0.022866923,fresh,True,4.201373,-0.16892111,29.301764,6.066385
C:\Users\antoc\FreshOrRotten\data\raw\Pomegranate_Rotten\IMG_20190824_181356.jpg,pomegranate,rotten,1,test,0.81688374,rotten,True,-1.9779975,-1.259375,-14.48165,33.896957
C:\Users\antoc\FreshOrRotten\data\raw\Orange_Rotten\rottenOrange (479)1.jpg,orange,rotten,1,test,0.7142203,rotten,True,-1.6123183,-3.5143967,-9.80176,-18.912214
C:\Users\antoc\FreshOrRotten\data\raw\Mango_Fresh\freshMango (261).jpg,mango,fresh,0,test,0.11675861,fresh,True,2.0327573,-1.6479698,22.502598,-6.0648355
C:\Users\antoc\FreshOrRotten\data\raw\Bitter_Gourd_Rotten\IMG_20200824_182216.jpg_0_7644.jpg,bitter_gourd,rotten,1,test,0.9798815,rotten,True,-5.19913,-0.93327224,-37.616997,-1.3832608
C:\Users\antoc\FreshOrRotten\data\raw\Apple_Fresh\20190809_122135.jpg,apple,fresh,0,test,0.18517825,fresh,True,3.7346845,-3.1899168,50.027138,-11.901758
C:\Users\antoc\FreshOrRotten\data\raw\Apple_Rotten\RottenApple (148)!.jpg,apple,rotten,1,test,0.8556783,rotten,True,-2.7846637,-1.0796632,-13.515004,31.688812
C:\Users\antoc\FreshOrRotten\data\raw\Banana_Fresh\Screen Shot 2018-06-12 at 9.58.07 PM.jpg,banana,fresh,0,test,0.040989652,fresh,True,3.640904,-0.49344414,11.643801,1.2407849
C:\Users\antoc\FreshOrRotten\data\raw\Banana_Rotten\rotated_by_75_Screen Shot 2018-06-12 at 8.55.41 PM.jpg,banana,rotten,1,test,0.99535865,rotten,True,-6.6969995,6.037463,-50.354267,12.287838
C:\Users\antoc\FreshOrRotten\data\raw\Tomato_Fresh\IMG_20200725_095418.jpg_0_644.jpg,tomato,fresh,0,test,0.49469078,fresh,True,-0.47705945,-3.7413564,-2.3310282,-26.93
C:\Users\antoc\FreshOrRotten\data\raw\Papaya_Rotten\Image1875.jpg,papaya,rotten,1,test,0.99108374,rotten,True,-6.4209776,-0.46059078,-47.65954,-10.861976
C:\Users\antoc\FreshOrRotten\data\raw\Orange_Rotten\IMG_2370.JPG,orange,rotten,1,test,0.5178195,rotten,True,-0.49928766,-3.9033918,-0.97831494,-21.353456
C:\Users\antoc\FreshOrRotten\data\raw\Pomegranate_Fresh\IMG20200728181659_27228.jpg,pomegranate,fresh,0,test,0.13494751,fresh,True,1.7911893,0.24146849,18.592978,32.437572
C:\Users\antoc\FreshOrRotten\data\raw\Watermelon_Rotten\Image313.jpg,watermelon,rotten,1,test,0.5828757,rotten,True,-1.0331037,-3.7412682,-1.0267103,-25.038023
C:\Users\antoc\FreshOrRotten\data\raw\Pomegranate_Fresh\20190820_153924_26194.jpg,pomegranate,fresh,0,test,0.02072002,fresh,True,4.238946,-0.4836075,37.391376,0.8021697
C:\Users\antoc\FreshOrRotten\data\raw\Guava_Rotten\IMG_20190822_080328_1.jpg,guava,rotten,1,test,0.94102716,rotten,True,-4.0373077,-1.7340986,-30.22547,-1.6130223
C:\Users\antoc\FreshOrRotten\data\raw\Guava_Fresh\20190813_121732.jpg,guava,fresh,0,test,0.048840616,fresh,True,3.330348,-2.3070712,32.570244,-12.541411
C:\Users\antoc\FreshOrRotten\data\raw\Pomegranate_Fresh\20190820_151409_24627.jpg,pomegranate,fresh,0,test,0.014103128,fresh,True,4.761416,0.72165406,34.042652,19.002882
C:\Users\antoc\FreshOrRotten\data\raw\Orange_Fresh\freshOrange (157)1.jpg,orange,fresh,0,test,0.10844209,fresh,True,2.2840688,-3.189237,26.732853,-33.91391
C:\Users\antoc\FreshOrRotten\data\raw\Banana_Rotten\IMG_20190923_184126.jpg,banana,rotten,1,test,0.9868592,rotten,True,-5.880956,3.3243623,-40.8199,18.860174
C:\Users\antoc\FreshOrRotten\data\raw\Tomato_Fresh\tomato1_8.jpg_0_2964.jpg,tomato,fresh,0,test,0.1511612,fresh,True,1.8584274,5.357188,10.784934,52.51005
C:\Users\antoc\FreshOrRotten\data\raw\Orange_Rotten\IMG_20190923_182202.jpg,orange,rotten,1,test,0.7620818,rotten,True,-2.236742,0.9708997,-13.438596,13.814212
C:\Users\antoc\FreshOrRotten\data\raw\Strawberry_Fresh\freshStrawberry (113)1.jpg,strawberry,fresh,0,test,0.116501145,fresh,True,1.866881,-1.1534479,22.640135,-4.399117
C:\Users\antoc\FreshOrRotten\data\raw\Carrot_Fresh\freshCarrot (93).jpg,carrot,fresh,0,test,0.06670964,fresh,True,1.7636615,-4.503187,6.0656133,-45.848225
C:\Users\antoc\FreshOrRotten\data\raw\Orange_Fresh\IMG_20190924_153347.jpg,orange,fresh,0,test,0.08025609,fresh,True,2.7249455,-2.3384612,34.594982,-12.007365
C:\Users\antoc\FreshOrRotten\data\raw\Tomato_Fresh\freshTomato (180)1.jpg,tomato,fresh,0,test,0.44582143,fresh,True,-1.124937,-3.987394,-3.8064525,-40.663597
C:\Users\antoc\FreshOrRotten\data\raw\Guava_Fresh\IMG_8129.JPG,guava,fresh,0,test,0.12577944,fresh,True,4.9937,-2.2338119,56.36623,-10.198546
C:\Users\antoc\FreshOrRotten\data\raw\Pear_Fresh\Image29.jpg,pear,fresh,0,test,0.0058055534,fresh,True,5.5873375,1.2251794,31.938667,12.641563
C:\Users\antoc\FreshOrRotten\data\raw\Lime_Rotten\IMG_20190822_075948.jpg,lime,rotten,1,test,0.6705268,rotten,True,-1.6557693,0.39228588,-8.794582,10.120433
C:\Users\antoc\FreshOrRotten\data\raw\Orange_Fresh\Screen Shot 2018-06-13 at 12.04.51 AM.jpg,orange,fresh,0,test,0.10395947,fresh,True,1.599541,-4.2517734,18.07519,-45.104824
C:\Users\antoc\FreshOrRotten\data\raw\Strawberry_Rotten\rottenStrawberry (133)1.jpg,strawberry,rotten,1,test,0.953486,rotten,True,-4.2062545,1.5602837,-19.193329,18.517399
C:\Users\antoc\FreshOrRotten\data\raw\Strawberry_Rotten\rottenStrawberry (512)1.jpg,strawberry,rotten,1,test,0.8795465,rotten,True,-2.92702,-1.490752,-20.757978,23.84579
C:\Users\antoc\FreshOrRotten\data\raw\Pomegranate_Fresh\20190820_144620_23316.jpg,pomegranate,fresh,0,test,0.000605089,fresh,True,8.414683,6.758247,38.55102,39.222584
C:\Users\antoc\FreshOrRotten\data\raw\Papaya_Rotten\Image1681.jpg,papaya,rotten,1,test,0.9870723,rotten,True,-5.9189425,-0.69516695,-47.32824,-11.802465
C:\Users\antoc\FreshOrRotten\data\raw\Orange_Fresh\translation_Screen Shot 2018-06-13 at 12.07.05 AM.jpg,orange,fresh,0,test,0.3826315,fresh,True,0.6828572,-1.553199,19.33808,-31.160702
C:\Users\antoc\FreshOrRotten\data\raw\Cucumber_Fresh\Image1391.jpg,cucumber,fresh,0,test,0.0009665539,fresh,True,23.487514,4.47449,59.10019,-23.008976
C:\Users\antoc\FreshOrRotten\data\raw\Bellpepper_Rotten\Image515.jpg,bellpepper,rotten,1,test,0.9231863,rotten,True,-3.230092,-0.9803537,-32.78374,-37.74435
C:\Users\antoc\FreshOrRotten\data\raw\Tomato_Rotten\Image283.jpg,tomato,rotten,1,test,0.91932297,rotten,True,-2.9696078,-0.94640434,-33.029877,-41.80518
C:\Users\antoc\FreshOrRotten\data\raw\Tomato_Rotten\Image37.jpg,tomato,rotten,1,test,0.9864107,rotten,True,-5.3722115,1.2420015,-30.186665,23.06897
C:\Users\antoc\FreshOrRotten\data\raw\Apple_Rotten\rotated_by_60_Screen Shot 2018-06-08 at 2.38.33 PM.jpg,apple,rotten,1,test,0.9924517,rotten,True,-6.2444906,0.7642439,-51.189793,2.6294165
C:\Users\antoc\FreshOrRotten\data\raw\Banana_Fresh\rotated_by_15_Screen Shot 2018-06-12 at 9.41.26 PM.jpg,banana,fresh,0,test,0.031325698,fresh,True,3.777196,2.3074124,8.420316,21.169474
C:\Users\antoc\FreshOrRotten\data\raw\Bellpepper_Rotten\WhatsApp Image 2020-11-07 at 11.30.47 PM (1).jpg_0_499.jpg,bellpepper,rotten,1,test,0.12892142,fresh,False,1.8941234,-2.2980943,21.274029,-14.455962
C:\Users\antoc\FreshOrRotten\data\raw\Banana_Rotten\rottenBanana (291)1.jpg,banana,rotten,1,test,0.9548716,rotten,True,-4.403697,-1.2933283,-30.887672,-0.493944
C:\Users\antoc\FreshOrRotten\data\raw\Apple_Rotten\rotated_by_75_Screen Shot 2018-06-07 at 2.24.47 PM.jpg,apple,rotten,1,test,0.8605776,rotten,True,-2.3791103,-0.94047344,-28.29959,-40.953724
C:\Users\antoc\FreshOrRotten\data\raw\Apple_Rotten\IMG_20190910_172330.jpg,apple,rotten,1,test,0.9177571,rotten,True,-2.9784875,0.6440365,-19.455338,32.77269
C:\Users\antoc\FreshOrRotten\data\raw\Apple_Fresh\20190812_184759.jpg,apple,fresh,0,test,0.1024446,fresh,True,2.2931552,-1.9397106,22.439568,-10.410214
C:\Users\antoc\FreshOrRotten\data\raw\Apple_Rotten\IMG_8159.JPG,apple,rotten,1,test,0.83035827,rotten,True,-2.6117249,-2.761013,-20.27412,-16.615082
C:\Users\antoc\FreshOrRotten\data\raw\Peach_Rotten\Image4237.jpg,peach,rotten,1,test,0.6096645,rotten,True,-0.93968743,-2.091978,-10.320147,-5.9787197
C:\Users\antoc\FreshOrRotten\data\raw\Cucumber_Fresh\freshCucumber (559)1.jpg,cucumber,fresh,0,test,0.010403635,fresh,True,4.8509483,0.049204048,31.577139,7.069158
C:\Users\antoc\FreshOrRotten\data\raw\Kaki_Fresh\Image59.jpg,kaki,fresh,0,test,0.06020302,fresh,True,3.0565343,3.977403,7.3338833,38.489094
C:\Users\antoc\FreshOrRotten\data\raw\Apple_Fresh\IMG_9492.JPG,apple,fresh,0,test,0.22053525,fresh,True,0.85304195,-4.2133136,7.4384503,-36.229416
C:\Users\antoc\FreshOrRotten\data\raw\Banana_Fresh\rotated_by_60_Screen Shot 2018-06-12 at 9.45.34 PM.jpg,banana,fresh,0,test,0.03373862,fresh,True,3.8028111,2.6420326,7.5071387,21.795671
C:\Users\antoc\FreshOrRotten\data\raw\Pomegranate_Fresh\20190820_143540_22915.jpg,pomegranate,fresh,0,test,0.009684383,fresh,True,5.133983,1.4214325,32.12715,20.319965
C:\Users\antoc\FreshOrRotten\data\raw\Apple_Rotten\vertical_flip_Screen Shot 2018-06-07 at 2.19.15 PM.jpg,apple,rotten,1,test,0.54713875,rotten,True,-0.45577234,-2.4442396,-19.234951,-40.747383
C:\Users\antoc\FreshOrRotten\data\raw\Orange_Fresh\translation_Screen Shot 2018-06-13 at 12.00.54 AM.jpg,orange,fresh,0,test,0.4641273,fresh,True,-0.12668452,-3.6281857,-0.061301697,-15.746543
C:\Users\antoc\FreshOrRotten\data\raw\Lime_Rotten\IMG_20190923_183611_1.jpg,lime,rotten,1,test,0.76908934,rotten,True,-1.9842216,3.3661509,-15.38164,18.823103
C:\Users\antoc\FreshOrRotten\data\raw\Bellpepper_Rotten\WhatsApp Image 2020-11-07 at 11.30.47 PM (1).jpg_0_668.jpg,bellpepper,rotten,1,test,0.12930468,fresh,False,1.9662161,-2.20746,21.129238,-13.980117
C:\Users\antoc\FreshOrRotten\data\raw\Apple_Rotten\rotated_by_15_Screen Shot 2018-06-07 at 2.56.16 PM.jpg,apple,rotten,1,test,0.908623,rotten,True,-3.05988,-2.9942708,-23.794601,-22.908295
C:\Users\antoc\FreshOrRotten\data\raw\Apple_Rotten\RottenApple (50)!.jpg,apple,rotten,1,test,0.69680333,rotten,True,-1.4515424,-1.7425146,-21.212385,-44.962814
C:\Users\antoc\FreshOrRotten\data\raw\Orange_Rotten\vertical_flip_Screen Shot 2018-06-12 at 11.30.41 PM.jpg,orange,rotten,1,test,0.9902811,rotten,True,-5.942062,1.3299236,-31.27576,27.567253
C:\Users\antoc\FreshOrRotten\data\raw\Kaki_Fresh\Image959.jpg,kaki,fresh,0,test,0.069096565,fresh,True,2.735371,5.353461,11.702765,47.823315
C:\Users\antoc\FreshOrRotten\data\raw\Apple_Rotten\IMG20200728181314_01.jpg,apple,rotten,1,test,0.62024915,rotten,True,0.7023264,-3.2843068,17.444973,0.7031476
C:\Users\antoc\FreshOrRotten\data\raw\Banana_Rotten\rottenBanana (548)1.jpg,banana,rotten,1,test,0.9646855,rotten,True,-4.7999263,-0.87000537,-28.809313,4.5706444
C:\Users\antoc\FreshOrRotten\data\raw\Tomato_Rotten\Image2989.jpg,tomato,rotten,1,test,0.9964373,rotten,True,-7.673843,0.3239407,-44.627182,-9.253539
C:\Users\antoc\FreshOrRotten\data\raw\Apple_Rotten\translation_Screen Shot 2018-06-08 at 2.45.58 PM.jpg,apple,rotten,1,test,0.004421133,fresh,False,6.3442125,1.1486123,39.152363,10.879664
C:\Users\antoc\FreshOrRotten\data\raw\Tomato_Fresh\DSCN4113.jpg_0_8072.jpg,tomato,fresh,0,test,0.14630695,fresh,True,1.9882319,8.242056,2.4752176,63.26355
C:\Users\antoc\FreshOrRotten\data\raw\Banana_Fresh\FreshBanana (206)_1.jpg,banana,fresh,0,test,0.07043513,fresh,True,3.0622268,-2.3353715,30.407946,-37.350636
C:\Users\antoc\FreshOrRotten\data\raw\Orange_Fresh\rotated_by_75_Screen Shot 2018-06-12 at 11.58.56 PM.jpg,orange,fresh,0,test,0.13499883,fresh,True,1.848039,-3.8740983,20.563286,-42.522648
C:\Users\antoc\FreshOrRotten\data\raw\Tomato_Rotten\Copy of IMG_20200727_223202.jpg_0_892.jpg,tomato,rotten,1,test,0.9379248,rotten,True,-3.2937555,-0.6584335,-31.79822,-44.809624
C:\Users\antoc\FreshOrRotten\data\raw\Peach_Rotten\Image4111.jpg,peach,rotten,1,test,0.5454877,rotten,True,-0.62976736,-2.262833,-9.972253,-6.848716
C:\Users\antoc\FreshOrRotten\data\raw\Tomato_Fresh\DSCN4070.jpg_0_6179.jpg,tomato,fresh,0,test,0.31655756,fresh,True,0.7147552,6.0412784,3.2239792,62.752037
C:\Users\antoc\FreshOrRotten\data\raw\Tomato_Fresh\IMG_20200725_095424.jpg_0_6521.jpg,tomato,fresh,0,test,0.39560515,fresh,True,0.101376265,-4.0960865,4.281284,-33.752995
C:\Users\antoc\FreshOrRotten\data\raw\Tomato_Rotten\Copy of IMG_20200729_164219.jpg_0_8591.jpg,tomato,rotten,1,test,0.91338456,rotten,True,-2.8087656,-0.80875933,-30.007406,-45.671116
C:\Users\antoc\FreshOrRotten\data\raw\Orange_Rotten\rotated_by_60_Screen Shot 2018-06-12 at 11.35.55 PM.jpg,orange,rotten,1,test,0.95083517,rotten,True,-4.025033,-1.9376974,-29.87303,-9.053418
C:\Users\antoc\FreshOrRotten\data\raw\Orange_Rotten\rottenOrange (499)1.jpg,orange,rotten,1,test,0.74555933,rotten,True,-1.8328531,-3.341274,-11.277352,-19.121384
C:\Users\antoc\FreshOrRotten\data\raw\Apple_Rotten\translation_Screen Shot 2018-06-08 at 2.48.15 PM.jpg,apple,rotten,1,test,0.99554825,rotten,True,-7.268896,0.6962484,-43.899555,-0.13499574
C:\Users\antoc\FreshOrRotten\data\raw\Apple_Rotten\rotated_by_75_Screen Shot 2018-06-07 at 3.03.31 PM.jpg,apple,rotten,1,test,0.80241114,rotten,True,-2.2194672,-2.979806,-19.440851,-17.612446
C:\Users\antoc\FreshOrRotten\data\raw\Banana_Fresh\freshBanana (197)1.jpg,banana,fresh,0,test,0.3862874,fresh,True,-0.10471868,-0.5936493,-2.822793,6.187414
C:\Users\antoc\FreshOrRotten\data\raw\Cucumber_Rotten\rottenCucumber (570)1.jpg,cucumber,rotten,1,test,0.9995746,rotten,True,-9.54511,4.707753,-39.65231,33.65875
C:\Users\antoc\FreshOrRotten\data\raw\Banana_Rotten\rotated_by_45_Screen Shot 2018-06-12 at 9.21.05 PM.jpg,banana,rotten,1,test,0.96063215,rotten,True,-4.1565104,-2.3454576,-24.959013,-22.552444
C:\Users\antoc\FreshOrRotten\data\raw\Apple_Rotten\rotated_by_45_Screen Shot 2018-06-07 at 2.16.54 PM.jpg,apple,rotten,1,test,0.8871858,rotten,True,-2.6282563,-1.2584193,-29.831898,-41.53261
C:\Users\antoc\FreshOrRotten\data\raw\Orange_Fresh\freshOrange (153)1.jpg,orange,fresh,0,test,0.09992961,fresh,True,2.3120987,-3.1968856,26.708557,-33.87291
C:\Users\antoc\FreshOrRotten\data\raw\Bellpepper_Fresh\freshPepper (6)1.jpg,bellpepper,fresh,0,test,0.13950466,fresh,True,1.6002514,-4.2608004,6.1086645,-42.75608
C:\Users\antoc\FreshOrRotten\data\raw\Carrot_Rotten\rottenCarrot (445).jpg,carrot,rotten,1,test,0.9385793,rotten,True,-5.465591,-1.0680425,-41.82577,-33.820362
C:\Users\antoc\FreshOrRotten\data\raw\Kaki_Fresh\Image965.jpg,kaki,fresh,0,test,0.067303255,fresh,True,2.770204,5.3806067,11.810827,47.763668
C:\Users\antoc\FreshOrRotten\data\raw\Tomato_Rotten\Image2605.jpg,tomato,rotten,1,test,0.9366986,rotten,True,-3.912159,-1.6783601,-35.478924,-23.89486
C:\Users\antoc\FreshOrRotten\data\raw\Apple_Fresh\rotated_by_45_Screen Shot 2018-06-08 at 5.16.33 PM.jpg,apple,fresh,0,test,0.05062633,fresh,True,4.620212,-0.42985755,42.481026,-7.7598133
C:\Users\antoc\FreshOrRotten\data\raw\Orange_Rotten\rotated_by_45_Screen Shot 2018-06-12 at 11.29.03 PM.jpg,orange,rotten,1,test,0.21363012,fresh,False,1.697246,-1.7778459,17.872694,-32.951836
C:\Users\antoc\FreshOrRotten\data\raw\Banana_Rotten\rotated_by_30_Screen Shot 2018-06-12 at 8.51.21 PM.jpg,banana,rotten,1,test,0.9987991,rotten,True,-8.664694,1.7792946,-44.337902,1.0816036
C:\Users\antoc\FreshOrRotten\data\raw\Jujube_Fresh\FreshJujube (8).jpg,jujube,fresh,0,test,0.27572417,fresh,True,0.62287587,-1.7040821,12.75909,-11.88845
C:\Users\antoc\FreshOrRotten\data\raw\Potato_Rotten\rottenPotato (127).jpg,potato,rotten,1,test,0.9984524,rotten,True,-8.403021,2.1991136,-44.835903,22.42861
C:\Users\antoc\FreshOrRotten\data\raw\Bellpepper_Rotten\WhatsApp Image 2020-11-07 at 11.35.37 PM.jpg_0_5545.jpg,bellpepper,rotten,1,test,0.96031547,rotten,True,-4.301424,-1.930977,-28.311174,-9.633745
C:\Users\antoc\FreshOrRotten\data\raw\Orange_Rotten\IMG_20190824_175104.jpg,orange,rotten,1,test,0.9393603,rotten,True,-3.9655259,-0.9489554,-25.288927,6.361748
C:\Users\antoc\FreshOrRotten\data\raw\Lime_Fresh\IMG_20190902_102426.jpg,lime,fresh,0,test,0.0053071054,fresh,True,5.808277,1.925805,31.117386,16.634563
C:\Users\antoc\FreshOrRotten\data\raw\Tomato_Rotten\Copy of IMG_20200727_223205.jpg_0_1151.jpg,tomato,rotten,1,test,0.84443456,rotten,True,-2.0813673,-1.2773395,-26.501247,-44.88493
C:\Users\antoc\FreshOrRotten\data\raw\Lime_Rotten\IMG_20190820_085544_1.jpg,lime,rotten,1,test,0.9885971,rotten,True,-5.8575935,0.64973044,-22.904041,19.693363
C:\Users\antoc\FreshOrRotten\data\raw\Pomegranate_Fresh\20190820_153743_26029.jpg,pomegranate,fresh,0,test,0.0017246191,fresh,True,7.1824756,3.8891466,34.99124,32.32883
C:\Users\antoc\FreshOrRotten\data\raw\Apple_Rotten\rottenApple (97)1.jpg,apple,rotten,1,test,0.85781527,rotten,True,-2.5009844,-3.1012712,-22.2553,-21.644663
C:\Users\antoc\FreshOrRotten\data\raw\Pomegranate_Fresh\20190820_151705.jpg,pomegranate,fresh,0,test,0.0170547,fresh,True,4.6150675,-0.7540635,39.86774,0.531059
C:\Users\antoc\FreshOrRotten\data\raw\Apple_Fresh\freshApple (184)1.jpg,apple,fresh,0,test,0.021608492,fresh,True,4.876216,-0.093026966,36.284264,4.161934
C:\Users\antoc\FreshOrRotten\data\raw\Bellpepper_Rotten\Image411.jpg,bellpepper,rotten,1,test,0.93356043,rotten,True,-3.4707227,-0.9945967,-33.44204,-36.980274
C:\Users\antoc\FreshOrRotten\data\raw\Orange_Rotten\IMG_20190923_182129.jpg,orange,rotten,1,test,0.8778947,rotten,True,-3.1126652,-1.9967322,-23.082607,2.9397287
C:\Users\antoc\FreshOrRotten\data\raw\Cucumber_Rotten\rottenCucumber (124)1.jpg,cucumber,rotten,1,test,0.997247,rotten,True,-7.444364,2.9920065,-29.572708,36.027935
C:\Users\antoc\FreshOrRotten\data\raw\Orange_Fresh\vertical_flip_Screen Shot 2018-06-12 at 11.58.50 PM.jpg,orange,fresh,0,test,0.24237017,fresh,True,1.2631248,-3.1403565,30.946997,-34.229958
C:\Users\antoc\FreshOrRotten\data\raw\Orange_Fresh\saltandpepper_Screen Shot 2018-06-13 at 12.02.53 AM.jpg,orange,fresh,0,test,0.19423813,fresh,True,-0.034778565,-4.2969055,0.8370144,-44.956543
C:\Users\antoc\FreshOrRotten\data\raw\Carrot_Rotten\rottenCarrot (556).jpg,carrot,rotten,1,test,0.73396975,rotten,True,-2.372598,-2.443869,-23.411936,-39.682064
C:\Users\antoc\FreshOrRotten\data\raw\Apple_Fresh\rotated_by_15_Screen Shot 2018-06-08 at 5.11.16 PM.jpg,apple,fresh,0,test,0.025501734,fresh,True,4.621957,11.102156,16.830444,57.460346
C:\Users\antoc\FreshOrRotten\data\raw\Banana_Fresh\Screen Shot 2018-06-12 at 9.55.42 PM.jpg,banana,fresh,0,test,0.057971798,fresh,True,3.0842996,-0.045276936,9.907296,1.6308519
C:\Users\antoc\FreshOrRotten\data\raw\Mango_Fresh\freshMango (270).jpg,mango,fresh,0,test,0.52180815,rotten,False,-0.694731,-1.9692622,-7.732994,-15.6568775
C:\Users\antoc\FreshOrRotten\data\raw\Cucumber_Rotten\rottenCucumber (83)1.jpg,cucumber,rotten,1,test,0.9992829,rotten,True,-9.045073,4.0833993,-39.609344,33.511738
C:\Users\antoc\FreshOrRotten\data\raw\Cucumber_Rotten\rottenCucumber (428)1.jpg,cucumber,rotten,1,test,0.026663067,fresh,False,5.749963,-1.107088,47.669464,-13.720865
C:\Users\antoc\FreshOrRotten\data\raw\Pomegranate_Fresh\20190820_150150_24037.jpg,pomegranate,fresh,0,test,0.005139282,fresh,True,5.820668,4.458301,31.643818,36.261154
C:\Users\antoc\FreshOrRotten\data\raw\Pomegranate_Fresh\20190820_151702.jpg,pomegranate,fresh,0,test,0.03622157,fresh,True,3.6562662,-1.8212095,40.39383,-0.6791404
C:\Users\antoc\FreshOrRotten\data\raw\Banana_Fresh\vertical_flip_Screen Shot 2018-06-12 at 9.39.00 PM.jpg,banana,fresh,0,test,0.28885263,fresh,True,4.746026,-2.827147,49.463036,-19.915516
C:\Users\antoc\FreshOrRotten\data\raw\Lime_Fresh\IMG_20190902_111028.jpg,lime,fresh,0,test,0.03699628,fresh,True,3.5830214,-1.1661947,33.237583,-4.7870007
C:\Users\antoc\FreshOrRotten\data\raw\Kaki_Rotten\Image3541.jpg,kaki,rotten,1,test,0.8975195,rotten,True,-3.0402806,-0.6161176,-36.591003,-29.327509
C:\Users\antoc\FreshOrRotten\data\raw\Apple_Rotten\rottenApple (280)1.jpg,apple,rotten,1,test,0.54957104,rotten,True,-0.36405304,-2.8977852,1.0520089,-11.963192
C:\Users\antoc\FreshOrRotten\data\raw\Bellpepper_Rotten\WhatsApp Image 2020-11-07 at 11.43.16 PM.jpeg_0_90.jpg,bellpepper,rotten,1,test,0.89678216,rotten,True,-2.7438426,-1.1922414,-30.338005,-42.194004
C:\Users\antoc\FreshOrRotten\data\raw\Bellpepper_Rotten\WhatsApp Image 2020-11-07 at 11.35.36 PM.jpg_0_577.jpg,bellpepper,rotten,1,test,0.95962644,rotten,True,-4.2882366,-1.2135627,-35.29397,-12.423929
C:\Users\antoc\FreshOrRotten\data\raw\Apple_Rotten\IMG_8165.JPG,apple,rotten,1,test,0.3964421,fresh,False,0.1043973,-3.0348334,3.8782175,-18.234411
C:\Users\antoc\FreshOrRotten\data\raw\Orange_Rotten\IMG_20190923_181558_1.jpg,orange,rotten,1,test,0.102706626,fresh,False,2.3169522,-0.7762481,-0.016561603,-8.342532
C:\Users\antoc\FreshOrRotten\data\raw\Pomegranate_Fresh\20190820_153015_25359.jpg,pomegranate,fresh,0,test,0.016577406,fresh,True,4.3344173,1.7065655,23.870495,17.221672
C:\Users\antoc\FreshOrRotten\data\raw\Banana_Fresh\freshBanana (277)1.jpg,banana,fresh,0,test,0.67913127,rotten,False,-1.3796308,-3.622834,-3.8326342,-21.751204
C:\Users\antoc\FreshOrRotten\data\raw\Orange_Rotten\rottenOrange (212)1.jpg,orange,rotten,1,test,0.9975889,rotten,True,-7.5824623,2.6146014,-30.216051,35.511864
C:\Users\antoc\FreshOrRotten\data\raw\Banana_Rotten\IMG_20190910_175512.jpg,banana,rotten,1,test,0.9982212,rotten,True,-8.535795,1.815125,-42.074196,5.5918117
C:\Users\antoc\FreshOrRotten\data\raw\Bellpepper_Fresh\freshPepper (224)1.jpg,bellpepper,fresh,0,test,0.07045992,fresh,True,2.1547542,-4.211744,18.764359,-46.059475
C:\Users\antoc\FreshOrRotten\data\raw\Tomato_Fresh\DSCN4172.jpg_0_8835.jpg,tomato,fresh,0,test,0.33699957,fresh,True,0.53188014,8.315014,-0.5507602,60.65533
C:\Users\antoc\FreshOrRotten\data\raw\Banana_Rotten\rotated_by_75_Screen Shot 2018-06-12 at 9.03.21 PM.jpg,banana,rotten,1,test,0.97734356,rotten,True,-5.072053,0.726272,-36.424385,1.2114483
C:\Users\antoc\FreshOrRotten\data\raw\Pomegranate_Fresh\IMG20200728125057.jpg,pomegranate,fresh,0,test,0.09887565,fresh,True,10.730102,-1.6924297,56.117058,-21.425014
C:\Users\antoc\FreshOrRotten\data\raw\Apple_Fresh\freshApple (241)1.jpg,apple,fresh,0,test,0.030962244,fresh,True,3.7252698,-0.8917309,35.45394,0.65498126
C:\Users\antoc\FreshOrRotten\data\raw\Pomegranate_Fresh\20190820_154257_26454.jpg,pomegranate,fresh,0,test,0.090254545,fresh,True,2.5119286,1.1221756,20.133585,32.844486
C:\Users\antoc\FreshOrRotten\data\raw\Banana_Fresh\translation_Screen Shot 2018-06-12 at 9.51.00 PM.jpg,banana,fresh,0,test,0.04580361,fresh,True,3.7476006,1.0909421,11.752213,20.455675
C:\Users\antoc\FreshOrRotten\data\raw\Apple_Rotten\RottenApple (37)!.jpg,apple,rotten,1,test,0.77168727,rotten,True,-1.639473,-1.3499126,-12.485756,30.67424
C:\Users\antoc\FreshOrRotten\data\raw\Apple_Rotten\vertical_flip_Screen Shot 2018-06-07 at 2.52.00 PM.jpg,apple,rotten,1,test,0.65456516,rotten,True,-1.2367295,-2.807982,-19.837454,-38.296173
C:\Users\antoc\FreshOrRotten\data\raw\Potato_Fresh\freshPotato (423).jpg,potato,fresh,0,test,0.7416426,rotten,False,-1.8641405,-3.3813972,-9.888545,-18.238928
C:\Users\antoc\FreshOrRotten\data\raw\Carrot_Rotten\rottenCarrot (59).jpg,carrot,rotten,1,test,0.99944466,rotten,True,-9.238222,4.217103,-40.326214,30.840277
C:\Users\antoc\FreshOrRotten\data\raw\Orange_Fresh\IMG_20190924_153551_1.jpg,orange,fresh,0,test,0.07437819,fresh,True,2.7118225,-1.9602976,32.708916,-8.343635
C:\Users\antoc\FreshOrRotten\data\raw\Strawberry_Rotten\rottenStrawberry (18)1.jpeg,strawberry,rotten,1,test,0.9832025,rotten,True,-5.108307,5.183452,-26.014994,44.4591
C:\Users\antoc\FreshOrRotten\data\raw\Banana_Rotten\rottenBanana (273)1.jpg,banana,rotten,1,test,0.9946844,rotten,True,-7.09326,0.8797079,-39.99831,5.1466975
C:\Users\antoc\FreshOrRotten\data\raw\Bellpepper_Rotten\WhatsApp Image 2020-11-07 at 11.35.37 PM(1).jpg_0_3563.jpg,bellpepper,rotten,1,test,0.931885,rotten,True,-3.6839168,-1.0587502,-27.929409,-9.178368
C:\Users\antoc\FreshOrRotten\data\raw\Pomegranate_Fresh\20190820_153031_25385.jpg,pomegranate,fresh,0,test,0.00803833,fresh,True,5.3614683,2.380962,27.450188,31.59273
C:\Users\antoc\FreshOrRotten\data\raw\Potato_Fresh\freshPotato (545).jpg,potato,fresh,0,test,0.22691485,fresh,True,1.0634068,-3.2564797,14.561025,-22.295046
C:\Users\antoc\FreshOrRotten\data\raw\Potato_Fresh\freshPotato (33).jpg,potato,fresh,0,test,0.98507756,rotten,False,-5.8613415,-0.4804002,-34.014694,-1.2285314
C:\Users\antoc\FreshOrRotten\data\raw\Lime_Rotten\IMG_7187.JPG,lime,rotten,1,test,0.7461026,rotten,True,-1.7896523,-2.8205671,-17.420479,-13.868376
C:\Users\antoc\FreshOrRotten\data\raw\Tomato_Fresh\freshTomato (295)1.jpg,tomato,fresh,0,test,0.0942731,fresh,True,2.2889874,-2.2927434,24.512642,-17.720848
C:\Users\antoc\FreshOrRotten\data\raw\Lime_Rotten\IMG_7395.JPG,lime,rotten,1,test,0.8414649,rotten,True,-2.6345644,-2.547003,-19.740292,-9.970458
C:\Users\antoc\FreshOrRotten\data\raw\Pomegranate_Rotten\RottenPomegranate (37)!.jpg,pomegranate,rotten,1,test,0.995034,rotten,True,-6.4364147,2.2356062,-30.007116,31.377253
C:\Users\antoc\FreshOrRotten\data\raw\Carrot_Rotten\rottenCarrot (145).jpg,carrot,rotten,1,test,0.94790184,rotten,True,-3.7335029,5.2632236,-25.447462,44.357586
C:\Users\antoc\FreshOrRotten\data\raw\Banana_Fresh\rotated_by_45_Screen Shot 2018-06-12 at 9.52.58 PM.jpg,banana,fresh,0,test,0.07391089,fresh,True,3.0194929,0.8375017,11.075822,19.364897
C:\Users\antoc\FreshOrRotten\data\raw\Lime_Rotten\IMG20200729172341.jpg,lime,rotten,1,test,0.78047377,rotten,True,-2.1516318,1.1062162,-15.134582,16.477486
C:\Users\antoc\FreshOrRotten\data\raw\Grape_Rotten\Image1731.jpg,grape,rotten,1,test,0.99790466,rotten,True,-9.21571,1.7546593,-65.48022,5.979053
C:\Users\antoc\FreshOrRotten\data\raw\Orange_Rotten\IMG_20190923_182241_1.jpg,orange,rotten,1,test,0.82840204,rotten,True,-2.6949947,0.12469707,-13.970254,13.104556
C:\Users\antoc\FreshOrRotten\data\raw\Tomato_Rotten\Copy of IMG_20200729_164219.jpg_0_2024.jpg,tomato,rotten,1,test,0.91911566,rotten,True,-2.9188743,-0.734382,-30.206436,-45.621723
C:\Users\antoc\FreshOrRotten\data\raw\Pomegranate_Fresh\20190820_153443_25794.jpg,pomegranate,fresh,0,test,0.0029520586,fresh,True,6.575353,4.9636517,32.974052,37.50483
C:\Users\antoc\FreshOrRotten\data\raw\Lime_Fresh\IMG_20190902_102935.jpg,lime,fresh,0,test,0.0134080555,fresh,True,4.627132,1.1349461,28.587605,14.726982
C:\Users\antoc\FreshOrRotten\data\raw\Carrot_Fresh\freshCarrot (598).jpg,carrot,fresh,0,test,0.2007611,fresh,True,0.5365872,-4.2254863,3.9369442,-41.2883
C:\Users\antoc\FreshOrRotten\data\raw\Orange_Rotten\Screen Shot 2018-06-12 at 11.46.17 PM.jpg,orange,rotten,1,test,0.58996564,rotten,True,-0.9689266,-2.8310046,-9.901257,-27.659721
C:\Users\antoc\FreshOrRotten\data\raw\Apple_Rotten\rotated_by_15_Screen Shot 2018-06-07 at 3.05.05 PM.jpg,apple,rotten,1,test,0.75563675,rotten,True,-1.8808048,-2.6823103,-24.134462,-35.885162
C:\Users\antoc\FreshOrRotten\data\raw\Apple_Rotten\IMG_20190824_175243.jpg,apple,rotten,1,test,0.9272843,rotten,True,-3.2248986,-0.4533457,-17.813232,33.219254
C:\Users\antoc\FreshOrRotten\data\raw\Mango_Fresh\freshMango (267).jpg,mango,fresh,0,test,0.1694994,fresh,True,1.4789594,-1.6291728,14.458109,-9.583423
C:\Users\antoc\FreshOrRotten\data\raw\Strawberry_Rotten\rottenStrawberry (377)1.jpg,strawberry,rotten,1,test,0.9709943,rotten,True,-4.9221926,-1.3315103,-31.695103,-2.6888049
C:\Users\antoc\FreshOrRotten\data\raw\Pomegranate_Rotten\IMG_20190822_085451.jpg,pomegranate,rotten,1,test,0.87071013,rotten,True,-2.5432758,-0.9707608,-14.141025,34.38116
C:\Users\antoc\FreshOrRotten\data\raw\Tomato_Fresh\IMG_20200725_095414.jpg_0_8411.jpg,tomato,fresh,0,test,0.41651773,fresh,True,0.08228204,-3.297986,4.204218,-19.089626
C:\Users\antoc\FreshOrRotten\data\raw\Lime_Rotten\IMG_20190923_183950.jpg,lime,rotten,1,test,0.2907088,fresh,False,0.38994136,0.9598409,-3.513757,9.990977
C:\Users\antoc\FreshOrRotten\data\raw\Orange_Rotten\rottenOrange (210)1.jpg,orange,rotten,1,test,0.9932828,rotten,True,-6.7674427,0.61190134,-38.40919,6.7674003
C:\Users\antoc\FreshOrRotten\data\raw\Strawberry_Fresh\FreshStrawberry (63)!.jpg,strawberry,fresh,0,test,0.22714356,fresh,True,1.064835,-2.2085104,14.882828,-29.949892
C:\Users\antoc\FreshOrRotten\data\raw\Strawberry_Fresh\freshStrawberry (484)1.jpg,strawberry,fresh,0,test,0.65480995,rotten,False,-1.3301313,-2.9529486,-10.910425,-26.16447
C:\Users\antoc\FreshOrRotten\data\raw\Banana_Rotten\IMG_7690.JPG,banana,rotten,1,test,0.99677676,rotten,True,-7.493078,1.5622625,-39.13801,8.049035
C:\Users\antoc\FreshOrRotten\data\raw\Bitter_Gourd_Rotten\IMG_20200824_182230.jpg_0_5596.jpg,bitter_gourd,rotten,1,test,0.9927699,rotten,True,-6.52871,0.22009218,-39.818596,1.6453369
C:\Users\antoc\FreshOrRotten\data\raw\Strawberry_Fresh\FreshStrawberry (121)!.jpg,strawberry,fresh,0,test,0.6147461,rotten,False,-1.7374703,-3.61975,-5.154269,-40.098267
C:\Users\antoc\FreshOrRotten\data\raw\Apple_Rotten\IMG_20190910_172415_1.jpg,apple,rotten,1,test,0.9526754,rotten,True,-3.3764565,2.3622346,-21.934942,39.065586
C:\Users\antoc\FreshOrRotten\data\raw\Pomegranate_Fresh\20190820_144324.jpg,pomegranate,fresh,0,test,0.014759578,fresh,True,4.8598347,-1.0183815,41.813595,0.71513224
C:\Users\antoc\FreshOrRotten\data\raw\Bellpepper_Fresh\capsicum3_2.jpg_0_1276.jpg,bellpepper,fresh,0,test,0.08788025,fresh,True,2.34413,1.9257395,8.325117,15.282631
C:\Users\antoc\FreshOrRotten\data\raw\Apple_Fresh\vertical_flip_Screen Shot 2018-06-08 at 5.25.54 PM.jpg,apple,fresh,0,test,0.028004887,fresh,True,4.5242505,-0.5961506,42.571426,-10.266713
C:\Users\antoc\FreshOrRotten\data\raw\Lime_Fresh\IMG_20190902_111124.jpg,lime,fresh,0,test,0.01636788,fresh,True,4.46301,-0.22701083,33.626305,-0.97424495
C:\Users\antoc\FreshOrRotten\data\raw\Pear_Rotten\Image41.jpg,pear,rotten,1,test,0.9783136,rotten,True,-5.458151,3.903191,-42.708282,13.255444
C:\Users\antoc\FreshOrRotten\data\raw\Apple_Fresh\20190809_164646.jpg,apple,fresh,0,test,0.48793903,fresh,True,-0.16677548,-2.0720756,-16.393353,-40.713097
C:\Users\antoc\FreshOrRotten\data\raw\Apple_Fresh\translation_Screen Shot 2018-06-08 at 5.32.43 PM.jpg,apple,fresh,0,test,0.070819825,fresh,True,3.275725,0.38794765,12.417122,19.730371
C:\Users\antoc\FreshOrRotten\data\raw\Papaya_Rotten\Image1425.jpg,papaya,rotten,1,test,0.97908807,rotten,True,-5.262618,-0.827057,-47.40124,-12.682708
C:\Users\antoc\FreshOrRotten\data\raw\Lime_Fresh\IMG_20190902_102620_1.jpg,lime,fresh,0,test,0.067137994,fresh,True,2.5852225,-1.427737,26.174112,-3.6841998
C:\Users\antoc\FreshOrRotten\data\raw\Watermelon_Fresh\Image79.jpg,watermelon,fresh,0,test,0.3280034,fresh,True,0.24624208,-4.134296,5.2181053,-34.375084
C:\Users\antoc\FreshOrRotten\data\raw\Pomegranate_Fresh\20190820_152758_25194.jpg,pomegranate,fresh,0,test,0.0055294903,fresh,True,5.8427362,3.5665941,29.781929,34.360687
C:\Users\antoc\FreshOrRotten\data\raw\Pomegranate_Fresh\20190820_154152_26347.jpg,pomegranate,fresh,0,test,0.032089695,fresh,True,3.4089713,2.4535935,21.737375,19.197655
C:\Users\antoc\FreshOrRotten\data\raw\Orange_Fresh\rotated_by_15_Screen Shot 2018-06-12 at 11.52.03 PM.jpg,orange,fresh,0,test,0.09951479,fresh,True,1.6812655,-4.26349,18.318628,-45.171783
C:\Users\antoc\FreshOrRotten\data\raw\Pomegranate_Fresh\20190820_153831_26104.jpg,pomegranate,fresh,0,test,0.00310974,fresh,True,6.478401,2.7007704,33.80801,28.776682
C:\Users\antoc\FreshOrRotten\data\raw\Orange_Rotten\IMG_20190923_181549.jpg,orange,rotten,1,test,0.2572839,fresh,False,0.70601743,0.2986935,-2.8877625,9.524664
C:\Users\antoc\FreshOrRotten\data\raw\Pomegranate_Fresh\20190820_153317.jpg,pomegranate,fresh,0,test,0.009091655,fresh,True,5.1779156,0.9127239,35.30188,11.774752
C:\Users\antoc\FreshOrRotten\data\raw\Pomegranate_Fresh\20190820_150908_24401.jpg,pomegranate,fresh,0,test,0.007247701,fresh,True,5.5717,3.0055165,29.36151,31.536955
C:\Users\antoc\FreshOrRotten\data\raw\Pomegranate_Rotten\IMG20200728182712.jpg,pomegranate,rotten,1,test,0.43338495,fresh,False,-0.14484745,-2.992669,-16.878448,-37.914185
C:\Users\antoc\FreshOrRotten\data\raw\Pomegranate_Fresh\20190820_153829_26098.jpg,pomegranate,fresh,0,test,0.0029231815,fresh,True,6.50107,3.0112967,34.24642,29.419989
C:\Users\antoc\FreshOrRotten\data\raw\Apple_Rotten\rotated_by_45_Screen Shot 2018-06-07 at 2.17.25 PM.jpg,apple,rotten,1,test,0.8932187,rotten,True,-2.749435,-1.3086758,-29.668001,-40.669888
C:\Users\antoc\FreshOrRotten\data\raw\Banana_Rotten\rottenBanana (305)1.jpg,banana,rotten,1,test,0.99044096,rotten,True,-6.373786,-0.078608334,-38.24248,3.290253
C:\Users\antoc\FreshOrRotten\data\raw\Apple_Fresh\Screen Shot 2018-06-08 at 5.28.42 PM.jpg,apple,fresh,0,test,0.25490505,fresh,True,0.89722806,-2.397003,7.700754,-18.876337
C:\Users\antoc\FreshOrRotten\data\raw\Strawberry_Rotten\rottenStrawberry (146)1.jpg,strawberry,rotten,1,test,0.95661026,rotten,True,-4.256118,2.3010907,-18.763058,18.844452
C:\Users\antoc\FreshOrRotten\data\raw\Pomegranate_Fresh\20190820_150659_24280.jpg,pomegranate,fresh,0,test,0.0037190046,fresh,True,6.321329,5.641732,32.55161,39.69343
C:\Users\antoc\FreshOrRotten\data\raw\Pomegranate_Rotten\RottenPomegranate (145)!.jpg,pomegranate,rotten,1,test,0.8657381,rotten,True,-2.288983,-0.8182344,-15.493842,34.49896
C:\Users\antoc\FreshOrRotten\data\raw\Tomato_Rotten\rottenTomato (315)1.jpg,tomato,rotten,1,test,0.8481754,rotten,True,-2.1895318,-1.2268531,-26.277601,-43.668922
C:\Users\antoc\FreshOrRotten\data\raw\Banana_Fresh\IMG_8874.JPG,banana,fresh,0,test,0.32735842,fresh,True,0.5833817,-2.2648103,3.382497,-10.065111
C:\Users\antoc\FreshOrRotten\data\raw\Pomegranate_Fresh\20190820_150413_24144.jpg,pomegranate,fresh,0,test,0.00091199443,fresh,True,8.134832,8.683576,35.532867,43.232933
C:\Users\antoc\FreshOrRotten\data\raw\Lime_Fresh\IMG_20190902_104053.jpg,lime,fresh,0,test,0.009721271,fresh,True,5.021684,1.5291615,29.328676,15.84426
C:\Users\antoc\FreshOrRotten\data\raw\Tomato_Rotten\Copy of IMG_20200730_170244.jpg_0_740.jpg,tomato,rotten,1,test,0.8901009,rotten,True,-2.8002186,-1.5118735,-29.060656,-38.761456
C:\Users\antoc\FreshOrRotten\data\raw\Lime_Fresh\IMG_20190902_102516_1.jpg,lime,fresh,0,test,0.005762798,fresh,True,5.7385454,1.5976133,31.35973,16.149338
C:\Users\antoc\FreshOrRotten\data\raw\Tomato_Rotten\rottenTomato (119)1.jpg,tomato,rotten,1,test,0.9117066,rotten,True,-3.504034,-2.0058436,-20.462624,-7.6259184
C:\Users\antoc\FreshOrRotten\data\raw\Lime_Fresh\IMG_20190902_103915_1.jpg,lime,fresh,0,test,0.007840614,fresh,True,5.276676,2.030609,29.503992,16.781507
C:\Users\antoc\FreshOrRotten\data\raw\Cucumber_Fresh\freshCucumber (437)1.jpg,cucumber,fresh,0,test,0.23748042,fresh,True,4.344782,-3.2429166,54.424694,-15.366887
C:\Users\antoc\FreshOrRotten\data\raw\Tomato_Rotten\DSCN4221.jpg_0_6620.jpg,tomato,rotten,1,test,0.3784117,fresh,False,0.376989,8.941448,-0.3876245,61.46775
C:\Users\antoc\FreshOrRotten\data\raw\Orange_Fresh\freshOrange (248)1.jpg,orange,fresh,0,test,0.050033048,fresh,True,3.3198366,-1.6296294,31.189804,-10.645299
C:\Users\antoc\FreshOrRotten\data\raw\Pomegranate_Fresh\20190820_150220_24064.jpg,pomegranate,fresh,0,test,0.0083442535,fresh,True,5.181886,2.6501381,27.57963,32.721375
C:\Users\antoc\FreshOrRotten\data\raw\Pomegranate_Fresh\20190820_153124_25482.jpg,pomegranate,fresh,0,test,0.0174354,fresh,True,4.408245,2.4523792,26.529333,33.3079
C:\Users\antoc\FreshOrRotten\data\raw\Pomegranate_Fresh\20190820_152645_25064.jpg,pomegranate,fresh,0,test,0.0035820587,fresh,True,6.305393,4.8801265,32.968597,38.09038
C:\Users\antoc\FreshOrRotten\data\raw\Apple_Rotten\rotated_by_60_Screen Shot 2018-06-08 at 2.51.55 PM.jpg,apple,rotten,1,test,0.8302175,rotten,True,-2.3771205,-2.1807556,-31.651201,-13.205888
C:\Users\antoc\FreshOrRotten\data\raw\Banana_Rotten\rottenBanana (385)1.jpg,banana,rotten,1,test,0.3728831,fresh,False,0.10540131,-3.0562131,11.15294,-20.6617
C:\Users\antoc\FreshOrRotten\data\raw\Tomato_Fresh\Image31 (2).jpg,tomato,fresh,0,test,0.050135862,fresh,True,3.3649516,2.9021177,14.975275,41.060135
C:\Users\antoc\FreshOrRotten\data\raw\Pomegranate_Fresh\20190820_154830_26882.jpg,pomegranate,fresh,0,test,0.00019284342,fresh,True,9.738106,7.3022146,40.445892,38.96834
C:\Users\antoc\FreshOrRotten\data\raw\Orange_Rotten\rottenOrange (331)1.jpg,orange,rotten,1,test,0.15581706,fresh,False,1.7767363,-3.242248,20.351484,-24.443695
C:\Users\antoc\FreshOrRotten\data\raw\Apple_Fresh\saltandpepper_Screen Shot 2018-06-08 at 5.11.16 PM.jpg,apple,fresh,0,test,0.028052542,fresh,True,4.621353,10.0210705,30.601627,46.67777
C:\Users\antoc\FreshOrRotten\data\raw\Guava_Fresh\IMG_8922.JPG,guava,fresh,0,test,0.0585605,fresh,True,3.0724916,-0.8690952,26.67519,-6.3269486
C:\Users\antoc\FreshOrRotten\data\raw\Tomato_Rotten\rottenTomato (502)1.jpg,tomato,rotten,1,test,0.5488441,rotten,True,-1.039339,-3.2350607,-9.567896,-35.57133
C:\Users\antoc\FreshOrRotten\data\raw\Banana_Rotten\translation_Screen Shot 2018-06-12 at 9.19.17 PM.jpg,banana,rotten,1,test,0.9954354,rotten,True,-6.643732,1.3932416,-51.38184,6.2494597
C:\Users\antoc\FreshOrRotten\data\raw\Banana_Rotten\RottenBanana (39)!.jpg,banana,rotten,1,test,0.980025,rotten,True,-5.393568,-0.4722048,-35.475418,-9.198737
C:\Users\antoc\FreshOrRotten\data\raw\Tomato_Fresh\freshTomato (108)1.jpg,tomato,fresh,0,test,0.380242,fresh,True,-0.53078854,-3.9882448,-1.7389388,-39.88055
C:\Users\antoc\FreshOrRotten\data\raw\Tomato_Rotten\DSCN4210.jpg_0_4381.jpg,tomato,rotten,1,test,0.7878638,rotten,True,-1.9815453,-0.72776145,-26.471846,-35.588314
C:\Users\antoc\FreshOrRotten\data\raw\Pomegranate_Rotten\IMG_20190822_084602_1.jpg,pomegranate,rotten,1,test,0.86518955,rotten,True,-2.5136788,1.9290457,-19.788378,28.478691
C:\Users\antoc\FreshOrRotten\data\raw\Lime_Fresh\IMG_20190902_111120.jpg,lime,fresh,0,test,0.01523541,fresh,True,4.5654845,-0.24921593,33.81769,-1.0751044
C:\Users\antoc\FreshOrRotten\data\raw\Peach_Rotten\Image4113.jpg,peach,rotten,1,test,0.5396085,rotten,True,-0.59567684,-2.2493274,-9.922186,-6.7934694
C:\Users\antoc\FreshOrRotten\data\raw\Orange_Rotten\rotated_by_45_Screen Shot 2018-06-12 at 11.37.45 PM.jpg,orange,rotten,1,test,0.99401444,rotten,True,-6.7542086,-0.04148454,-40.53628,-1.7493184
C:\Users\antoc\FreshOrRotten\data\raw\Apple_Fresh\rotated_by_60_Screen Shot 2018-06-08 at 5.04.11 PM.jpg,apple,fresh,0,test,0.7893502,rotten,False,-1.5153444,-0.055584643,-27.902884,-48.418156
C:\Users\antoc\FreshOrRotten\data\raw\Orange_Fresh\vertical_flip_Screen Shot 2018-06-13 at 12.05.27 AM.jpg,orange,fresh,0,test,0.03827745,fresh,True,3.5129547,-3.5946648,24.490175,-44.027172
C:\Users\antoc\FreshOrRotten\data\raw\Pomegranate_Fresh\20190820_144806_23444.jpg,pomegranate,fresh,0,test,0.00058926723,fresh,True,8.349476,5.3586645,39.056286,36.938465
C:\Users\antoc\FreshOrRotten\data\raw\Orange_Rotten\IMG_20190824_174905.jpg,orange,rotten,1,test,0.96090055,rotten,True,-4.488394,-0.5903972,-26.018312,7.5991225
C:\Users\antoc\FreshOrRotten\data\raw\Guava_Fresh\IMG_8636.JPG,guava,fresh,0,test,0.022025468,fresh,True,4.0281544,1.4648347,16.784527,14.150276
C:\Users\antoc\FreshOrRotten\data\raw\Banana_Rotten\rotated_by_15_Screen Shot 2018-06-12 at 8.48.46 PM.jpg,banana,rotten,1,test,0.9932414,rotten,True,-6.626063,4.8482456,-51.153843,11.007793
C:\Users\antoc\FreshOrRotten\data\raw\Banana_Rotten\IMG_7907.JPG,banana,rotten,1,test,0.9608124,rotten,True,-4.5475855,-0.8327514,-28.231756,4.7981167
C:\Users\antoc\FreshOrRotten\data\raw\Orange_Fresh\rotated_by_15_Screen Shot 2018-06-12 at 11.52.32 PM.jpg,orange,fresh,0,test,0.054858603,fresh,True,2.6241045,-3.5268602,21.828249,-46.178974
C:\Users\antoc\FreshOrRotten\data\raw\Guava_Rotten\IMG_20190822_081235_1.jpg,guava,rotten,1,test,0.9046874,rotten,True,-3.2871494,-2.6118765,-23.418774,-11.800729
C:\Users\antoc\FreshOrRotten\data\raw\Pomegranate_Fresh\IMG20200728125458_27003.jpg,pomegranate,fresh,0,test,0.005408829,fresh,True,6.4770956,2.0493176,34.947563,22.086098
C:\Users\antoc\FreshOrRotten\data\raw\Papaya_Rotten\Image1995.jpg,papaya,rotten,1,test,0.9929033,rotten,True,-6.7301683,-0.18891919,-47.673447,-10.267285
C:\Users\antoc\FreshOrRotten\data\raw\Lime_Rotten\IMG_20190923_183707.jpg,lime,rotten,1,test,0.7163748,rotten,True,-1.7527103,2.2796738,-15.026278,17.45491
C:\Users\antoc\FreshOrRotten\data\raw\Tomato_Rotten\Image2893.jpg,tomato,rotten,1,test,0.9929616,rotten,True,-6.844061,-0.18246162,-43.54767,-9.712136
C:\Users\antoc\FreshOrRotten\data\raw\Pomegranate_Fresh\20190820_153422_25766.jpg,pomegranate,fresh,0,test,0.0037503254,fresh,True,6.2132444,4.1270275,32.09984,35.861652
C:\Users\antoc\FreshOrRotten\data\raw\Banana_Rotten\IMG_20190910_175527_1.jpg,banana,rotten,1,test,0.99935454,rotten,True,-9.748066,2.7101395,-57.327984,6.8956404
C:\Users\antoc\FreshOrRotten\data\raw\Pomegranate_Fresh\20190820_144850_23490.jpg,pomegranate,fresh,0,test,0.0010000479,fresh,True,7.7590127,5.9466743,37.445766,38.59247
C:\Users\antoc\FreshOrRotten\data\raw\Strawberry_Fresh\freshStrawberry (150)1.jpg,strawberry,fresh,0,test,0.043942243,fresh,True,3.1279397,-0.05740324,23.791819,-1.6426048
C:\Users\antoc\FreshOrRotten\data\raw\Bellpepper_Rotten\rottenPepper (185)1.jpg,bellpepper,rotten,1,test,0.49710447,fresh,False,-0.6283791,-3.8008976,-1.1203351,-26.628326
C:\Users\antoc\FreshOrRotten\data\raw\Jujube_Fresh\FreshJujube (16).jpg,jujube,fresh,0,test,0.10881109,fresh,True,2.0013294,-0.24108969,3.3385181,8.380318
C:\Users\antoc\FreshOrRotten\data\raw\Orange_Fresh\freshOrange (31)1.jpg,orange,fresh,0,test,0.104931,fresh,True,2.400081,-3.3144817,26.216476,-34.04484
C:\Users\antoc\FreshOrRotten\data\raw\Bellpepper_Fresh\freshPepper (483)1.jpg,bellpepper,fresh,0,test,0.113983706,fresh,True,2.1265302,-3.2181332,23.251715,-20.289982
C:\Users\antoc\FreshOrRotten\data\raw\Banana_Fresh\IMG_9083.JPG,banana,fresh,0,test,0.0899241,fresh,True,2.4968185,-0.98410296,9.295847,-0.13102159
C:\Users\antoc\FreshOrRotten\data\raw\Peach_Fresh\Image147.jpg,peach,fresh,0,test,0.056507267,fresh,True,3.39416,-2.4758275,31.64382,-38.903168
C:\Users\antoc\FreshOrRotten\data\raw\Pomegranate_Fresh\IMG20200728182100_27399.jpg,pomegranate,fresh,0,test,0.39150566,fresh,True,-0.12932624,3.8590515,-9.020737,20.042444
C:\Users\antoc\FreshOrRotten\data\raw\Tomato_Rotten\DSCN4222.jpg_0_2101.jpg,tomato,rotten,1,test,0.3645616,fresh,False,0.4950796,8.277925,1.6145649,63.119244
C:\Users\antoc\FreshOrRotten\data\raw\Apple_Fresh\freshApple (76)1.jpg,apple,fresh,0,test,0.22348362,fresh,True,0.42556903,-4.355665,3.771619,-40.203205
C:\Users\antoc\FreshOrRotten\data\raw\Banana_Rotten\Image711.jpg,banana,rotten,1,test,0.9993734,rotten,True,-9.173566,3.7478175,-43.050022,27.222515
C:\Users\antoc\FreshOrRotten\data\raw\Tomato_Fresh\freshTomato (116)1.jpg,tomato,fresh,0,test,0.28516123,fresh,True,0.08552876,-4.3203626,1.5016757,-37.511944
C:\Users\antoc\FreshOrRotten\data\raw\Guava_Fresh\FreshGuava (139).jpg,guava,fresh,0,test,0.14240845,fresh,True,1.8997123,-2.4276316,17.471485,-13.778027
C:\Users\antoc\FreshOrRotten\data\raw\Apple_Fresh\rotated_by_30_Screen Shot 2018-06-08 at 5.06.28 PM.jpg,apple,fresh,0,test,0.031702656,fresh,True,4.150481,0.10277459,41.21143,-6.643603
C:\Users\antoc\FreshOrRotten\data\raw\Pomegranate_Fresh\20190820_144846_23476.jpg,pomegranate,fresh,0,test,0.0016738159,fresh,True,7.2346244,5.7333097,34.70291,40.01619
C:\Users\antoc\FreshOrRotten\data\raw\Mango_Rotten\rottenMango (41).jpg,mango,rotten,1,test,0.7689641,rotten,True,-1.4844166,-1.4007304,-15.693608,36.205406
C:\Users\antoc\FreshOrRotten\data\raw\Mango_Fresh\freshMango (169).jpg,mango,fresh,0,test,0.13865234,fresh,True,2.4259508,-2.180038,27.302542,-11.509043
C:\Users\antoc\FreshOrRotten\data\raw\Banana_Fresh\vertical_flip_Screen Shot 2018-06-12 at 10.02.19 PM.jpg,banana,fresh,0,test,0.08249042,fresh,True,2.631208,-0.6040971,9.888316,1.1819534
C:\Users\antoc\FreshOrRotten\data\raw\Orange_Rotten\saltandpepper_Screen Shot 2018-06-12 at 11.22.47 PM.jpg,orange,rotten,1,test,0.5418707,rotten,True,-0.7324162,-2.9787447,-9.583039,-27.764517
C:\Users\antoc\FreshOrRotten\data\raw\Bellpepper_Rotten\WhatsApp Image 2020-11-07 at 11.35.36 PM.jpeg_0_3094.jpg,bellpepper,rotten,1,test,0.9658279,rotten,True,-4.4591036,-0.73019844,-34.734715,-11.244993
C:\Users\antoc\FreshOrRotten\data\raw\Cucumber_Rotten\rottenCucumber (11)1.jpg,cucumber,rotten,1,test,0.99921703,rotten,True,-8.962018,4.094164,-39.56762,33.590824
C:\Users\antoc\FreshOrRotten\data\raw\Orange_Fresh\IMG_2010.JPG,orange,fresh,0,test,0.36832726,fresh,True,-0.082117885,-4.197241,1.2180053,-33.40458
C:\Users\antoc\FreshOrRotten\data\raw\Bellpepper_Rotten\IMG_20200901_181735.jpg_0_7207.jpg,bellpepper,rotten,1,test,0.7700378,rotten,True,-1.8518822,-3.363864,-15.716398,-19.548782
C:\Users\antoc\FreshOrRotten\data\raw\Apple_Fresh\rotated_by_15_Screen Shot 2018-06-08 at 5.09.25 PM.jpg,apple,fresh,0,test,0.9442321,rotten,False,-3.1490924,4.6511707,-24.280159,40.358356
C:\Users\antoc\FreshOrRotten\data\raw\Orange_Fresh\vertical_flip_Screen Shot 2018-06-12 at 11.59.19 PM.jpg,orange,fresh,0,test,0.060388442,fresh,True,2.5219347,-3.6991541,21.366632,-45.549644
C:\Users\antoc\FreshOrRotten\data\raw\Pomegranate_Fresh\20190820_145607_23688.jpg,pomegranate,fresh,0,test,0.005455892,fresh,True,6.164547,7.8638353,32.58536,44.424335
C:\Users\antoc\FreshOrRotten\data\raw\Guava_Rotten\IMG_20190822_081330.jpg,guava,rotten,1,test,0.9536866,rotten,True,-4.3303504,-1.8573817,-30.557442,-7.541619
C:\Users\antoc\FreshOrRotten\data\raw\Apple_Fresh\translation_Screen Shot 2018-06-08 at 5.27.34 PM.jpg,apple,fresh,0,test,0.050263066,fresh,True,3.7088997,6.410982,12.905398,55.90423
C:\Users\antoc\FreshOrRotten\data\raw\Tomato_Fresh\DSCN4101.jpg_0_1597.jpg,tomato,fresh,0,test,0.23340517,fresh,True,1.2730938,6.8311825,3.0313327,63.422817
C:\Users\antoc\FreshOrRotten\data\raw\Tomato_Fresh\DSCN4157.jpg_0_6130.jpg,tomato,fresh,0,test,0.44668356,fresh,True,-0.10070914,1.8887062,5.7334023,50.597244
C:\Users\antoc\FreshOrRotten\data\raw\Potato_Fresh\freshPotato (266).jpg,potato,fresh,0,test,0.41547254,fresh,True,0.022452401,-2.494326,3.7987416,-11.678914
C:\Users\antoc\FreshOrRotten\data\raw\Tomato_Rotten\rottenTomato (116)1.jpg,tomato,rotten,1,test,0.86558056,rotten,True,-2.521831,-1.5195992,-27.32728,-39.782726
C:\Users\antoc\FreshOrRotten\data\raw\Orange_Fresh\IMG_2525.JPG,orange,fresh,0,test,0.0703164,fresh,True,6.1937494,-1.0050483,51.280617,-18.600607
C:\Users\antoc\FreshOrRotten\data\raw\Orange_Fresh\IMG_2211.JPG,orange,fresh,0,test,0.052143835,fresh,True,3.2921312,-2.0033884,32.488884,-12.343232
C:\Users\antoc\FreshOrRotten\data\raw\Banana_Fresh\IMG_9339.JPG,banana,fresh,0,test,0.18608601,fresh,True,1.1830065,-0.3118125,1.3481805,8.354811
C:\Users\antoc\FreshOrRotten\data\raw\Carrot_Rotten\rottenCarrot (509).jpg,carrot,rotten,1,test,0.54483825,rotten,True,0.94131535,-4.366204,43.14698,-17.33862
C:\Users\antoc\FreshOrRotten\data\raw\Apple_Fresh\FreshApple (185)_!.jpg,apple,fresh,0,test,0.19536334,fresh,True,1.7313149,-0.61870027,17.107727,-34.4123
C:\Users\antoc\FreshOrRotten\data\raw\Banana_Fresh\rotated_by_45_Screen Shot 2018-06-12 at 9.42.03 PM.jpg,banana,fresh,0,test,0.045301832,fresh,True,5.103282,0.67279154,43.51144,-6.4581656
C:\Users\antoc\FreshOrRotten\data\raw\Orange_Rotten\vertical_flip_Screen Shot 2018-06-12 at 11.35.59 PM.jpg,orange,rotten,1,test,0.9806035,rotten,True,-5.69874,0.2928926,-39.28503,-36.14606
C:\Users\antoc\FreshOrRotten\data\raw\Pomegranate_Fresh\20190820_145715.jpg,pomegranate,fresh,0,test,0.0032880828,fresh,True,6.3080783,2.773144,32.50036,25.40938
C:\Users\antoc\FreshOrRotten\data\raw\Banana_Fresh\IMG_9057.JPG,banana,fresh,0,test,0.26440957,fresh,True,0.85352343,-1.6722242,12.839554,-12.950284
C:\Users\antoc\FreshOrRotten\data\raw\Grapes_Rotten\RottenGrape (144).jpg,grapes,rotten,1,test,0.66013205,rotten,True,-1.2963059,-3.4602547,-8.090205,-18.761707
C:\Users\antoc\FreshOrRotten\data\raw\Guava_Fresh\IMG_8606.JPG,guava,fresh,0,test,0.09018059,fresh,True,3.0079842,-1.3530947,28.034954,-10.250733
C:\Users\antoc\FreshOrRotten\data\raw\Pomegranate_Rotten\IMG_20190822_084948.jpg,pomegranate,rotten,1,test,0.98123527,rotten,True,-4.7737107,1.3075926,-23.574982,34.509705
C:\Users\antoc\FreshOrRotten\data\raw\Pomegranate_Fresh\20190820_145016_23537.jpg,pomegranate,fresh,0,test,0.0058057373,fresh,True,5.851923,4.1225495,30.095074,35.299427
C:\Users\antoc\FreshOrRotten\data\raw\Guava_Rotten\IMG_20190822_080756.jpg,guava,rotten,1,test,0.42332217,fresh,False,-0.22469547,-0.24774292,-4.713484,8.028133
C:\Users\antoc\FreshOrRotten\data\raw\Guava_Fresh\IMG_8718.JPG,guava,fresh,0,test,0.055006515,fresh,True,2.9432,0.7824745,17.533373,13.768305
C:\Users\antoc\FreshOrRotten\data\raw\Apple_Rotten\translation_Screen Shot 2018-06-08 at 2.38.47 PM.jpg,apple,rotten,1,test,0.8217686,rotten,True,-2.1507313,-2.8461561,-22.02216,-22.345564
C:\Users\antoc\FreshOrRotten\data\raw\Banana_Fresh\rotated_by_30_Screen Shot 2018-06-12 at 9.53.36 PM.jpg,banana,fresh,0,test,0.1147355,fresh,True,2.1455646,2.1468804,6.728628,19.606035
C:\Users\antoc\FreshOrRotten\data\raw\Banana_Fresh\IMG_9437.JPG,banana,fresh,0,test,0.19714282,fresh,True,1.131583,-0.5032092,1.0126764,7.9759755
C:\Users\antoc\FreshOrRotten\data\raw\Pomegranate_Fresh\20190820_144338_23236.jpg,pomegranate,fresh,0,test,0.020399505,fresh,True,6.0486193,-1.2742016,46.067818,-0.31806076
C:\Users\antoc\FreshOrRotten\data\raw\Grape_Rotten\Image1043.jpg,grape,rotten,1,test,0.9969021,rotten,True,-9.070009,1.7188162,-65.657524,4.6890087
C:\Users\antoc\FreshOrRotten\data\raw\Cucumber_Fresh\freshCucumber (209)1.jpg,cucumber,fresh,0,test,0.37457737,fresh,True,2.8958082,-3.7604322,45.10496,-17.010197
C:\Users\antoc\FreshOrRotten\data\raw\Banana_Rotten\rotated_by_45_Screen Shot 2018-06-12 at 8.49.52 PM.jpg,banana,rotten,1,test,0.9885279,rotten,True,-5.6402693,6.2264986,-50.58869,12.411711
C:\Users\antoc\FreshOrRotten\data\raw\Banana_Rotten\IMG_20190910_175652_1.jpg,banana,rotten,1,test,0.998953,rotten,True,-8.81868,2.73082,-44.33699,23.523005
C:\Users\antoc\FreshOrRotten\data\raw\Strawberry_Fresh\freshStrawberry (289)1.jpg,strawberry,fresh,0,test,0.48145172,fresh,True,-0.8253698,-2.6334686,-15.127079,-44.988583
C:\Users\antoc\FreshOrRotten\data\raw\Orange_Fresh\Screen Shot 2018-06-13 at 12.16.45 AM.jpg,orange,fresh,0,test,0.17917348,fresh,True,1.5506196,-3.4735997,19.645414,-24.854826
C:\Users\antoc\FreshOrRotten\data\raw\Apple_Fresh\rotated_by_60_Screen Shot 2018-06-08 at 5.11.41 PM.jpg,apple,fresh,0,test,0.1024272,fresh,True,2.5034046,4.7858524,11.086468,53.498466
C:\Users\antoc\FreshOrRotten\data\raw\Banana_Rotten\rotated_by_30_Screen Shot 2018-06-12 at 9.26.21 PM.jpg,banana,rotten,1,test,0.93263316,rotten,True,-3.459125,-2.7852657,-24.263643,-22.766296
C:\Users\antoc\FreshOrRotten\data\raw\Cucumber_Rotten\rottenCucumber (130)1.jpg,cucumber,rotten,1,test,0.99604577,rotten,True,-7.0947714,2.7461166,-29.240852,36.247314
C:\Users\antoc\FreshOrRotten\data\raw\Tomato_Fresh\freshTomato (137)1.jpg,tomato,fresh,0,test,0.076720566,fresh,True,2.4886482,-1.2567481,23.798836,-5.011678
C:\Users\antoc\FreshOrRotten\data\raw\Banana_Fresh\rotated_by_30_Screen Shot 2018-06-12 at 9.56.56 PM.jpg,banana,fresh,0,test,0.090827405,fresh,True,2.4593496,1.4776683,8.032174,19.3347
C:\Users\antoc\FreshOrRotten\data\raw\Guava_Fresh\IMG_8614.JPG,guava,fresh,0,test,0.12613137,fresh,True,2.0427284,-1.3284068,25.767092,-6.254476
C:\Users\antoc\FreshOrRotten\data\raw\Guava_Rotten\IMG_20190822_080312.jpg,guava,rotten,1,test,0.9898057,rotten,True,-6.1975102,0.17814428,-36.366505,4.9691186
C:\Users\antoc\FreshOrRotten\data\raw\Potato_Rotten\rottenPotato (331).jpg,potato,rotten,1,test,0.8476492,rotten,True,-3.3511071,-2.4485407,-28.937086,-16.78587
C:\Users\antoc\FreshOrRotten\data\raw\Potato_Rotten\rottenPotato (179).jpg,potato,rotten,1,test,0.99790275,rotten,True,-7.2408223,8.085838,-51.45439,14.518625
C:\Users\antoc\FreshOrRotten\data\raw\Strawberry_Fresh\FreshStrawberry (146)!.jpg,strawberry,fresh,0,test,0.28139693,fresh,True,0.2654415,-4.1271553,3.5478115,-38.07864
C:\Users\antoc\FreshOrRotten\data\raw\Bellpepper_Rotten\rottenPepper (120)1.jpg,bellpepper,rotten,1,test,0.9304101,rotten,True,-3.934574,2.8812551,-39.92995,14.092881
C:\Users\antoc\FreshOrRotten\data\raw\Tomato_Rotten\rottenTomato (154)1.jpg,tomato,rotten,1,test,0.90963495,rotten,True,-3.3374207,-1.5968028,-25.28661,-33.172726
C:\Users\antoc\FreshOrRotten\data\raw\Grapes_Fresh\FreshGrape (136)!.jpg,grapes,fresh,0,test,0.17842588,fresh,True,1.5799646,-2.477926,16.761763,-13.833836
C:\Users\antoc\FreshOrRotten\data\raw\Bellpepper_Fresh\capsicum3_9.jpg_0_9458.jpg,bellpepper,fresh,0,test,0.0379696,fresh,True,3.4189239,1.8995236,9.469584,14.676713
C:\Users\antoc\FreshOrRotten\data\raw\Pomegranate_Rotten\IMG_20190824_181359.jpg,pomegranate,rotten,1,test,0.8106442,rotten,True,-1.8922999,-1.2268832,-14.869851,34.052567
C:\Users\antoc\FreshOrRotten\data\raw\Guava_Fresh\IMG_8512.JPG,guava,fresh,0,test,0.021591049,fresh,True,4.3611627,-0.19705698,41.94765,12.382025
C:\Users\antoc\FreshOrRotten\data\raw\Pomegranate_Fresh\20190820_143846_23053.jpg,pomegranate,fresh,0,test,0.003119669,fresh,True,6.7784996,0.49286655,44.7971,3.0403109
C:\Users\antoc\FreshOrRotten\data\raw\Tomato_Rotten\Copy of IMG_20200730_170232.jpg_0_4922.jpg,tomato,rotten,1,test,0.9396305,rotten,True,-3.2267375,-0.22783262,-31.411789,-45.828552
C:\Users\antoc\FreshOrRotten\data\raw\Pomegranate_Fresh\20190820_154653_26731.jpg,pomegranate,fresh,0,test,0.00650922,fresh,True,5.5208397,2.1186833,31.137793,22.105879
C:\Users\antoc\FreshOrRotten\data\raw\Pomegranate_Fresh\20190820_143625.jpg,pomegranate,fresh,0,test,0.0075904415,fresh,True,5.6875787,-0.31303102,44.032597,2.580309
C:\Users\antoc\FreshOrRotten\data\raw\Papaya_Rotten\Image1901.jpg,papaya,rotten,1,test,0.99274856,rotten,True,-6.691329,-0.310253,-46.819397,-10.669911
C:\Users\antoc\FreshOrRotten\data\raw\Cucumber_Fresh\freshCucumber (492)1.jpg,cucumber,fresh,0,test,0.28747994,fresh,True,2.7830203,-3.3913884,52.845764,-12.396517
C:\Users\antoc\FreshOrRotten\data\raw\Pomegranate_Fresh\20190820_150743.jpg,pomegranate,fresh,0,test,0.14000903,fresh,True,1.797376,-1.7002422,14.919341,-30.307894
C:\Users\antoc\FreshOrRotten\data\raw\Banana_Rotten\rottenBanana (398)1.jpg,banana,rotten,1,test,0.89263284,rotten,True,-3.297521,-0.7514097,-27.18582,2.8026624
C:\Users\antoc\FreshOrRotten\data\raw\Potato_Rotten\rottenPotato (349).jpg,potato,rotten,1,test,0.9970733,rotten,True,-9.510954,0.90039396,-45.83146,-4.252738
C:\Users\antoc\FreshOrRotten\data\raw\Bellpepper_Rotten\rottenPepper (296)1.jpg,bellpepper,rotten,1,test,0.19013953,fresh,False,0.3501083,-4.398164,2.2319179,-42.615746
C:\Users\antoc\FreshOrRotten\data\raw\Banana_Rotten\Screen Shot 2018-06-12 at 9.02.44 PM.jpg,banana,rotten,1,test,0.99566936,rotten,True,-7.3550663,0.8337427,-40.81421,4.022153
C:\Users\antoc\FreshOrRotten\data\raw\Lime_Fresh\IMG_20190902_102945.jpg,lime,fresh,0,test,0.070230894,fresh,True,2.5649366,-0.56128746,7.843967,8.508465
C:\Users\antoc\FreshOrRotten\data\raw\Pomegranate_Fresh\20190820_153642_25918.jpg,pomegranate,fresh,0,test,0.004531711,fresh,True,6.0297747,2.2738771,32.98154,28.32924
C:\Users\antoc\FreshOrRotten\data\raw\Strawberry_Rotten\rottenStrawberry (429)1.jpg,strawberry,rotten,1,test,0.54322004,rotten,True,-0.854796,-3.8674333,-7.0206747,-20.666286
C:\Users\antoc\FreshOrRotten\data\raw\Banana_Fresh\IMG_8809.JPG,banana,fresh,0,test,0.16031997,fresh,True,1.6014372,-1.4279423,14.243626,-11.696489
C:\Users\antoc\FreshOrRotten\data\raw\Apple_Fresh\IMG_9374.JPG,apple,fresh,0,test,0.17399067,fresh,True,1.4181035,-0.8891814,-0.35743234,4.459185
C:\Users\antoc\FreshOrRotten\data\raw\Strawberry_Fresh\FreshStrawberry (40)!.jpg,strawberry,fresh,0,test,0.08682531,fresh,True,2.6051903,-0.24271706,21.988298,8.098314
C:\Users\antoc\FreshOrRotten\data\raw\Guava_Fresh\20190813_121728.jpg,guava,fresh,0,test,0.17745471,fresh,True,5.542349,-2.210395,52.370113,-17.781122
C:\Users\antoc\FreshOrRotten\data\raw\Pomegranate_Rotten\IMG_20190824_181401.jpg,pomegranate,rotten,1,test,0.8094278,rotten,True,-1.928012,-1.3095706,-14.378403,33.650543
C:\Users\antoc\FreshOrRotten\data\raw\Bellpepper_Fresh\freshPepper (593)1.jpg,bellpepper,fresh,0,test,0.53070533,rotten,False,-0.6260948,-2.5921125,-18.021297,-41.439667
C:\Users\antoc\FreshOrRotten\data\raw\Guava_Rotten\IMG_20190822_081137.jpg,guava,rotten,1,test,0.89202684,rotten,True,-3.0847154,-2.7745097,-22.729534,-12.456789
C:\Users\antoc\FreshOrRotten\data\raw\Mango_Rotten\rottenMango (397).jpg,mango,rotten,1,test,0.93946,rotten,True,-3.9836593,-1.7738744,-30.07681,-0.2830564
C:\Users\antoc\FreshOrRotten\data\raw\Tomato_Fresh\DSCN4114.jpg_0_8077.jpg,tomato,fresh,0,test,0.46514598,fresh,True,0.058838457,9.979289,-0.35871828,62.702686
C:\Users\antoc\FreshOrRotten\data\raw\Carrot_Rotten\rottenCarrot (527).jpg,carrot,rotten,1,test,0.10054533,fresh,False,-0.018058209,-4.8224926,0.8032755,-48.524685
C:\Users\antoc\FreshOrRotten\data\raw\Apple_Fresh\rotated_by_15_Screen Shot 2018-06-08 at 5.26.58 PM.jpg,apple,fresh,0,test,0.27212325,fresh,True,1.0012693,-0.68867695,3.289164,-4.5263863
C:\Users\antoc\FreshOrRotten\data\raw\Strawberry_Rotten\rottenStrawberry (25)1.jpg,strawberry,rotten,1,test,0.94425535,rotten,True,-3.9521437,1.0226725,-19.642447,18.503815
C:\Users\antoc\FreshOrRotten\data\raw\Banana_Rotten\Image585.jpg,banana,rotten,1,test,0.9988451,rotten,True,-8.512417,3.0116606,-42.37889,26.164593
C:\Users\antoc\FreshOrRotten\data\raw\Apple_Rotten\IMG_20190910_171848.jpg,apple,rotten,1,test,0.99785596,rotten,True,-7.4649067,3.4957602,-35.760063,34.265087
C:\Users\antoc\FreshOrRotten\data\raw\Apple_Fresh\rotated_by_45_Screen Shot 2018-06-08 at 5.14.20 PM.jpg,apple,fresh,0,test,0.8100769,rotten,False,-1.6549873,0.20046929,-28.01486,-48.452404
C:\Users\antoc\FreshOrRotten\data\raw\Bellpepper_Rotten\WhatsApp Image 2020-11-07 at 11.35.36 PM(1).jpeg_0_1524.jpg,bellpepper,rotten,1,test,0.94443023,rotten,True,-3.990798,-1.5061378,-34.429356,-11.84022
C:\Users\antoc\FreshOrRotten\data\raw\Banana_Rotten\IMG_20190923_184144_1.jpg,banana,rotten,1,test,0.9689859,rotten,True,-4.8741274,5.103929,-41.721725,17.408192
C:\Users\antoc\FreshOrRotten\data\raw\Banana_Rotten\rotated_by_60_Screen Shot 2018-06-12 at 9.09.05 PM.jpg,banana,rotten,1,test,0.987467,rotten,True,-5.4544373,9.718613,-50.70075,14.345073
C:\Users\antoc\FreshOrRotten\data\raw\Bellpepper_Fresh\capsicum3_1.jpg_0_1732.jpg,bellpepper,fresh,0,test,0.06394872,fresh,True,2.8581066,0.49609792,9.80757,12.039691
C:\Users\antoc\FreshOrRotten\data\raw\Banana_Fresh\rotated_by_45_Screen Shot 2018-06-12 at 9.50.16 PM.jpg,banana,fresh,0,test,0.044047806,fresh,True,3.387806,2.1863425,7.5853896,21.182045
C:\Users\antoc\FreshOrRotten\data\raw\Apple_Fresh\FreshApple (22)_!.jpg,apple,fresh,0,test,0.47627592,fresh,True,-0.3778824,-3.2775624,-17.404613,-38.75473
C:\Users\antoc\FreshOrRotten\data\raw\Apple_Fresh\rotated_by_60_Screen Shot 2018-06-08 at 5.18.42 PM.jpg,apple,fresh,0,test,0.0148794865,fresh,True,6.2365856,1.4997666,43.50353,-6.430057
C:\Users\antoc\FreshOrRotten\data\raw\Lime_Fresh\IMG_20190902_104522.jpg,lime,fresh,0,test,0.027857017,fresh,True,3.8137987,-1.0186133,33.288334,-4.05417
C:\Users\antoc\FreshOrRotten\data\raw\Banana_Fresh\IMG_9317.JPG,banana,fresh,0,test,0.19540359,fresh,True,1.1858662,-1.6993222,13.177155,-11.947839
C:\Users\antoc\FreshOrRotten\data\raw\Banana_Fresh\saltandpepper_Screen Shot 2018-06-12 at 9.41.57 PM.jpg,banana,fresh,0,test,0.009144386,fresh,True,5.3942885,1.4283731,13.915556,22.292795
C:\Users\antoc\FreshOrRotten\data\raw\Orange_Rotten\rottenOrange (40)1.jpg,orange,rotten,1,test,0.7814061,rotten,True,-1.7975587,-3.1800406,-17.303625,-20.584166
C:\Users\antoc\FreshOrRotten\data\raw\Cucumber_Fresh\freshCucumber (142)1.jpg,cucumber,fresh,0,test,0.022485485,fresh,True,3.955605,-0.36138257,29.750502,-0.4436685
C:\Users\antoc\FreshOrRotten\data\raw\Guava_Fresh\IMG20200728184227.jpg,guava,fresh,0,test,0.06015979,fresh,True,2.8140569,0.4080391,5.83256,7.86967
C:\Users\antoc\FreshOrRotten\data\raw\Pomegranate_Fresh\20190820_153731_26012.jpg,pomegranate,fresh,0,test,0.00036958995,fresh,True,8.962195,5.8665495,39.858303,37.55705
C:\Users\antoc\FreshOrRotten\data\raw\Carrot_Rotten\rottenCarrot (341).jpg,carrot,rotten,1,test,0.85616666,rotten,True,-3.684421,-2.035053,-29.761889,-19.54997
C:\Users\antoc\FreshOrRotten\data\raw\Tomato_Fresh\IMG_20200725_095414.jpg_0_7137.jpg,tomato,fresh,0,test,0.4392924,fresh,True,0.011641579,-2.6087153,3.4013617,-19.628658
C:\Users\antoc\FreshOrRotten\data\raw\Orange_Rotten\IMG_20190923_181800_1.jpg,orange,rotten,1,test,0.7872133,rotten,True,-2.297196,0.5458944,-11.018789,10.605528
C:\Users\antoc\FreshOrRotten\data\raw\Kaki_Fresh\Image609.jpg,kaki,fresh,0,test,0.039296564,fresh,True,3.4833534,5.906638,13.315778,48.203472
C:\Users\antoc\FreshOrRotten\data\raw\Pomegranate_Rotten\IMG_20190822_085306.jpg,pomegranate,rotten,1,test,0.96146995,rotten,True,-4.3412,-0.36866555,-22.683767,25.148497
C:\Users\antoc\FreshOrRotten\data\raw\Bellpepper_Rotten\rottenPepper (513)1.jpg,bellpepper,rotten,1,test,0.860093,rotten,True,-2.6442647,-1.4996392,-19.82363,24.030788
C:\Users\antoc\FreshOrRotten\data\raw\Mango_Fresh\freshMango (32).jpg,mango,fresh,0,test,0.05953657,fresh,True,4.1452093,-1.3488245,44.463356,-12.815204
C:\Users\antoc\FreshOrRotten\data\raw\Mango_Fresh\freshMango (197).jpg,mango,fresh,0,test,0.04452558,fresh,True,4.0574784,-0.9583956,44.1313,-11.940779
C:\Users\antoc\FreshOrRotten\data\raw\Bitter_Gourd_Rotten\IMG_20200830_103413.jpg_0_6548.jpg,bitter_gourd,rotten,1,test,0.9966792,rotten,True,-7.4311333,5.792465,-51.625015,11.691865
C:\Users\antoc\FreshOrRotten\data\raw\Banana_Fresh\IMG20200730132047_01.jpg,banana,fresh,0,test,0.061925884,fresh,True,4.321521,-1.808933,48.86031,-9.724466
C:\Users\antoc\FreshOrRotten\data\raw\Peach_Rotten\Image4713.jpg,peach,rotten,1,test,0.9730381,rotten,True,-5.0514383,-1.233533,-31.329014,-4.6343417
C:\Users\antoc\FreshOrRotten\data\raw\Pomegranate_Fresh\20190820_151612_24767.jpg,pomegranate,fresh,0,test,0.0067910478,fresh,True,5.8659687,1.6791915,34.209007,21.276775
C:\Users\antoc\FreshOrRotten\data\raw\Pomegranate_Rotten\IMG_20190822_085425_1.jpg,pomegranate,rotten,1,test,0.5571572,rotten,True,-0.8854327,-2.8564358,-10.429404,-35.878414
C:\Users\antoc\FreshOrRotten\data\raw\Pomegranate_Fresh\20190820_153110_25452.jpg,pomegranate,fresh,0,test,0.0032070715,fresh,True,6.4665337,3.280386,33.633484,31.000864
C:\Users\antoc\FreshOrRotten\data\raw\Apple_Rotten\IMG_20190910_171850_1.jpg,apple,rotten,1,test,0.9979399,rotten,True,-7.5331645,3.617238,-35.78104,34.209263
C:\Users\antoc\FreshOrRotten\data\raw\Orange_Fresh\IMG_2681.JPG,orange,fresh,0,test,0.04310249,fresh,True,6.317433,-0.16351,48.483017,-13.806607
C:\Users\antoc\FreshOrRotten\data\raw\Banana_Fresh\IMG_8939.JPG,banana,fresh,0,test,0.52453697,rotten,False,-0.6525152,-3.734225,-4.928626,-24.624943
C:\Users\antoc\FreshOrRotten\data\raw\Orange_Rotten\rotated_by_30_Screen Shot 2018-06-12 at 11.46.10 PM.jpg,orange,rotten,1,test,0.39495906,fresh,False,-0.84247226,-3.3243146,-10.685084,-40.55971
C:\Users\antoc\FreshOrRotten\data\raw\Pomegranate_Fresh\20190820_150417_24152.jpg,pomegranate,fresh,0,test,0.0023400246,fresh,True,7.0125113,7.421512,34.23321,42.85723
C:\Users\antoc\FreshOrRotten\data\raw\Pomegranate_Rotten\RottenPomegranate (49)!.jpg,pomegranate,rotten,1,test,0.25402135,fresh,False,1.1151173,-2.3307858,16.156359,-31.905619
C:\Users\antoc\FreshOrRotten\data\raw\Bellpepper_Fresh\capsicum3_0.jpg_0_8376.jpg,bellpepper,fresh,0,test,0.052063823,fresh,True,3.1368542,0.28281975,9.975274,11.584326
C:\Users\antoc\FreshOrRotten\data\raw\Pomegranate_Fresh\20190820_154124_26301.jpg,pomegranate,fresh,0,test,0.025501123,fresh,True,3.970317,0.64949656,23.159462,30.847467
C:\Users\antoc\FreshOrRotten\data\raw\Pomegranate_Fresh\20190820_143705_22980.jpg,pomegranate,fresh,0,test,0.04313158,fresh,True,3.9252014,-2.577692,44.11804,-1.50433
C:\Users\antoc\FreshOrRotten\data\raw\Guava_Rotten\IMG_20190829_072428.jpg,guava,rotten,1,test,0.9857078,rotten,True,-5.4761553,3.0881886,-32.52962,33.414234
C:\Users\antoc\FreshOrRotten\data\raw\Cucumber_Rotten\rottenCucumber (309)1.jpg,cucumber,rotten,1,test,0.44138736,fresh,False,-0.66671157,3.819219,-7.448865,13.940285
C:\Users\antoc\FreshOrRotten\data\raw\Pomegranate_Fresh\20190820_150129_23997.jpg,pomegranate,fresh,0,test,0.0058464953,fresh,True,6.1160226,7.797887,31.806086,44.859318
C:\Users\antoc\FreshOrRotten\data\raw\Lime_Fresh\IMG_20190902_103646_1.jpg,lime,fresh,0,test,0.062794685,fresh,True,2.6581595,0.37487552,6.543521,8.732716
C:\Users\antoc\FreshOrRotten\data\raw\Pomegranate_Fresh\20190820_153147_25522.jpg,pomegranate,fresh,0,test,0.04555072,fresh,True,3.2746928,0.55901575,21.680412,31.60189
C:\Users\antoc\FreshOrRotten\data\raw\Apple_Fresh\rotated_by_75_Screen Shot 2018-06-08 at 5.13.02 PM.jpg,apple,fresh,0,test,0.51205784,rotten,False,0.30249274,2.088388,-9.419976,28.829937
C:\Users\antoc\FreshOrRotten\data\raw\Guava_Rotten\IMG_20190822_080837.jpg,guava,rotten,1,test,0.691348,rotten,True,-1.4933511,-2.6974876,-16.862782,-13.603047
C:\Users\antoc\FreshOrRotten\data\raw\Tomato_Rotten\Copy of IMG_20200729_164231.jpg_0_9801.jpg,tomato,rotten,1,test,0.8078899,rotten,True,-1.9564068,-1.8174073,-25.198296,-41.303387
C:\Users\antoc\FreshOrRotten\data\raw\Kaki_Rotten\Image4079.jpg,kaki,rotten,1,test,0.96533924,rotten,True,-4.522008,-0.9589407,-37.052177,-24.331457
C:\Users\antoc\FreshOrRotten\data\raw\Banana_Rotten\rottenBanana (176)1.jpg,banana,rotten,1,test,0.99850345,rotten,True,-8.195443,3.393538,-53.18857,9.050267
C:\Users\antoc\FreshOrRotten\data\raw\Banana_Rotten\rotated_by_30_Screen Shot 2018-06-12 at 9.01.51 PM.jpg,banana,rotten,1,test,0.9935719,rotten,True,-6.570999,3.1050472,-50.825535,9.219347
C:\Users\antoc\FreshOrRotten\data\raw\Mango_Rotten\rottenMango (9).jpg,mango,rotten,1,test,0.8851991,rotten,True,-3.0896897,-2.585771,-22.567167,-9.990642
C:\Users\antoc\FreshOrRotten\data\raw\Apple_Fresh\freshApple (201)1.jpg,apple,fresh,0,test,0.064261936,fresh,True,2.8493068,-2.5450048,29.208023,-15.28193
C:\Users\antoc\FreshOrRotten\data\raw\Pomegranate_Fresh\20190820_152837(0).jpg,pomegranate,fresh,0,test,0.0039500627,fresh,True,6.096589,2.5790389,32.282402,24.782194
C:\Users\antoc\FreshOrRotten\data\raw\Guava_Fresh\FreshGuava (23).jpg,guava,fresh,0,test,0.09267393,fresh,True,4.5915422,-2.207231,47.805687,-15.742939
C:\Users\antoc\FreshOrRotten\data\raw\Mango_Rotten\rottenMango (113).jpg,mango,rotten,1,test,0.88383716,rotten,True,-2.5615673,-0.7516006,-14.297051,36.464718
C:\Users\antoc\FreshOrRotten\data\raw\Potato_Fresh\freshPotato (402).jpg,potato,fresh,0,test,0.107272424,fresh,True,2.07339,-0.27338105,6.7634053,1.6624174
C:\Users\antoc\FreshOrRotten\data\raw\Strawberry_Fresh\freshStrawberry (147)1.jpg,strawberry,fresh,0,test,0.019777443,fresh,True,4.1707344,1.2589586,23.48715,13.957114
C:\Users\antoc\FreshOrRotten\data\raw\Orange_Fresh\IMG_2118.JPG,orange,fresh,0,test,0.27071863,fresh,True,0.6598857,-4.168002,7.276608,-35.11932
C:\Users\antoc\FreshOrRotten\data\raw\Grapes_Fresh\FreshGrape (42)!.jpg,grapes,fresh,0,test,0.07703031,fresh,True,2.3510036,1.160051,1.2770807,11.533566
C:\Users\antoc\FreshOrRotten\data\raw\Apple_Fresh\20190809_122708.jpg,apple,fresh,0,test,0.24669147,fresh,True,1.8550185,-3.4133701,21.489416,-20.803633
C:\Users\antoc\FreshOrRotten\data\raw\Tomato_Fresh\freshTomato (247)1.jpg,tomato,fresh,0,test,0.3831759,fresh,True,-0.4117283,-4.1098456,-0.78991514,-36.49005
C:\Users\antoc\FreshOrRotten\data\raw\Bellpepper_Rotten\WhatsApp Image 2020-11-07 at 11.35.36 PM.jpg_0_4806.jpg,bellpepper,rotten,1,test,0.9745422,rotten,True,-5.039198,-1.0112776,-35.4821,-10.999086
C:\Users\antoc\FreshOrRotten\data\raw\Banana_Fresh\rotated_by_30_Screen Shot 2018-06-12 at 9.42.49 PM.jpg,banana,fresh,0,test,0.123872355,fresh,True,2.3809075,0.10711436,11.909959,18.860628
C:\Users\antoc\FreshOrRotten\data\raw\Pear_Rotten\Image103.jpg,pear,rotten,1,test,0.97784835,rotten,True,-5.44387,3.9386902,-42.69393,13.202845
C:\Users\antoc\FreshOrRotten\data\raw\Bellpepper_Rotten\WhatsApp Image 2020-11-07 at 11.35.36 PM.jpg_0_8713.jpg,bellpepper,rotten,1,test,0.98067415,rotten,True,-5.1283617,-0.5022531,-38.015068,-22.824554
C:\Users\antoc\FreshOrRotten\data\raw\Cucumber_Rotten\rottenCucumber (545)1.jpg,cucumber,rotten,1,test,0.9858985,rotten,True,-5.9771824,1.440174,-28.906609,37.101906
C:\Users\antoc\FreshOrRotten\data\raw\Guava_Rotten\IMG20200728185318.jpg,guava,rotten,1,test,0.49782073,fresh,False,2.0738966,-1.276629,17.473043,3.1773918
C:\Users\antoc\FreshOrRotten\data\raw\Banana_Fresh\Screen Shot 2018-06-12 at 9.51.29 PM.jpg,banana,fresh,0,test,0.035236537,fresh,True,3.8252342,-0.2666935,11.733328,1.2506104
C:\Users\antoc\FreshOrRotten\data\raw\Banana_Rotten\IMG_20190910_175330.jpg,banana,rotten,1,test,0.9954782,rotten,True,-7.0261993,1.5727706,-39.62284,22.616642
C:\Users\antoc\FreshOrRotten\data\raw\Apple_Fresh\Screen Shot 2018-06-08 at 5.17.34 PM.jpg,apple,fresh,0,test,0.16581263,fresh,True,2.0530672,4.2669125,4.9891267,63.109295
C:\Users\antoc\FreshOrRotten\data\raw\Bitter_Gourd_Fresh\bitter-gourd 1.jpg_0_5877.jpg,bitter_gourd,fresh,0,test,0.35425267,fresh,True,0.2876443,1.3400253,-3.9290907,11.384032
C:\Users\antoc\FreshOrRotten\data\raw\Kaki_Fresh\Image175.jpg,kaki,fresh,0,test,0.03806377,fresh,True,3.6128511,4.9631214,13.414891,45.098263
C:\Users\antoc\FreshOrRotten\data\raw\Pomegranate_Fresh\20190820_153435.jpg,pomegranate,fresh,0,test,0.0011552096,fresh,True,7.7642365,6.4066067,36.648724,40.442173
C:\Users\antoc\FreshOrRotten\data\raw\Apple_Rotten\IMG20200728181154.jpg,apple,rotten,1,test,0.53195566,rotten,True,0.8338389,-2.9207568,17.67512,0.70593905
C:\Users\antoc\FreshOrRotten\data\raw\Tomato_Rotten\Image777.jpg,tomato,rotten,1,test,0.99945074,rotten,True,-9.298285,4.303111,-41.464302,31.096891
C:\Users\antoc\FreshOrRotten\data\raw\Apple_Rotten\rotated_by_30_Screen Shot 2018-06-08 at 2.42.30 PM.jpg,apple,rotten,1,test,0.9155387,rotten,True,-3.3585596,-2.015581,-29.641348,-24.479628
C:\Users\antoc\FreshOrRotten\data\raw\Guava_Fresh\20190813_125704.jpg,guava,fresh,0,test,0.10106817,fresh,True,6.447191,-2.34765,54.41784,-17.274809
C:\Users\antoc\FreshOrRotten\data\raw\Orange_Rotten\rotated_by_15_Screen Shot 2018-06-12 at 11.33.00 PM.jpg,orange,rotten,1,test,0.7848151,rotten,True,-2.2530816,3.2280002,-45.560246,12.741283
C:\Users\antoc\FreshOrRotten\data\raw\Banana_Rotten\saltandpepper_Screen Shot 2018-06-12 at 9.11.52 PM.jpg,banana,rotten,1,test,0.99659556,rotten,True,-7.6576633,1.0729648,-41.13323,4.474295
C:\Users\antoc\FreshOrRotten\data\raw\Apple_Fresh\translation_Screen Shot 2018-06-08 at 5.05.06 PM.jpg,apple,fresh,0,test,0.11882937,fresh,True,2.2888372,4.0830564,9.048769,52.25291
C:\Users\antoc\FreshOrRotten\data\raw\Guava_Rotten\IMG_20190822_081235.jpg,guava,rotten,1,test,0.90087426,rotten,True,-3.231719,-2.6386383,-23.243578,-11.943344
C:\Users\antoc\FreshOrRotten\data\raw\Banana_Rotten\rotated_by_45_Screen Shot 2018-06-12 at 8.53.54 PM.jpg,banana,rotten,1,test,0.9788632,rotten,True,-5.08634,2.941293,-47.811874,10.463045
C:\Users\antoc\FreshOrRotten\data\raw\Bellpepper_Rotten\WhatsApp Image 2020-11-07 at 11.30.46 PM.jpeg_0_8397.jpg,bellpepper,rotten,1,test,0.31932154,fresh,False,0.6522556,0.36460927,4.4544077,-2.5510118
C:\Users\antoc\FreshOrRotten\data\raw\Orange_Rotten\IMG_20190824_174833_1.jpg,orange,rotten,1,test,0.6705994,rotten,True,-1.4039783,-2.1494567,-15.597256,-6.499053
C:\Users\antoc\FreshOrRotten\data\raw\Pomegranate_Fresh\20190820_150142.jpg,pomegranate,fresh,0,test,0.012758473,fresh,True,4.803448,1.3743153,24.895676,30.850061
C:\Users\antoc\FreshOrRotten\data\raw\Apple_Rotten\rotated_by_30_Screen Shot 2018-06-07 at 2.46.52 PM.jpg,apple,rotten,1,test,0.92515206,rotten,True,-3.3051548,-1.200011,-31.562183,-38.18305
C:\Users\antoc\FreshOrRotten\data\raw\Bellpepper_Rotten\WhatsApp Image 2020-11-07 at 11.30.47 PM (1).jpg_0_4853.jpg,bellpepper,rotten,1,test,0.0912613,fresh,False,2.6135874,-0.9690125,9.365966,-4.627254
C:\Users\antoc\FreshOrRotten\data\raw\Cucumber_Fresh\Image1459.jpg,cucumber,fresh,0,test,0.001119912,fresh,True,24.659855,4.8402905,59.13216,-23.12322
C:\Users\antoc\FreshOrRotten\data\raw\Tomato_Fresh\DSCN4068.jpg_0_6139.jpg,tomato,fresh,0,test,0.1216756,fresh,True,2.2103977,7.5737267,0.23999946,59.435337
C:\Users\antoc\FreshOrRotten\data\raw\Orange_Rotten\IMG_20190923_181716_1.jpg,orange,rotten,1,test,0.73297274,rotten,True,-1.8238821,-0.32064825,-11.047164,9.978386
C:\Users\antoc\FreshOrRotten\data\raw\Apple_Rotten\Screen Shot 2018-06-08 at 2.31.08 PM.jpg,apple,rotten,1,test,0.49170244,fresh,False,-0.553509,-3.8742447,-1.3331113,-26.13657
C:\Users\antoc\FreshOrRotten\data\raw\Banana_Fresh\Screen Shot 2018-06-12 at 9.52.37 PM.jpg,banana,fresh,0,test,0.3217064,fresh,True,0.6468045,-2.1246243,3.1264842,-9.900171
C:\Users\antoc\FreshOrRotten\data\raw\Guava_Rotten\IMG_20190822_080705_1.jpg,guava,rotten,1,test,0.73830277,rotten,True,-1.7935954,-2.2578347,-16.790808,-13.266555
C:\Users\antoc\FreshOrRotten\data\raw\Orange_Fresh\rotated_by_45_Screen Shot 2018-06-13 at 12.18.40 AM.jpg,orange,fresh,0,test,0.13567723,fresh,True,1.5574592,-3.8674545,19.163734,-43.634132
C:\Users\antoc\FreshOrRotten\data\raw\Carrot_Fresh\freshCarrot (57).jpg,carrot,fresh,0,test,0.30004954,fresh,True,-0.65150243,-3.8015447,-0.11007109,-44.992744
C:\Users\antoc\FreshOrRotten\data\raw\Pomegranate_Fresh\20190820_150828_24360.jpg,pomegranate,fresh,0,test,0.002113705,fresh,True,6.9909735,3.3451757,34.182472,31.285976
C:\Users\antoc\FreshOrRotten\data\raw\Apple_Rotten\RottenApple (99)!.jpg,apple,rotten,1,test,0.8802762,rotten,True,-2.5224032,-0.8521352,-13.75693,30.575304
C:\Users\antoc\FreshOrRotten\data\raw\Mango_Rotten\rottenMango (317).jpg,mango,rotten,1,test,0.20476197,fresh,False,1.3763711,-1.8385698,0.21117161,-8.647495
C:\Users\antoc\FreshOrRotten\data\raw\Apple_Fresh\20190809_115942.jpg,apple,fresh,0,test,0.05280404,fresh,True,3.1302257,-0.8290497,27.685259,-6.902404
C:\Users\antoc\FreshOrRotten\data\raw\Pomegranate_Fresh\IMG20200728181658_27227.jpg,pomegranate,fresh,0,test,0.28700462,fresh,True,0.51211315,4.5006537,-8.9009285,20.534182
C:\Users\antoc\FreshOrRotten\data\raw\Pomegranate_Fresh\20190820_151535_24715.jpg,pomegranate,fresh,0,test,0.007873953,fresh,True,5.6183205,1.436257,34.08224,20.711689
C:\Users\antoc\FreshOrRotten\data\raw\Carrot_Rotten\rottenCarrot (548).jpg,carrot,rotten,1,test,0.6572715,rotten,True,-2.683988,-3.5403938,-28.983097,-18.726383
C:\Users\antoc\FreshOrRotten\data\raw\Bellpepper_Fresh\IMG_20200826_172333.jpg_0_6989.jpg,bellpepper,fresh,0,test,0.050888363,fresh,True,3.6965966,-1.4013152,45.788574,-9.823874
C:\Users\antoc\FreshOrRotten\data\raw\Bellpepper_Rotten\WhatsApp Image 2020-11-07 at 11.30.47 PM.jpg_0_6077.jpg,bellpepper,rotten,1,test,0.3811872,fresh,False,0.38947055,-1.4515185,6.6392326,-7.10518
C:\Users\antoc\FreshOrRotten\data\raw\Bitter_Gourd_Rotten\IMG_20200824_182241.jpg_0_819.jpg,bitter_gourd,rotten,1,test,0.9857985,rotten,True,-5.508932,3.4780946,-48.93099,10.408549
C:\Users\antoc\FreshOrRotten\data\raw\Pomegranate_Fresh\IMG20200728182051.jpg,pomegranate,fresh,0,test,0.013191252,fresh,True,5.1170077,1.3158953,20.456846,2.5357645
C:\Users\antoc\FreshOrRotten\data\raw\Orange_Rotten\translation_Screen Shot 2018-06-12 at 11.29.31 PM.jpg,orange,rotten,1,test,0.8687982,rotten,True,-2.6350121,-2.3881092,-23.473158,-19.196981
C:\Users\antoc\FreshOrRotten\data\raw\Apple_Fresh\rotated_by_15_Screen Shot 2018-06-08 at 5.24.19 PM.jpg,apple,fresh,0,test,0.36447555,fresh,True,0.5901077,0.61547124,-26.135798,-49.960804
C:\Users\antoc\FreshOrRotten\data\raw\Banana_Rotten\saltandpepper_Screen Shot 2018-06-12 at 9.02.38 PM.jpg,banana,rotten,1,test,0.99655765,rotten,True,-7.5726557,1.1763207,-40.780655,4.7549834
C:\Users\antoc\FreshOrRotten\data\raw\Banana_Rotten\IMG_7998.JPG,banana,rotten,1,test,0.9979133,rotten,True,-7.810537,2.5699902,-39.489853,25.09297
C:\Users\antoc\FreshOrRotten\data\raw\Bellpepper_Rotten\rottenPepper (599)1.jpg,bellpepper,rotten,1,test,0.58577996,rotten,True,-1.4138536,-2.7213361,-13.920508,-43.616722
C:\Users\antoc\FreshOrRotten\data\raw\Watermelon_Fresh\Image41.jpg,watermelon,fresh,0,test,0.24097374,fresh,True,0.7483762,-4.2009163,6.705448,-35.9512
C:\Users\antoc\FreshOrRotten\data\raw\Potato_Rotten\rottenPotato (29).jpg,potato,rotten,1,test,0.7075529,rotten,True,-1.3308913,-3.7372959,-1.1896108,-20.235487
C:\Users\antoc\FreshOrRotten\data\raw\Apple_Fresh\IMG_9528.JPG,apple,fresh,0,test,0.10691731,fresh,True,2.3587084,-3.8024962,21.006187,-41.366283
C:\Users\antoc\FreshOrRotten\data\raw\Strawberry_Fresh\freshStrawberry (582)1.jpg,strawberry,fresh,0,test,0.4507964,fresh,True,-0.5961624,-3.4442015,-9.48013,-35.6598
C:\Users\antoc\FreshOrRotten\data\raw\Orange_Rotten\rottenOrange (568)1.jpg,orange,rotten,1,test,0.23861395,fresh,False,0.78217745,-0.08193064,-0.8855267,6.870044
C:\Users\antoc\FreshOrRotten\data\raw\Lime_Fresh\IMG_20190902_102455_1.jpg,lime,fresh,0,test,0.00511669,fresh,True,5.8259997,2.160997,30.911207,17.062223
C:\Users\antoc\FreshOrRotten\data\raw\Tomato_Fresh\tomato1_19.jpg_0_5023.jpg,tomato,fresh,0,test,0.04452647,fresh,True,3.6117492,6.5128965,14.027127,53.691925
C:\Users\antoc\FreshOrRotten\data\raw\Cucumber_Rotten\rottenCucumber (356)1.jpg,cucumber,rotten,1,test,0.13188815,fresh,False,3.3306837,-2.7652106,49.182907,-10.813588
C:\Users\antoc\FreshOrRotten\data\raw\Apple_Fresh\freshApple (202)1.jpg,apple,fresh,0,test,0.050842922,fresh,True,3.0643368,-2.3715458,29.256596,-15.296763
C:\Users\antoc\FreshOrRotten\data\raw\Tomato_Fresh\freshTomato (13)1.jpg,tomato,fresh,0,test,0.47442675,fresh,True,-1.0454106,-3.8741784,-3.638277,-39.990417
C:\Users\antoc\FreshOrRotten\data\raw\Orange_Rotten\rotated_by_30_Screen Shot 2018-06-12 at 11.29.03 PM.jpg,orange,rotten,1,test,0.20193078,fresh,False,1.7582427,-1.9052877,17.827826,-32.967854
C:\Users\antoc\FreshOrRotten\data\raw\Peach_Fresh\Image425.jpg,peach,fresh,0,test,0.07674526,fresh,True,2.9771128,-2.5361688,32.47697,-38.22713
C:\Users\antoc\FreshOrRotten\data\raw\Strawberry_Rotten\RottenStrawberry (44)!.jpg,strawberry,rotten,1,test,0.9288054,rotten,True,-4.3811774,0.5630582,-26.967459,38.302563
C:\Users\antoc\FreshOrRotten\data\raw\Bellpepper_Fresh\freshPepper (250)1.jpg,bellpepper,fresh,0,test,0.41205275,fresh,True,-0.36400935,-3.6572654,-3.4676552,-35.925995
C:\Users\antoc\FreshOrRotten\data\raw\Strawberry_Rotten\rottenStrawberry (528)1.jpg,strawberry,rotten,1,test,0.95051956,rotten,True,-3.9776464,-0.23524414,-21.714922,26.106155
C:\Users\antoc\FreshOrRotten\data\raw\Bellpepper_Rotten\rottenPepper (157)1.jpg,bellpepper,rotten,1,test,0.5221018,rotten,True,-0.6957408,-3.2833593,-3.9238207,-27.814661
C:\Users\antoc\FreshOrRotten\data\raw\Strawberry_Rotten\rottenStrawberry (453)1.jpg,strawberry,rotten,1,test,0.8443454,rotten,True,-2.6174011,-2.3574536,-11.502094,-15.47498
C:\Users\antoc\FreshOrRotten\data\raw\Lime_Rotten\IMG_7269.JPG,lime,rotten,1,test,0.55939084,rotten,True,-0.8295307,-2.9488149,1.3804511,-17.745438
C:\Users\antoc\FreshOrRotten\data\raw\Apple_Rotten\IMG_20190910_171807.jpg,apple,rotten,1,test,0.92874503,rotten,True,-3.1708152,0.39004394,-20.80607,34.221714
C:\Users\antoc\FreshOrRotten\data\raw\Pomegranate_Rotten\IMG_20190829_071901.jpg,pomegranate,rotten,1,test,0.7565452,rotten,True,-1.3289256,3.6439404,-21.931435,42.47919
C:\Users\antoc\FreshOrRotten\data\raw\Tomato_Rotten\Image103.jpg,tomato,rotten,1,test,0.9904636,rotten,True,-5.7847447,1.5192456,-30.338964,23.322798
C:\Users\antoc\FreshOrRotten\data\raw\Papaya_Rotten\Image2039.jpg,papaya,rotten,1,test,0.99329364,rotten,True,-6.8030653,-0.16295043,-46.99936,-10.258056
C:\Users\antoc\FreshOrRotten\data\raw\Orange_Rotten\rotated_by_15_Screen Shot 2018-06-12 at 11.37.45 PM.jpg,orange,rotten,1,test,0.9936069,rotten,True,-6.7760735,-0.06766796,-40.352875,-1.4883131
C:\Users\antoc\FreshOrRotten\data\raw\Apple_Rotten\vertical_flip_Screen Shot 2018-06-07 at 2.40.28 PM.jpg,apple,rotten,1,test,0.99460053,rotten,True,-6.877804,1.6801974,-33.35108,20.458609
C:\Users\antoc\FreshOrRotten\data\raw\Orange_Fresh\rotated_by_60_Screen Shot 2018-06-12 at 11.51.02 PM.jpg,orange,fresh,0,test,0.14519125,fresh,True,1.6258171,-3.921806,20.050373,-42.94225
C:\Users\antoc\FreshOrRotten\data\raw\Pomegranate_Fresh\20190820_150526_24189.jpg,pomegranate,fresh,0,test,0.0064071566,fresh,True,5.71092,5.245455,30.952454,38.97278
C:\Users\antoc\FreshOrRotten\data\raw\Pomegranate_Rotten\IMG_20190829_072236.jpg,pomegranate,rotten,1,test,0.9765514,rotten,True,-4.693398,0.9207835,-23.684795,30.574295
C:\Users\antoc\FreshOrRotten\data\raw\Tomato_Fresh\freshTomato (304)1.jpg,tomato,fresh,0,test,0.35372055,fresh,True,-0.8349065,-4.186387,-2.869639,-41.15539
C:\Users\antoc\FreshOrRotten\data\raw\Apple_Rotten\rotated_by_30_Screen Shot 2018-06-07 at 2.24.59 PM.jpg,apple,rotten,1,test,0.93744695,rotten,True,-3.2590733,-0.62596136,-31.339834,-45.093235
C:\Users\antoc\FreshOrRotten\data\raw\Tomato_Rotten\DSCN4171.jpg_0_7296.jpg,tomato,rotten,1,test,0.3276719,fresh,False,0.5900497,9.148309,-0.90709317,60.923225
C:\Users\antoc\FreshOrRotten\data\raw\Orange_Fresh\FreshOrange (91)!.jpg,orange,fresh,0,test,0.90125465,rotten,False,-3.7049327,-2.289795,-34.95623,-22.221338
C:\Users\antoc\FreshOrRotten\data\raw\Bellpepper_Rotten\WhatsApp Image 2020-11-07 at 11.30.47 PM.jpg_0_2135.jpg,bellpepper,rotten,1,test,0.79401183,rotten,True,-1.9130424,-2.4299726,-16.596424,-19.499159
C:\Users\antoc\FreshOrRotten\data\raw\Orange_Fresh\IMG_2451.JPG,orange,fresh,0,test,0.17800075,fresh,True,1.8112947,-2.2687678,18.062756,-12.31968
C:\Users\antoc\FreshOrRotten\data\raw\Potato_Fresh\freshPotato (63).jpg,potato,fresh,0,test,0.9837884,rotten,False,-5.69977,-0.555356,-34.122776,-1.143183
C:\Users\antoc\FreshOrRotten\data\raw\Apple_Rotten\IMG_20190824_175537_1.jpg,apple,rotten,1,test,0.3633812,fresh,False,0.02432576,-4.137118,2.2187014,-32.79987
C:\Users\antoc\FreshOrRotten\data\raw\Kaki_Fresh\Image1063.jpg,kaki,fresh,0,test,0.08055748,fresh,True,2.5302696,5.263238,11.40844,48.520435
C:\Users\antoc\FreshOrRotten\data\raw\Tomato_Rotten\rottenTomato (81)1.jpg,tomato,rotten,1,test,0.6941863,rotten,True,-1.3479615,-1.9296393,-23.723001,-38.20999
C:\Users\antoc\FreshOrRotten\data\raw\Tomato_Rotten\Copy of IMG_20200802_134642.jpg_0_599.jpg,tomato,rotten,1,test,0.56889087,rotten,True,-0.68008727,-2.968904,-18.950136,-39.131912
C:\Users\antoc\FreshOrRotten\data\raw\Guava_Fresh\IMG_8701.JPG,guava,fresh,0,test,0.01922006,fresh,True,4.3407245,-0.16944796,32.753757,3.1818423
C:\Users\antoc\FreshOrRotten\data\raw\Bellpepper_Rotten\WhatsApp Image 2020-11-07 at 11.35.37 PM.jpg_0_316.jpg,bellpepper,rotten,1,test,0.95289814,rotten,True,-4.245794,-2.0142982,-28.269936,-8.329787
C:\Users\antoc\FreshOrRotten\data\raw\Kaki_Fresh\Image213.jpg,kaki,fresh,0,test,0.03286706,fresh,True,3.7835014,5.229969,13.540727,45.585556
C:\Users\antoc\FreshOrRotten\data\raw\Banana_Rotten\rotated_by_60_Screen Shot 2018-06-12 at 9.05.52 PM.jpg,banana,rotten,1,test,0.8303086,rotten,True,-2.0102592,6.1160555,-2.3592901,59.555046
C:\Users\antoc\FreshOrRotten\data\raw\Orange_Rotten\IMG_20190824_175031.jpg,orange,rotten,1,test,0.8245923,rotten,True,-2.663331,-1.9699224,-22.894085,5.4386425
C:\Users\antoc\FreshOrRotten\data\raw\Bellpepper_Rotten\Image2155.jpg,bellpepper,rotten,1,test,0.9978011,rotten,True,-7.707115,2.511373,-35.164692,25.208582
C:\Users\antoc\FreshOrRotten\data\raw\Apple_Rotten\rotated_by_30_Screen Shot 2018-06-07 at 2.34.49 PM.jpg,apple,rotten,1,test,0.5124557,rotten,True,-0.25280526,3.300054,5.9357133,51.59509
C:\Users\antoc\FreshOrRotten\data\raw\Banana_Fresh\IMG_8755.JPG,banana,fresh,0,test,0.058321647,fresh,True,3.0176458,-1.1143061,25.831514,-8.541996
C:\Users\antoc\FreshOrRotten\data\raw\Orange_Rotten\IMG_20190923_182245_1.jpg,orange,rotten,1,test,0.70917606,rotten,True,-1.7983925,-1.3751096,-7.7310915,5.7578263
C:\Users\antoc\FreshOrRotten\data\raw\Orange_Rotten\IMG_20190923_175626.jpg,orange,rotten,1,test,0.52859944,rotten,True,-0.98326975,1.7455409,-8.451595,11.299337
C:\Users\antoc\FreshOrRotten\data\raw\Bellpepper_Rotten\rottenPepper (261)1.jpg,bellpepper,rotten,1,test,0.7252656,rotten,True,-1.341594,-1.7443604,-22.980282,-44.232826
C:\Users\antoc\FreshOrRotten\data\raw\Banana_Rotten\RottenBanana (139)!.jpg,banana,rotten,1,test,0.96993345,rotten,True,-4.9302263,-0.89593023,-32.180542,0.26741168
C:\Users\antoc\FreshOrRotten\data\raw\Bellpepper_Rotten\IMG_20200901_181735.jpg_0_752.jpg,bellpepper,rotten,1,test,0.59486014,rotten,True,-0.8116704,-3.7885346,-2.078636,-18.448008
C:\Users\antoc\FreshOrRotten\data\raw\Pomegranate_Fresh\20190820_153647_25934.jpg,pomegranate,fresh,0,test,0.0035090647,fresh,True,6.335897,3.0944643,32.837982,30.594141
C:\Users\antoc\FreshOrRotten\data\raw\Pomegranate_Rotten\IMG_20190829_071607.jpg,pomegranate,rotten,1,test,0.9672231,rotten,True,-4.1111693,6.3126283,-23.932268,44.741734
C:\Users\antoc\FreshOrRotten\data\raw\Mango_Rotten\rottenMango (428).jpg,mango,rotten,1,test,0.57995844,rotten,True,-0.9177245,-3.5916548,-7.1213374,-20.313192
C:\Users\antoc\FreshOrRotten\data\raw\Potato_Fresh\freshPotato (337).jpg,potato,fresh,0,test,0.19799383,fresh,True,1.1896899,-0.8386818,6.3382707,0.591106
C:\Users\antoc\FreshOrRotten\data\raw\Pomegranate_Fresh\20190820_150629_24251.jpg,pomegranate,fresh,0,test,0.05756271,fresh,True,2.7266188,2.7417827,20.413378,19.839054
C:\Users\antoc\FreshOrRotten\data\raw\Peach_Rotten\Image3861.jpg,peach,rotten,1,test,0.41493335,fresh,False,0.061967652,-2.5841649,-8.590481,-7.143066
C:\Users\antoc\FreshOrRotten\data\raw\Banana_Rotten\Image1015.jpg,banana,rotten,1,test,0.99941576,rotten,True,-9.4435,6.4604235,-46.91816,28.328957
C:\Users\antoc\FreshOrRotten\data\raw\Orange_Fresh\vertical_flip_Screen Shot 2018-06-13 at 12.11.57 AM.jpg,orange,fresh,0,test,0.11532291,fresh,True,1.9154239,-3.3595448,18.831707,-40.743103
C:\Users\antoc\FreshOrRotten\data\raw\Jujube_Rotten\RottenJujube (181).jpg,jujube,rotten,1,test,0.6348757,rotten,True,-1.3029639,-3.378076,-9.538576,-23.337055
C:\Users\antoc\FreshOrRotten\data\raw\Banana_Rotten\translation_Screen Shot 2018-06-12 at 9.12.57 PM.jpg,banana,rotten,1,test,0.9999914,rotten,True,-13.782633,8.858963,-58.77973,11.458292
C:\Users\antoc\FreshOrRotten\data\raw\Orange_Fresh\rotated_by_45_Screen Shot 2018-06-13 at 12.15.39 AM.jpg,orange,fresh,0,test,0.11066002,fresh,True,2.4390025,-3.6582022,23.07609,-41.477066
C:\Users\antoc\FreshOrRotten\data\raw\Guava_Fresh\20190813_130453.jpg,guava,fresh,0,test,0.025608696,fresh,True,4.6662016,-0.39538592,36.43162,3.929091
C:\Users\antoc\FreshOrRotten\data\raw\Peach_Rotten\Image4363.jpg,peach,rotten,1,test,0.8024182,rotten,True,-2.1620843,-1.7873174,-12.401085,-5.4172044
C:\Users\antoc\FreshOrRotten\data\raw\Tomato_Rotten\Copy of IMG_20200730_170235.jpg_0_4981.jpg,tomato,rotten,1,test,0.8270146,rotten,True,-1.960849,-1.4803272,-25.986813,-44.479427
C:\Users\antoc\FreshOrRotten\data\raw\Bitter_Gourd_Fresh\IMG_20200822_223831.jpg_0_72.jpg,bitter_gourd,fresh,0,test,0.035802532,fresh,True,3.5097232,-0.20056942,26.730871,6.9763436
C:\Users\antoc\FreshOrRotten\data\raw\Pomegranate_Fresh\FreshPomegranate (137)!.jpg,pomegranate,fresh,0,test,0.4831188,fresh,True,-0.05826536,-1.9391905,-20.402403,-44.03209
C:\Users\antoc\FreshOrRotten\data\raw\Bellpepper_Rotten\Image2373.jpg,bellpepper,rotten,1,test,0.99775946,rotten,True,-7.5518384,2.8184714,-36.342545,29.04418
C:\Users\antoc\FreshOrRotten\data\raw\Orange_Rotten\IMG_20190824_175024.jpg,orange,rotten,1,test,0.666725,rotten,True,-1.5018232,-2.9091191,-14.954979,-6.960018
C:\Users\antoc\FreshOrRotten\data\raw\Guava_Rotten\IMG_20190822_083840_1.jpg,guava,rotten,1,test,0.8512224,rotten,True,-2.630703,-3.00721,-20.774351,-14.103943
C:\Users\antoc\FreshOrRotten\data\raw\Orange_Fresh\vertical_flip_Screen Shot 2018-06-12 at 11.52.51 PM.jpg,orange,fresh,0,test,0.05998562,fresh,True,2.1424112,-4.110363,20.226854,-46.957584
C:\Users\antoc\FreshOrRotten\data\raw\Pomegranate_Fresh\20190820_153629_25889.jpg,pomegranate,fresh,0,test,0.005010959,fresh,True,5.8913784,2.3401172,32.763702,28.378212
C:\Users\antoc\FreshOrRotten\data\raw\Pomegranate_Rotten\IMG_20190822_084658.jpg,pomegranate,rotten,1,test,0.7833789,rotten,True,-1.7566128,-0.754467,-13.983889,29.449377
C:\Users\antoc\FreshOrRotten\data\raw\Potato_Fresh\freshPotato (383).jpg,potato,fresh,0,test,0.22889625,fresh,True,1.0552723,-1.6799105,17.388739,-17.429628
C:\Users\antoc\FreshOrRotten\data\raw\Apple_Fresh\rotated_by_60_Screen Shot 2018-06-08 at 5.10.43 PM.jpg,apple,fresh,0,test,0.02214334,fresh,True,4.6649685,9.716335,16.275951,57.244705
C:\Users\antoc\FreshOrRotten\data\raw\Peach_Rotten\Image4123.jpg,peach,rotten,1,test,0.5388132,rotten,True,-0.58863217,-2.2334638,-9.756015,-6.3628626
C:\Users\antoc\FreshOrRotten\data\raw\Pear_Fresh\Image945.jpg,pear,fresh,0,test,0.12337971,fresh,True,1.7423565,0.16037482,3.9768372,9.941379
C:\Users\antoc\FreshOrRotten\data\raw\Bellpepper_Fresh\freshPepper (383)1.jpg,bellpepper,fresh,0,test,0.1558321,fresh,True,1.3179479,-3.7342696,12.568526,-40.605602
C:\Users\antoc\FreshOrRotten\data\raw\Pomegranate_Fresh\20190820_145557_23677.jpg,pomegranate,fresh,0,test,0.0028926518,fresh,True,6.6887565,6.404184,33.336678,41.638817
C:\Users\antoc\FreshOrRotten\data\raw\Guava_Rotten\IMG_20190824_180135_1.jpg,guava,rotten,1,test,0.9982292,rotten,True,-7.9405766,2.7131279,-35.48773,31.022943
C:\Users\antoc\FreshOrRotten\data\raw\Bellpepper_Rotten\IMG_20200901_181743.jpg_0_4367.jpg,bellpepper,rotten,1,test,0.3653434,fresh,False,2.2538862,-3.7762842,49.353165,-12.09
C:\Users\antoc\FreshOrRotten\data\raw\Apple_Rotten\rotated_by_30_Screen Shot 2018-06-08 at 2.21.33 PM.jpg,apple,rotten,1,test,0.97785896,rotten,True,-4.86522,-0.014673772,-50.334248,1.4593877
C:\Users\antoc\FreshOrRotten\data\raw\Bellpepper_Rotten\WhatsApp Image 2020-11-07 at 11.35.36 PM.jpeg_0_6315.jpg,bellpepper,rotten,1,test,0.96584785,rotten,True,-4.6487684,-0.9431744,-34.812683,-10.094012
C:\Users\antoc\FreshOrRotten\data\raw\Lime_Fresh\IMG20200728191243.jpg,lime,fresh,0,test,0.060804695,fresh,True,2.7526941,0.08963978,4.486773,7.2110567
C:\Users\antoc\FreshOrRotten\data\raw\Banana_Rotten\translation_Screen Shot 2018-06-12 at 9.16.20 PM.jpg,banana,rotten,1,test,0.9999198,rotten,True,-11.521488,5.5141926,-57.77757,10.792667
C:\Users\antoc\FreshOrRotten\data\raw\Bellpepper_Fresh\freshPepper (16)1.jpg,bellpepper,fresh,0,test,0.56605613,rotten,False,-0.74106187,-2.6597447,-18.785738,-39.722645
C:\Users\antoc\FreshOrRotten\data\raw\Papaya_Rotten\Image1655.jpg,papaya,rotten,1,test,0.9862477,rotten,True,-5.8335247,-0.7059026,-47.9754,-11.865174
C:\Users\antoc\FreshOrRotten\data\raw\Peach_Fresh\Image903.jpg,peach,fresh,0,test,0.104440026,fresh,True,2.53431,-2.566859,32.821507,-37.172924
C:\Users\antoc\FreshOrRotten\data\raw\Peach_Rotten\Image4461.jpg,peach,rotten,1,test,0.9202095,rotten,True,-3.5472307,-1.642386,-25.910501,-6.5860615
C:\Users\antoc\FreshOrRotten\data\raw\Bellpepper_Rotten\WhatsApp Image 2020-11-07 at 11.35.36 PM(1).jpeg_0_3744.jpg,bellpepper,rotten,1,test,0.88402903,rotten,True,-2.8569355,-2.0675662,-33.06162,-12.703572
C:\Users\antoc\FreshOrRotten\data\raw\Grape_Rotten\Image1379.jpg,grape,rotten,1,test,0.9991553,rotten,True,-10.490404,2.5764797,-64.96502,5.6918955
C:\Users\antoc\FreshOrRotten\data\raw\Pomegranate_Rotten\RottenPomegranate (85)!.jpg,pomegranate,rotten,1,test,0.7519828,rotten,True,-1.2707447,2.1954083,-10.331728,28.579288
C:\Users\antoc\FreshOrRotten\data\raw\Mango_Rotten\rottenMango (200).jpg,mango,rotten,1,test,0.53968656,rotten,True,-0.73750305,-2.5691323,-16.130743,-45.092102
C:\Users\antoc\FreshOrRotten\data\raw\Apple_Fresh\rotated_by_75_Screen Shot 2018-06-08 at 5.29.18 PM.jpg,apple,fresh,0,test,0.013298447,fresh,True,4.956112,1.9302564,12.500447,23.537886
C:\Users\antoc\FreshOrRotten\data\raw\Apple_Rotten\rotated_by_75_Screen Shot 2018-06-08 at 2.37.03 PM.jpg,apple,rotten,1,test,0.79650617,rotten,True,-1.6891091,-1.1274555,-27.948902,-43.37094
C:\Users\antoc\FreshOrRotten\data\raw\Pomegranate_Fresh\20190820_150518.jpg,pomegranate,fresh,0,test,0.11234043,fresh,True,2.04472,-2.9376333,24.270645,-18.872612
C:\Users\antoc\FreshOrRotten\data\raw\Apple_Rotten\IMG_20190910_171632.jpg,apple,rotten,1,test,0.49692106,fresh,False,0.33299038,3.3377304,-20.406054,41.106102
C:\Users\antoc\FreshOrRotten\data\raw\Strawberry_Fresh\freshStrawberry (339)1.jpg,strawberry,fresh,0,test,0.47209752,fresh,True,-0.74333256,-2.5694857,-15.175452,-45.25165
C:\Users\antoc\FreshOrRotten\data\raw\Apple_Rotten\rotated_by_60_Screen Shot 2018-06-08 at 2.34.42 PM.jpg,apple,rotten,1,test,0.75527567,rotten,True,-1.5705118,-3.349828,-20.549585,-23.055208
C:\Users\antoc\FreshOrRotten\data\raw\Pomegranate_Fresh\20190820_153346_25692.jpg,pomegranate,fresh,0,test,0.0007765342,fresh,True,8.140163,5.9513526,37.960037,38.42482
C:\Users\antoc\FreshOrRotten\data\raw\Banana_Rotten\IMG_20190910_175756_1.jpg,banana,rotten,1,test,0.99685824,rotten,True,-7.5011435,1.8630499,-40.42235,22.810183
C:\Users\antoc\FreshOrRotten\data\raw\Peach_Fresh\Image29.jpg,peach,fresh,0,test,0.047610927,fresh,True,3.621076,-2.3850005,31.350508,-39.470646
C:\Users\antoc\FreshOrRotten\data\raw\Apple_Fresh\rotated_by_60_Screen Shot 2018-06-08 at 5.06.23 PM.jpg,apple,fresh,0,test,0.011900771,fresh,True,5.202914,2.3812642,12.190202,23.770355
C:\Users\antoc\FreshOrRotten\data\raw\Pomegranate_Fresh\IMG20200728182307_27609.jpg,pomegranate,fresh,0,test,0.024309795,fresh,True,4.050519,1.4071819,26.060488,8.889323
C:\Users\antoc\FreshOrRotten\data\raw\Orange_Fresh\translation_Screen Shot 2018-06-13 at 12.14.18 AM.jpg,orange,fresh,0,test,0.06644643,fresh,True,3.3803406,-2.6167355,28.589033,-43.20171
C:\Users\antoc\FreshOrRotten\data\raw\Banana_Rotten\RottenBanana (101)!.jpg,banana,rotten,1,test,0.99957746,rotten,True,-9.65066,4.328191,-41.250362,32.33184
C:\Users\antoc\FreshOrRotten\data\raw\Tomato_Rotten\rottenTomato (332)1.jpg,tomato,rotten,1,test,0.91225886,rotten,True,-3.5424345,-0.600523,-27.067625,3.241782
C:\Users\antoc\FreshOrRotten\data\raw\Apple_Fresh\rotated_by_30_Screen Shot 2018-06-08 at 4.59.44 PM.jpg,apple,fresh,0,test,0.03394094,fresh,True,4.7799287,0.07067588,42.2964,-7.3611045
C:\Users\antoc\FreshOrRotten\data\raw\Apple_Fresh\vertical_flip_Screen Shot 2018-06-08 at 5.18.16 PM.jpg,apple,fresh,0,test,0.16244452,fresh,True,1.7384686,-1.4967315,15.916467,-29.567583
C:\Users\antoc\FreshOrRotten\data\raw\Orange_Rotten\rotated_by_30_Screen Shot 2018-06-12 at 11.30.35 PM.jpg,orange,rotten,1,test,0.98820925,rotten,True,-5.7606597,0.21465284,-48.441036,3.3564367
C:\Users\antoc\FreshOrRotten\data\raw\Pomegranate_Fresh\FreshPomegranate (80)!.jpg,pomegranate,fresh,0,test,0.6931715,rotten,False,-1.1938969,-2.241225,-24.405596,-44.977158
C:\Users\antoc\FreshOrRotten\data\raw\Orange_Rotten\IMG_20190824_174908.jpg,orange,rotten,1,test,0.9435487,rotten,True,-4.0998163,-1.1475796,-25.576294,5.4509706
C:\Users\antoc\FreshOrRotten\data\raw\Pear_Fresh\Image821.jpg,pear,fresh,0,test,0.06383936,fresh,True,2.652382,0.1233961,6.2132707,9.491171
C:\Users\antoc\FreshOrRotten\data\raw\Orange_Rotten\IMG_20190923_175525.jpg,orange,rotten,1,test,0.8578982,rotten,True,-2.8402889,-1.6986003,-22.97499,2.9874876
C:\Users\antoc\FreshOrRotten\data\raw\Mango_Rotten\rottenMango (213).jpg,mango,rotten,1,test,0.56230736,rotten,True,-0.8641907,-2.7225008,-15.667964,0.90111613
C:\Users\antoc\FreshOrRotten\data\raw\Banana_Fresh\vertical_flip_Screen Shot 2018-06-12 at 10.07.52 PM.jpg,banana,fresh,0,test,0.08443202,fresh,True,2.6879735,-1.4989235,18.863464,-9.784313
C:\Users\antoc\FreshOrRotten\data\raw\Orange_Rotten\rotated_by_60_Screen Shot 2018-06-12 at 11.36.53 PM.jpg,orange,rotten,1,test,0.86013144,rotten,True,-2.8444753,3.745335,-45.915657,12.610308
C:\Users\antoc\FreshOrRotten\data\raw\Guava_Fresh\FreshGuava (118).jpg,guava,fresh,0,test,0.06944898,fresh,True,2.9088383,-2.2782025,35.159504,-12.28978
C:\Users\antoc\FreshOrRotten\data\raw\Bellpepper_Rotten\Image1867.jpg,bellpepper,rotten,1,test,0.9936573,rotten,True,-6.4141054,1.4286759,-31.42742,21.855259
C:\Users\antoc\FreshOrRotten\data\raw\Carrot_Rotten\rottenCarrot (557).jpg,carrot,rotten,1,test,0.5723839,rotten,True,-1.2363732,-2.800462,-13.951201,-43.02978
C:\Users\antoc\FreshOrRotten\data\raw\Apple_Rotten\rotated_by_15_Screen Shot 2018-06-08 at 2.51.09 PM.jpg,apple,rotten,1,test,0.99933904,rotten,True,-9.5098095,2.1471496,-59.0268,7.1656923
C:\Users\antoc\FreshOrRotten\data\raw\Bellpepper_Rotten\Image2115.jpg,bellpepper,rotten,1,test,0.99736303,rotten,True,-7.4705067,2.345664,-34.534477,25.094387
C:\Users\antoc\FreshOrRotten\data\raw\Pomegranate_Fresh\IMG20200728125424.jpg,pomegranate,fresh,0,test,0.03178733,fresh,True,10.221813,-1.1513847,55.531437,-21.171587
C:\Users\antoc\FreshOrRotten\data\raw\Banana_Fresh\IMG_8696.JPG,banana,fresh,0,test,0.06862279,fresh,True,2.8168585,-1.51631,29.146538,-7.4524236
C:\Users\antoc\FreshOrRotten\data\raw\Papaya_Fresh\Image73.jpg,papaya,fresh,0,test,0.024286937,fresh,True,5.79146,-1.6553342,46.609356,-20.73679
C:\Users\antoc\FreshOrRotten\data\raw\Pomegranate_Fresh\20190820_154121_26292.jpg,pomegranate,fresh,0,test,0.015270655,fresh,True,4.7314005,3.9850588,28.104935,36.694157
C:\Users\antoc\FreshOrRotten\data\raw\Orange_Fresh\rotated_by_30_Screen Shot 2018-06-13 at 12.18.52 AM.jpg,orange,fresh,0,test,0.03603879,fresh,True,3.0894465,-3.9268022,21.950792,-46.90813
C:\Users\antoc\FreshOrRotten\data\raw\Pomegranate_Fresh\20190820_144034_23131.jpg,pomegranate,fresh,0,test,0.006398923,fresh,True,5.616564,1.9982586,31.79479,21.9539
C:\Users\antoc\FreshOrRotten\data\raw\Kaki_Rotten\Image3635.jpg,kaki,rotten,1,test,0.9072148,rotten,True,-3.196145,-0.46870163,-36.814743,-28.960608
C:\Users\antoc\FreshOrRotten\data\raw\Cucumber_Rotten\rottenCucumber (368)1.JPG,cucumber,rotten,1,test,0.82010394,rotten,True,-2.6388736,2.7028732,-40.091434,13.146897
C:\Users\antoc\FreshOrRotten\data\raw\Orange_Fresh\translation_Screen Shot 2018-06-12 at 11.53.43 PM.jpg,orange,fresh,0,test,0.5931151,rotten,False,-1.2043993,-2.601914,-12.756152,-39.841118
C:\Users\antoc\FreshOrRotten\data\raw\Tomato_Fresh\tomato1_15.jpg_0_6678.jpg,tomato,fresh,0,test,0.047365334,fresh,True,3.5141263,6.6442633,14.114228,53.75228
C:\Users\antoc\FreshOrRotten\data\raw\Orange_Rotten\IMG_20190923_181800.jpg,orange,rotten,1,test,0.79109323,rotten,True,-2.3243642,0.48260704,-11.029969,10.573533
C:\Users\antoc\FreshOrRotten\data\raw\Banana_Rotten\translation_Screen Shot 2018-06-12 at 9.14.48 PM.jpg,banana,rotten,1,test,0.8162434,rotten,True,-2.2108612,-0.13957557,-10.677427,2.5646665
C:\Users\antoc\FreshOrRotten\data\raw\Orange_Rotten\vertical_flip_Screen Shot 2018-06-12 at 11.27.38 PM.jpg,orange,rotten,1,test,0.9708029,rotten,True,-4.9751024,-1.1161932,-32.504448,-0.9779935
C:\Users\antoc\FreshOrRotten\data\raw\Tomato_Rotten\rottenTomato (24)1.jpg,tomato,rotten,1,test,0.9885252,rotten,True,-5.617217,1.0702386,-30.086966,22.723375
C:\Users\antoc\FreshOrRotten\data\raw\Grapes_Fresh\FreshGrape (128)!.jpg,grapes,fresh,0,test,0.30551758,fresh,True,0.6337771,-3.2886004,12.645643,-19.585804
C:\Users\antoc\FreshOrRotten\data\raw\Strawberry_Fresh\freshStrawberry (313)1.jpg,strawberry,fresh,0,test,0.45506752,fresh,True,-0.7411689,-2.6784325,-14.988439,-45.121788
C:\Users\antoc\FreshOrRotten\data\raw\Potato_Rotten\rottenPotato (193).jpg,potato,rotten,1,test,0.5318747,rotten,True,-0.9712083,-3.7014294,-3.8353908,-31.804451
C:\Users\antoc\FreshOrRotten\data\raw\Bitter_Gourd_Fresh\IMG_20200822_223840.jpg_0_2894.jpg,bitter_gourd,fresh,0,test,0.013195132,fresh,True,4.5989895,0.5122894,30.327988,7.9467635
C:\Users\antoc\FreshOrRotten\data\raw\Orange_Rotten\rotated_by_60_Screen Shot 2018-06-12 at 11.21.40 PM.jpg,orange,rotten,1,test,0.984554,rotten,True,-5.33804,1.0192488,-49.614777,3.608032
C:\Users\antoc\FreshOrRotten\data\raw\Banana_Fresh\Screen Shot 2018-06-12 at 9.55.33 PM.jpg,banana,fresh,0,test,0.039974198,fresh,True,3.1898422,2.1990385,14.178521,14.217289
C:\Users\antoc\FreshOrRotten\data\raw\Guava_Fresh\IMG_8555.JPG,guava,fresh,0,test,0.011123696,fresh,True,5.144529,1.8606062,42.275993,14.429147
C:\Users\antoc\FreshOrRotten\data\raw\Tomato_Rotten\Copy of IMG_20200727_223213.jpg_0_3572.jpg,tomato,rotten,1,test,0.7863489,rotten,True,-1.7233016,-1.8021665,-25.310884,-44.751896
C:\Users\antoc\FreshOrRotten\data\raw\Pomegranate_Fresh\IMG20200728182056_27392.jpg,pomegranate,fresh,0,test,0.019547485,fresh,True,3.93171,2.3983,25.663609,18.8639
C:\Users\antoc\FreshOrRotten\data\raw\Orange_Fresh\translation_Screen Shot 2018-06-12 at 11.57.37 PM.jpg,orange,fresh,0,test,0.20086767,fresh,True,1.1035655,-3.573682,17.682226,-42.274273
C:\Users\antoc\FreshOrRotten\data\raw\Tomato_Rotten\Copy of IMG_20200729_164231.jpg_0_7228.jpg,tomato,rotten,1,test,0.94111514,rotten,True,-3.5849845,-0.5567318,-31.988216,-40.21473
C:\Users\antoc\FreshOrRotten\data\raw\Apple_Fresh\20190809_164342.jpg,apple,fresh,0,test,0.0990875,fresh,True,2.234099,-2.432074,24.429724,-17.845781
C:\Users\antoc\FreshOrRotten\data\raw\Apple_Fresh\20190809_122047.jpg,apple,fresh,0,test,0.016464699,fresh,True,4.713624,-0.63016665,36.38762,-2.9086246
C:\Users\antoc\FreshOrRotten\data\raw\Papaya_Rotten\Image1817.jpg,papaya,rotten,1,test,0.99067885,rotten,True,-6.3602,-0.48975223,-46.830284,-11.135257
C:\Users\antoc\FreshOrRotten\data\raw\Banana_Rotten\rottenBanana (542)1.jpg,banana,rotten,1,test,0.8622544,rotten,True,-2.790277,-1.4826604,-12.722286,34.86772
C:\Users\antoc\FreshOrRotten\data\raw\Guava_Fresh\IMG_8258.JPG,guava,fresh,0,test,0.22832501,fresh,True,3.4904945,-3.2262664,56.44153,-10.0913515
C:\Users\antoc\FreshOrRotten\data\raw\Orange_Rotten\rotated_by_45_Screen Shot 2018-06-12 at 11.43.36 PM.jpg,orange,rotten,1,test,0.5172457,rotten,True,-1.0794094,-3.0119781,-11.970858,-40.325172
C:\Users\antoc\FreshOrRotten\data\raw\Pomegranate_Fresh\20190820_152203_24944.jpg,pomegranate,fresh,0,test,0.003784796,fresh,True,6.133723,3.3861332,35.16621,29.809689
C:\Users\antoc\FreshOrRotten\data\raw\Pomegranate_Fresh\20190820_145020_23544.jpg,pomegranate,fresh,0,test,0.0018608476,fresh,True,7.056696,4.485819,35.186592,35.54377
C:\Users\antoc\FreshOrRotten\data\raw\Guava_Rotten\IMG_20190822_081329.jpg,guava,rotten,1,test,0.95787513,rotten,True,-4.456751,-1.7906141,-30.566072,-7.435489
C:\Users\antoc\FreshOrRotten\data\raw\Orange_Rotten\IMG_20190824_175057_1.jpg,orange,rotten,1,test,0.85189885,rotten,True,-2.9263341,-1.8478092,-23.182625,4.6862025
C:\Users\antoc\FreshOrRotten\data\raw\Guava_Fresh\IMG20200728184556.jpg,guava,fresh,0,test,0.25035653,fresh,True,2.6049604,-2.2799516,18.382317,1.7544343
C:\Users\antoc\FreshOrRotten\data\raw\Tomato_Rotten\Image2853.jpg,tomato,rotten,1,test,0.99218374,rotten,True,-6.7167597,-0.26564556,-43.426178,-9.788921
C:\Users\antoc\FreshOrRotten\data\raw\Pomegranate_Fresh\20190820_154045_26240.jpg,pomegranate,fresh,0,test,0.006422368,fresh,True,5.803767,4.877797,30.44134,38.21619
C:\Users\antoc\FreshOrRotten\data\raw\Apple_Rotten\vertical_flip_Screen Shot 2018-06-07 at 3.04.04 PM.jpg,apple,rotten,1,test,0.8623918,rotten,True,-3.865127,-2.1416461,-29.11142,-16.766022
C:\Users\antoc\FreshOrRotten\data\raw\Orange_Rotten\rottenOrange (344)1.jpg,orange,rotten,1,test,0.37586367,fresh,False,-0.28305504,-4.011176,0.26919457,-35.505886
C:\Users\antoc\FreshOrRotten\data\raw\Apple_Rotten\IMG_20190910_172323_1.jpg,apple,rotten,1,test,0.92863977,rotten,True,-3.3488002,0.7296405,-21.517918,28.00709
C:\Users\antoc\FreshOrRotten\data\raw\Tomato_Rotten\rottenTomato (265)1.jpg,tomato,rotten,1,test,0.9629236,rotten,True,-4.617287,-0.825558,-28.157936,4.845206
C:\Users\antoc\FreshOrRotten\data\raw\Pomegranate_Fresh\20190820_154759.jpg,pomegranate,fresh,0,test,0.005349707,fresh,True,5.8530335,1.3050107,37.1278,11.745935
C:\Users\antoc\FreshOrRotten\data\raw\Lime_Rotten\IMG_7648.JPG,lime,rotten,1,test,0.71374243,rotten,True,-1.6427275,-3.3912642,-10.298438,-19.992456
C:\Users\antoc\FreshOrRotten\data\raw\Carrot_Rotten\rottenCarrot (35).jpg,carrot,rotten,1,test,0.9882157,rotten,True,-7.2653103,0.62420106,-41.92056,-33.61948
C:\Users\antoc\FreshOrRotten\data\raw\Tomato_Fresh\DSCN4158.jpg_0_737.jpg,tomato,fresh,0,test,0.42591307,fresh,True,0.13045418,3.3665442,6.442309,51.340294
C:\Users\antoc\FreshOrRotten\data\raw\Orange_Rotten\IMG_20190824_175004.jpg,orange,rotten,1,test,0.732371,rotten,True,-1.7270491,-2.2652729,-15.501077,-6.4863806
C:\Users\antoc\FreshOrRotten\data\raw\Pomegranate_Fresh\FreshPomegranate (83)!.jpg,pomegranate,fresh,0,test,0.15837091,fresh,True,1.8993368,-2.4960496,16.867378,-33.088276
C:\Users\antoc\FreshOrRotten\data\raw\Pomegranate_Rotten\IMG_20190829_072256.jpg,pomegranate,rotten,1,test,0.99504966,rotten,True,-6.8237057,5.349121,-42.497982,19.45677
C:\Users\antoc\FreshOrRotten\data\raw\Guava_Rotten\IMG_20190822_080315.jpg,guava,rotten,1,test,0.98896384,rotten,True,-6.122588,0.041889664,-36.33343,4.762289
C:\Users\antoc\FreshOrRotten\data\raw\Apple_Rotten\RottenApple (108)!.jpg,apple,rotten,1,test,0.8687908,rotten,True,-2.2735379,-0.7562959,-12.998846,30.27531
C:\Users\antoc\FreshOrRotten\data\raw\Mango_Fresh\freshMango (98).jpg,mango,fresh,0,test,0.06838798,fresh,True,3.3676777,-2.2246065,37.370583,-13.032634
C:\Users\antoc\FreshOrRotten\data\raw\Tomato_Rotten\Copy of IMG_20200802_134636.jpg_0_7996.jpg,tomato,rotten,1,test,0.5921089,rotten,True,-1.0330744,-3.7088106,-2.4228423,-25.23068
C:\Users\antoc\FreshOrRotten\data\raw\Peach_Fresh\Image921.jpg,peach,fresh,0,test,0.102229655,fresh,True,2.568608,-2.545875,33.537212,-37.68544
C:\Users\antoc\FreshOrRotten\data\raw\Orange_Fresh\IMG_20190924_151659.jpg,orange,fresh,0,test,0.13788883,fresh,True,1.7494162,-2.555724,21.641352,-17.216381
C:\Users\antoc\FreshOrRotten\data\raw\Orange_Rotten\RottenOrange (42)!.jpg,orange,rotten,1,test,0.95228183,rotten,True,-3.5557299,-0.24425489,-32.40167,-45.92383
C:\Users\antoc\FreshOrRotten\data\raw\Apple_Rotten\translation_Screen Shot 2018-06-07 at 2.35.10 PM.jpg,apple,rotten,1,test,0.8426573,rotten,True,-2.3860216,-2.0372806,-25.317087,-36.227512
C:\Users\antoc\FreshOrRotten\data\raw\Pomegranate_Fresh\FreshPomegranate (196)!.jpg,pomegranate,fresh,0,test,0.50142604,rotten,False,-1.1450125,-3.6208463,-3.7623343,-39.60417
C:\Users\antoc\FreshOrRotten\data\raw\Papaya_Rotten\Image1629.jpg,papaya,rotten,1,test,0.98545605,rotten,True,-5.7586117,-0.7110562,-47.907562,-12.019956
C:\Users\antoc\FreshOrRotten\data\raw\Banana_Rotten\IMG_7730.JPG,banana,rotten,1,test,0.9980646,rotten,True,-7.814236,2.8835645,-35.487965,31.582182
C:\Users\antoc\FreshOrRotten\data\raw\Bellpepper_Fresh\freshPepper (198)1.jpg,bellpepper,fresh,0,test,0.035307728,fresh,True,3.9391148,-0.9236826,42.70311,12.004684
C:\Users\antoc\FreshOrRotten\data\raw\Orange_Rotten\rotated_by_60_Screen Shot 2018-06-12 at 11.33.12 PM.jpg,orange,rotten,1,test,0.6956817,rotten,True,-1.5973543,4.935354,-46.392223,13.087077
C:\Users\antoc\FreshOrRotten\data\raw\Apple_Fresh\translation_Screen Shot 2018-06-08 at 5.17.22 PM.jpg,apple,fresh,0,test,0.039137684,fresh,True,3.9388113,7.7624016,15.127242,56.201366
C:\Users\antoc\FreshOrRotten\data\raw\Orange_Rotten\Screen Shot 2018-06-12 at 11.36.48 PM.jpg,orange,rotten,1,test,0.145983,fresh,False,1.7724813,0.36256197,15.292535,31.7602
C:\Users\antoc\FreshOrRotten\data\raw\Orange_Fresh\rotated_by_75_Screen Shot 2018-06-12 at 11.56.43 PM.jpg,orange,fresh,0,test,0.0992987,fresh,True,2.3855734,-3.5263302,22.294619,-42.12005
C:\Users\antoc\FreshOrRotten\data\raw\Lime_Rotten\IMG_20190822_075843.jpg,lime,rotten,1,test,0.5154461,rotten,True,-0.85116714,1.070993,-7.8701997,11.6908455
C:\Users\antoc\FreshOrRotten\data\raw\Apple_Rotten\rotated_by_15_Screen Shot 2018-06-07 at 2.51.37 PM.jpg,apple,rotten,1,test,0.99896336,rotten,True,-9.220802,2.8877535,-55.556038,2.9445424
C:\Users\antoc\FreshOrRotten\data\raw\Banana_Rotten\rotated_by_15_Screen Shot 2018-06-12 at 9.20.31 PM.jpg,banana,rotten,1,test,0.92530626,rotten,True,-3.3699746,-2.7793756,-24.26013,-22.202465
C:\Users\antoc\FreshOrRotten\data\raw\Pear_Fresh\Image839.jpg,pear,fresh,0,test,0.07310743,fresh,True,2.4717467,0.14438352,5.746339,9.560309
C:\Users\antoc\FreshOrRotten\data\raw\Tomato_Rotten\Image301 (2).jpg,tomato,rotten,1,test,0.99762267,rotten,True,-7.4276333,2.7745094,-36.052013,28.160118
C:\Users\antoc\FreshOrRotten\data\raw\Banana_Fresh\freshBanana (212)1.jpg,banana,fresh,0,test,0.16224305,fresh,True,1.421033,-0.5164814,1.2065437,5.1123166
C:\Users\antoc\FreshOrRotten\data\raw\Apple_Fresh\rotated_by_60_Screen Shot 2018-06-08 at 5.26.58 PM.jpg,apple,fresh,0,test,0.1962539,fresh,True,1.5817413,0.08952955,3.3084412,-3.3300848
C:\Users\antoc\FreshOrRotten\data\raw\Banana_Fresh\Image31.jpg,banana,fresh,0,test,0.052815463,fresh,True,3.0912085,1.6893017,5.4193797,36.69886
C:\Users\antoc\FreshOrRotten\data\raw\Apple_Rotten\IMG_20190824_175737.jpg,apple,rotten,1,test,0.41307524,fresh,False,0.21042457,-4.260313,3.4111593,-35.45575
C:\Users\antoc\FreshOrRotten\data\raw\Banana_Rotten\translation_Screen Shot 2018-06-12 at 9.11.23 PM.jpg,banana,rotten,1,test,0.9998989,rotten,True,-11.377425,5.383995,-56.645298,11.922153
C:\Users\antoc\FreshOrRotten\data\raw\Pomegranate_Fresh\IMG20200728182214_27570.jpg,pomegranate,fresh,0,test,0.040273193,fresh,True,3.8983107,1.1451163,19.808449,2.6241295
C:\Users\antoc\FreshOrRotten\data\raw\Tomato_Fresh\tomato1_13.jpg_0_5550.jpg,tomato,fresh,0,test,0.018420346,fresh,True,4.6612487,7.387169,15.742006,53.680607
C:\Users\antoc\FreshOrRotten\data\raw\Jujube_Rotten\RottenJujube (47).jpg,jujube,rotten,1,test,0.99362844,rotten,True,-6.1057315,2.1633186,-25.51552,34.889847
C:\Users\antoc\FreshOrRotten\data\raw\Strawberry_Fresh\freshStrawberry (446)1.jpg,strawberry,fresh,0,test,0.6243041,rotten,False,-1.1431051,-3.5970826,-5.880777,-22.62078
C:\Users\antoc\FreshOrRotten\data\raw\Kaki_Fresh\Image355.jpg,kaki,fresh,0,test,0.030518731,fresh,True,3.8415053,5.7424245,13.620357,46.743015
C:\Users\antoc\FreshOrRotten\data\raw\Strawberry_Rotten\rottenStrawberry (138)1.jpg,strawberry,rotten,1,test,0.9646408,rotten,True,-4.4668636,1.66362,-19.47714,19.42068
C:\Users\antoc\FreshOrRotten\data\raw\Bellpepper_Fresh\IMG_20200825_144644.jpg_0_8651.jpg,bellpepper,fresh,0,test,0.19663118,fresh,True,1.6804736,-2.1785803,8.688931,-7.1676903
C:\Users\antoc\FreshOrRotten\data\raw\Apple_Rotten\saltandpepper_Screen Shot 2018-06-08 at 2.37.24 PM.jpg,apple,rotten,1,test,0.75689036,rotten,True,-1.8654951,-3.4081042,-18.099062,-17.055841
C:\Users\antoc\FreshOrRotten\data\raw\Kaki_Rotten\Image4193.jpg,kaki,rotten,1,test,0.9758252,rotten,True,-5.002981,-0.65251243,-37.5653,-23.667055
C:\Users\antoc\FreshOrRotten\data\raw\Bellpepper_Rotten\Image101.jpg,bellpepper,rotten,1,test,0.8949182,rotten,True,-2.937357,-1.7163668,-33.27996,-34.33606
C:\Users\antoc\FreshOrRotten\data\raw\Orange_Rotten\RottenOrange (66)!.jpg,orange,rotten,1,test,0.74033546,rotten,True,-1.9651663,-2.282376,-24.56503,-39.375477
C:\Users\antoc\FreshOrRotten\data\raw\Mango_Fresh\freshMango (252).jpg,mango,fresh,0,test,0.36768377,fresh,True,0.19768265,-3.9735084,11.850146,-23.066853
C:\Users\antoc\FreshOrRotten\data\raw\Apple_Fresh\freshApple (415)1.jpg,apple,fresh,0,test,0.093792535,fresh,True,3.7240813,-1.6894939,47.948227,-10.355677
C:\Users\antoc\FreshOrRotten\data\raw\Banana_Rotten\saltandpepper_Screen Shot 2018-06-12 at 9.11.35 PM.jpg,banana,rotten,1,test,0.9994981,rotten,True,-9.445513,4.1266613,-42.104366,30.574722
C:\Users\antoc\FreshOrRotten\data\raw\Orange_Rotten\IMG_20190923_175605_1.jpg,orange,rotten,1,test,0.97154635,rotten,True,-4.947086,0.49039087,-26.221605,9.910627
C:\Users\antoc\FreshOrRotten\data\raw\Apple_Fresh\Screen Shot 2018-06-08 at 5.15.14 PM.jpg,apple,fresh,0,test,0.05921883,fresh,True,3.0085177,-1.602226,34.1431,-8.867442
C:\Users\antoc\FreshOrRotten\data\raw\Apple_Fresh\rotated_by_45_Screen Shot 2018-06-08 at 5.02.08 PM.jpg,apple,fresh,0,test,0.05707192,fresh,True,3.3782115,7.687183,14.992337,55.488335
C:\Users\antoc\FreshOrRotten\data\raw\Orange_Fresh\freshOrange (236)1.jpg,orange,fresh,0,test,0.2063465,fresh,True,1.5931299,-3.5439296,16.28741,-22.070673
C:\Users\antoc\FreshOrRotten\data\raw\Banana_Fresh\saltandpepper_Screen Shot 2018-06-12 at 9.52.37 PM.jpg,banana,fresh,0,test,0.29768333,fresh,True,0.8041675,-2.0476155,3.0949101,-9.727461
C:\Users\antoc\FreshOrRotten\data\raw\Apple_Fresh\saltandpepper_Screen Shot 2018-06-08 at 5.13.10 PM.jpg,apple,fresh,0,test,0.3235857,fresh,True,0.7917946,0.82048595,-25.986303,-50.06735
C:\Users\antoc\FreshOrRotten\data\raw\Grapes_Fresh\FreshGrape (25)!.jpg,grapes,fresh,0,test,0.6548882,rotten,False,-1.3475112,-3.0319357,-7.416025,-17.863222
C:\Users\antoc\FreshOrRotten\data\raw\Bellpepper_Rotten\WhatsApp Image 2020-11-07 at 11.43.17 PM.jpg_0_7622.jpg,bellpepper,rotten,1,test,0.96945053,rotten,True,-4.4001813,-0.2643534,-34.9122,-38.12498
C:\Users\antoc\FreshOrRotten\data\raw\Apple_Rotten\rotated_by_15_Screen Shot 2018-06-07 at 2.52.30 PM.jpg,apple,rotten,1,test,0.528741,rotten,True,-1.0153431,-3.3205643,-11.727854,-40.831
C:\Users\antoc\FreshOrRotten\data\raw\Bitter_Gourd_Rotten\IMG_20200824_182230.jpg_0_4229.jpg,bitter_gourd,rotten,1,test,0.98295754,rotten,True,-5.4226665,-0.67184395,-37.329292,-0.53015244
C:\Users\antoc\FreshOrRotten\data\raw\Apple_Rotten\rotated_by_30_Screen Shot 2018-06-08 at 2.41.44 PM.jpg,apple,rotten,1,test,0.9363315,rotten,True,-3.7373924,-2.149149,-24.74149,-20.481148
C:\Users\antoc\FreshOrRotten\data\raw\Pomegranate_Fresh\20190820_154754_26826.jpg,pomegranate,fresh,0,test,0.00055191154,fresh,True,8.484041,5.336729,39.094685,36.837875
C:\Users\antoc\FreshOrRotten\data\raw\Cucumber_Fresh\freshCucumber (592)1.jpg,cucumber,fresh,0,test,0.015382073,fresh,True,4.445594,-0.22568136,31.620934,6.2694445
C:\Users\antoc\FreshOrRotten\data\raw\Pomegranate_Rotten\IMG_20190829_072227.jpg,pomegranate,rotten,1,test,0.9687325,rotten,True,-4.46552,0.44570118,-23.21251,27.25371
C:\Users\antoc\FreshOrRotten\data\raw\Lime_Fresh\IMG_20190902_102403.jpg,lime,fresh,0,test,0.008705322,fresh,True,5.180621,1.7765872,29.453796,16.513933
C:\Users\antoc\FreshOrRotten\data\raw\Lime_Rotten\IMG_20190923_183739.jpg,lime,rotten,1,test,0.5825319,rotten,True,-1.1333582,-0.32713404,-8.251,7.4616733
C:\Users\antoc\FreshOrRotten\data\raw\Tomato_Fresh\freshTomato (20)1.jpg,tomato,fresh,0,test,0.16654164,fresh,True,1.4961805,-2.4211278,20.018705,-16.796137
C:\Users\antoc\FreshOrRotten\data\raw\Pomegranate_Fresh\20190820_145135_23601.jpg,pomegranate,fresh,0,test,0.0047540944,fresh,True,6.0638237,3.7245665,30.243908,34.446205
C:\Users\antoc\FreshOrRotten\data\raw\Pomegranate_Rotten\IMG_20190822_084714_1.jpg,pomegranate,rotten,1,test,0.906481,rotten,True,-2.9605732,2.579126,-19.736649,28.600468
C:\Users\antoc\FreshOrRotten\data\raw\Orange_Rotten\rotated_by_30_Screen Shot 2018-06-12 at 11.29.51 PM.jpg,orange,rotten,1,test,0.3952383,fresh,False,-0.5077844,-3.401091,-11.087366,-39.949436
C:\Users\antoc\FreshOrRotten\data\raw\Pomegranate_Fresh\IMG20200728181905_27312.jpg,pomegranate,fresh,0,test,0.43315393,fresh,True,0.01991749,-2.7363205,-18.035545,-40.86097
C:\Users\antoc\FreshOrRotten\data\raw\Orange_Rotten\IMG20200728185916.jpg,orange,rotten,1,test,0.59058154,rotten,True,-0.89262974,-2.4058452,-14.197798,-7.2884216
C:\Users\antoc\FreshOrRotten\data\raw\Orange_Fresh\FreshOrange (189)!.jpg,orange,fresh,0,test,0.3365232,fresh,True,0.621409,-3.2723186,13.185007,-18.193645
C:\Users\antoc\FreshOrRotten\data\raw\Guava_Fresh\20190813_121217.jpg,guava,fresh,0,test,0.14651322,fresh,True,1.7073245,-3.302606,22.287832,-19.467358
C:\Users\antoc\FreshOrRotten\data\raw\Lime_Fresh\IMG_20190902_103800.jpg,lime,fresh,0,test,0.05031072,fresh,True,3.0602813,-1.3886518,30.848736,-5.892385
C:\Users\antoc\FreshOrRotten\data\raw\Banana_Fresh\IMG_8515.JPG,banana,fresh,0,test,0.04426952,fresh,True,3.2768414,-0.27793556,28.230768,2.3934526
C:\Users\antoc\FreshOrRotten\data\raw\Pomegranate_Fresh\IMG20200728125422_26972.jpg,pomegranate,fresh,0,test,0.0156089775,fresh,True,7.4591007,-1.3723347,53.00781,-18.350695
C:\Users\antoc\FreshOrRotten\data\raw\Lime_Fresh\IMG_20190902_111056.jpg,lime,fresh,0,test,0.017010687,fresh,True,4.594054,-0.56850535,34.45458,-1.8350908
C:\Users\antoc\FreshOrRotten\data\raw\Apple_Fresh\IMG_9616.JPG,apple,fresh,0,test,0.26160768,fresh,True,0.9589318,-2.2474153,14.888474,-14.471109
C:\Users\antoc\FreshOrRotten\data\raw\Pomegranate_Fresh\IMG20200728125600_27091.jpg,pomegranate,fresh,0,test,0.0061604846,fresh,True,6.852272,1.6402872,36.40609,21.629576
C:\Users\antoc\FreshOrRotten\data\raw\Cucumber_Fresh\freshCucumber (227)1.jpg,cucumber,fresh,0,test,0.27891362,fresh,True,8.985592,-2.5660067,56.555702,-20.078264
C:\Users\antoc\FreshOrRotten\data\raw\Pomegranate_Fresh\20190820_153550.jpg,pomegranate,fresh,0,test,0.09775714,fresh,True,2.2941625,-2.9247022,24.170092,-19.202425
C:\Users\antoc\FreshOrRotten\data\raw\Apple_Rotten\IMG_20190910_172419.jpg,apple,rotten,1,test,0.9425041,rotten,True,-2.8009472,2.943006,-21.085613,39.079773
C:\Users\antoc\FreshOrRotten\data\raw\Apple_Fresh\20190809_121408.jpg,apple,fresh,0,test,0.068776645,fresh,True,4.753515,-2.2909842,48.31117,-15.184132
C:\Users\antoc\FreshOrRotten\data\raw\Strawberry_Rotten\rottenStrawberry (123)1.jpg,strawberry,rotten,1,test,0.89625454,rotten,True,-3.161951,2.2391813,-17.807693,18.353556
C:\Users\antoc\FreshOrRotten\data\raw\Peach_Fresh\Image507.jpg,peach,fresh,0,test,0.085103296,fresh,True,2.8303766,-2.542838,33.13471,-38.188366
C:\Users\antoc\FreshOrRotten\data\raw\Pomegranate_Fresh\IMG20200728182159_27518.jpg,pomegranate,fresh,0,test,0.064203456,fresh,True,2.715547,-1.2304356,24.447481,-4.7500224
C:\Users\antoc\FreshOrRotten\data\raw\Banana_Fresh\IMG_8589.JPG,banana,fresh,0,test,0.052582193,fresh,True,3.5985847,-1.3713675,40.711014,-10.214728
C:\Users\antoc\FreshOrRotten\data\raw\Apple_Fresh\rotated_by_75_Screen Shot 2018-06-08 at 5.32.33 PM.jpg,apple,fresh,0,test,0.23312387,fresh,True,2.0391092,-2.6014318,32.23925,-29.736563
C:\Users\antoc\FreshOrRotten\data\raw\Pear_Fresh\Image859.jpg,pear,fresh,0,test,0.07863369,fresh,True,2.3708906,0.15307134,5.437671,9.617842
C:\Users\antoc\FreshOrRotten\data\raw\Grapes_Rotten\RottenGrape (18).jpg,grapes,rotten,1,test,0.5647239,rotten,True,-0.77689505,-3.5988638,-6.4840994,-19.390854
C:\Users\antoc\FreshOrRotten\data\raw\Pomegranate_Fresh\20190820_152747.jpg,pomegranate,fresh,0,test,0.001632203,fresh,True,7.2686877,3.5362391,36.956074,31.982841
C:\Users\antoc\FreshOrRotten\data\raw\Orange_Rotten\translation_Screen Shot 2018-06-12 at 11.37.19 PM.jpg,orange,rotten,1,test,0.9108678,rotten,True,-3.1241188,-0.8327313,-32.760647,-10.766548
C:\Users\antoc\FreshOrRotten\data\raw\Pomegranate_Fresh\20190820_144211_23170.jpg,pomegranate,fresh,0,test,0.01667944,fresh,True,4.9177856,-1.7594795,44.08786,-0.26519772
C:\Users\antoc\FreshOrRotten\data\raw\Pomegranate_Fresh\20190820_145142_23616.jpg,pomegranate,fresh,0,test,0.0009851247,fresh,True,7.8323364,3.6774573,37.23356,32.943672
C:\Users\antoc\FreshOrRotten\data\raw\Peach_Fresh\Image1245.jpg,peach,fresh,0,test,0.12351708,fresh,True,2.2888582,-2.5367007,33.596382,-36.624138
C:\Users\antoc\FreshOrRotten\data\raw\Banana_Fresh\vertical_flip_Screen Shot 2018-06-12 at 9.57.02 PM.jpg,banana,fresh,0,test,0.04375925,fresh,True,3.288515,0.63116026,8.794055,4.0152698
C:\Users\antoc\FreshOrRotten\data\raw\Mango_Rotten\rottenMango (573).jpg,mango,rotten,1,test,0.82197803,rotten,True,-2.5208316,-2.8685765,-12.797857,-16.501139
C:\Users\antoc\FreshOrRotten\data\raw\Strawberry_Fresh\FreshStrawberry (175)!.jpg,strawberry,fresh,0,test,0.071232185,fresh,True,1.4456582,-4.3223586,5.3184886,-46.30308
C:\Users\antoc\FreshOrRotten\data\raw\Tomato_Fresh\DSCN4068.jpg_0_2647.jpg,tomato,fresh,0,test,0.12528248,fresh,True,2.2133222,7.1888623,2.4677205,62.31217
C:\Users\antoc\FreshOrRotten\data\raw\Pomegranate_Fresh\20190820_144351_23259.jpg,pomegranate,fresh,0,test,0.004058445,fresh,True,6.7985635,2.622387,34.69226,22.547464
C:\Users\antoc\FreshOrRotten\data\raw\Orange_Fresh\rotated_by_60_Screen Shot 2018-06-13 at 12.02.20 AM.jpg,orange,fresh,0,test,0.09327158,fresh,True,2.1570554,-3.9621997,20.182116,-43.867138
C:\Users\antoc\FreshOrRotten\data\raw\Bellpepper_Rotten\WhatsApp Image 2020-11-07 at 11.43.16 PM.jpeg_0_7903.jpg,bellpepper,rotten,1,test,0.8280593,rotten,True,-2.161202,-1.7307488,-26.946632,-39.65119
C:\Users\antoc\FreshOrRotten\data\raw\Mango_Rotten\rottenMango (12).jpg,mango,rotten,1,test,0.972684,rotten,True,-5.0007834,-0.7875316,-31.793884,1.1135886
C:\Users\antoc\FreshOrRotten\data\raw\Bellpepper_Rotten\Image2091.jpg,bellpepper,rotten,1,test,0.997632,rotten,True,-7.5937138,2.4507446,-34.77729,24.928478
C:\Users\antoc\FreshOrRotten\data\raw\Bellpepper_Rotten\WhatsApp Image 2020-11-07 at 11.43.16 PM.jpg_0_5027.jpg,bellpepper,rotten,1,test,0.93568885,rotten,True,-3.3079414,-0.6668689,-31.754496,-44.168987
C:\Users\antoc\FreshOrRotten\data\raw\Bellpepper_Fresh\capsicum3_3.jpg_0_9934.jpg,bellpepper,fresh,0,test,0.06825297,fresh,True,2.625412,0.6558776,8.856251,12.358808
C:\Users\antoc\FreshOrRotten\data\raw\Guava_Fresh\FreshGuava (47).jpg,guava,fresh,0,test,0.17110398,fresh,True,1.6936704,-2.9797308,18.456514,-13.153955
C:\Users\antoc\FreshOrRotten\data\raw\Pomegranate_Fresh\20190820_154503_26538.jpg,pomegranate,fresh,0,test,0.00053209055,fresh,True,8.508428,5.411744,39.41877,36.872723
C:\Users\antoc\FreshOrRotten\data\raw\Apple_Rotten\RottenApple (134)!.jpg,apple,rotten,1,test,0.9771199,rotten,True,-4.8280888,0.8127441,-28.073751,38.073196
C:\Users\antoc\FreshOrRotten\data\raw\Pear_Fresh\Image47.jpg,pear,fresh,0,test,0.0060373787,fresh,True,5.552017,1.1434975,31.963919,12.491202
C:\Users\antoc\FreshOrRotten\data\raw\Apple_Fresh\rotated_by_30_Screen Shot 2018-06-08 at 5.06.33 PM.jpg,apple,fresh,0,test,0.014431078,fresh,True,4.9691052,1.5961885,12.711644,23.35318
C:\Users\antoc\FreshOrRotten\data\raw\Banana_Fresh\Screen Shot 2018-06-12 at 9.53.41 PM.jpg,banana,fresh,0,test,0.22092475,fresh,True,0.66437006,3.042574,-5.1067424,13.98191
C:\Users\antoc\FreshOrRotten\data\raw\Banana_Fresh\FreshBanana (183)_1.jpg,banana,fresh,0,test,0.15417741,fresh,True,2.0930762,-2.7494125,31.670649,-35.48115
C:\Users\antoc\FreshOrRotten\data\raw\Banana_Rotten\RottenBanana (187)!.jpg,banana,rotten,1,test,0.9990275,rotten,True,-8.854994,3.0578227,-44.72822,24.54128
C:\Users\antoc\FreshOrRotten\data\raw\Apple_Fresh\rotated_by_45_Screen Shot 2018-06-08 at 5.29.07 PM.jpg,apple,fresh,0,test,0.099905044,fresh,True,3.1339626,-0.4798929,40.399307,-7.1814227
C:\Users\antoc\FreshOrRotten\data\raw\Banana_Rotten\rotated_by_15_Screen Shot 2018-06-12 at 9.20.56 PM.jpg,banana,rotten,1,test,0.9035136,rotten,True,-3.015361,-3.0116992,-23.780067,-22.801283
C:\Users\antoc\FreshOrRotten\data\raw\Apple_Rotten\Screen Shot 2018-06-07 at 2.55.27 PM.jpg,apple,rotten,1,test,0.7809911,rotten,True,-1.9192,-2.217384,-24.344591,-37.542065
C:\Users\antoc\FreshOrRotten\data\raw\Potato_Rotten\rottenPotato (111).jpg,potato,rotten,1,test,0.9860687,rotten,True,-5.7641096,0.6614957,-35.32926,8.005185
C:\Users\antoc\FreshOrRotten\data\raw\Guava_Fresh\IMG_8546.JPG,guava,fresh,0,test,0.118292935,fresh,True,2.3650506,1.801927,43.028954,15.378263
C:\Users\antoc\FreshOrRotten\data\raw\Potato_Rotten\rottenPotato (465).jpg,potato,rotten,1,test,0.892743,rotten,True,-3.4703367,2.0313497,-13.092084,10.196226
C:\Users\antoc\FreshOrRotten\data\raw\Banana_Fresh\translation_Screen Shot 2018-06-12 at 9.42.41 PM.jpg,banana,fresh,0,test,0.02880165,fresh,True,4.089746,1.8212154,10.624171,20.902601
C:\Users\antoc\FreshOrRotten\data\raw\Papaya_Rotten\Image1975.jpg,papaya,rotten,1,test,0.9892625,rotten,True,-6.183529,-0.5269588,-48.0217,-11.106351
C:\Users\antoc\FreshOrRotten\data\raw\Guava_Fresh\FreshGuava (178).jpg,guava,fresh,0,test,0.07889993,fresh,True,2.9426568,-2.609594,36.272964,-13.096461
C:\Users\antoc\FreshOrRotten\data\raw\Bitter_Gourd_Fresh\IMG_20200822_223840.jpg_0_3155.jpg,bitter_gourd,fresh,0,test,0.028910017,fresh,True,3.8893273,0.17690328,26.803326,7.3260374
C:\Users\antoc\FreshOrRotten\data\raw\Apple_Rotten\rotated_by_15_Screen Shot 2018-06-08 at 2.48.00 PM.jpg,apple,rotten,1,test,0.8909164,rotten,True,-2.8623009,-3.0672214,-23.40248,-22.876497
C:\Users\antoc\FreshOrRotten\data\raw\Apple_Fresh\freshApple (189)1.jpg,apple,fresh,0,test,0.018501787,fresh,True,4.8722363,-0.08858675,36.23838,4.160059
C:\Users\antoc\FreshOrRotten\data\raw\Apple_Fresh\rotated_by_75_Screen Shot 2018-06-08 at 5.04.24 PM.jpg,apple,fresh,0,test,0.14001496,fresh,True,2.2833285,7.9441395,14.3116,56.884773
C:\Users\antoc\FreshOrRotten\data\raw\Carrot_Fresh\freshCarrot (107).jpg,carrot,fresh,0,test,0.1695252,fresh,True,0.809135,-4.340593,6.1325884,-40.833557
C:\Users\antoc\FreshOrRotten\data\raw\Cucumber_Fresh\freshCucumber (232)1.jpg,cucumber,fresh,0,test,0.5191881,rotten,False,3.9344401,-4.4922915,55.940674,-17.01166
C:\Users\antoc\FreshOrRotten\data\raw\Pomegranate_Rotten\IMG_20190824_180923.jpg,pomegranate,rotten,1,test,0.8685694,rotten,True,-2.1769295,-0.53050494,-16.136518,34.683537
C:\Users\antoc\FreshOrRotten\data\raw\Orange_Fresh\rotated_by_60_Screen Shot 2018-06-13 at 12.11.28 AM.jpg,orange,fresh,0,test,0.08716447,fresh,True,2.719068,-3.4647827,22.917116,-41.97067
C:\Users\antoc\FreshOrRotten\data\raw\Orange_Fresh\saltandpepper_Screen Shot 2018-06-13 at 12.09.54 AM.jpg,orange,fresh,0,test,0.047851395,fresh,True,2.1689854,-4.4125013,20.00651,-47.79431
C:\Users\antoc\FreshOrRotten\data\raw\Carrot_Fresh\freshCarrot (319).jpg,carrot,fresh,0,test,0.13678455,fresh,True,0.8483736,-4.4905205,4.0479794,-42.588993
C:\Users\antoc\FreshOrRotten\data\raw\Orange_Rotten\rottenOrange (304)1.jpg,orange,rotten,1,test,0.26506925,fresh,False,0.3084612,-4.2060595,3.6688643,-38.380238
C:\Users\antoc\FreshOrRotten\data\raw\Banana_Fresh\rotated_by_15_Screen Shot 2018-06-12 at 9.38.22 PM.jpg,banana,fresh,0,test,0.52821594,rotten,False,-0.2697188,-2.4576752,1.15349,-11.727393
C:\Users\antoc\FreshOrRotten\data\raw\Jujube_Rotten\RottenJujube (152).jpg,jujube,rotten,1,test,0.96782905,rotten,True,-4.287454,0.9223487,-23.4343,33.03107
C:\Users\antoc\FreshOrRotten\data\raw\Potato_Fresh\freshPotato (273).jpg,potato,fresh,0,test,0.35630843,fresh,True,0.15318537,-4.169134,3.1276004,-32.464565
C:\Users\antoc\FreshOrRotten\data\raw\Banana_Fresh\rotated_by_60_Screen Shot 2018-06-12 at 9.55.53 PM.jpg,banana,fresh,0,test,0.03194263,fresh,True,3.887955,4.4901476,5.853245,23.738794
C:\Users\antoc\FreshOrRotten\data\raw\Lime_Fresh\IMG_20190902_102428.jpg,lime,fresh,0,test,0.005295863,fresh,True,5.8097544,1.9292355,31.117056,16.64018
C:\Users\antoc\FreshOrRotten\data\raw\Pomegranate_Fresh\20190820_154547_26626.jpg,pomegranate,fresh,0,test,0.003339001,fresh,True,6.3846636,2.5877256,33.498383,28.904991
C:\Users\antoc\FreshOrRotten\data\raw\Apple_Fresh\IMG20200728174150.jpg,apple,fresh,0,test,0.51051575,rotten,False,-0.45749512,3.9368572,-11.406144,20.730715
C:\Users\antoc\FreshOrRotten\data\raw\Tomato_Fresh\Image803.jpg,tomato,fresh,0,test,0.06889875,fresh,True,3.1694822,-0.79019624,35.66959,-39.23086
C:\Users\antoc\FreshOrRotten\data\raw\Banana_Rotten\Screen Shot 2018-06-12 at 8.56.54 PM.jpg,banana,rotten,1,test,0.9691477,rotten,True,-4.920514,-1.1570635,-32.433937,-1.268785
C:\Users\antoc\FreshOrRotten\data\raw\Apple_Fresh\rotated_by_30_Screen Shot 2018-06-08 at 5.09.31 PM.jpg,apple,fresh,0,test,0.05502307,fresh,True,3.5315013,9.518322,15.9247265,56.90776
C:\Users\antoc\FreshOrRotten\data\raw\Banana_Rotten\IMG_7885.JPG,banana,rotten,1,test,0.9951858,rotten,True,-7.199951,0.76418936,-40.222828,4.4801455
C:\Users\antoc\FreshOrRotten\data\raw\Orange_Rotten\IMG_20190923_182123.jpg,orange,rotten,1,test,0.73006743,rotten,True,-1.7600315,-2.3527846,-14.409274,-6.559708
C:\Users\antoc\FreshOrRotten\data\raw\Apple_Rotten\saltandpepper_Screen Shot 2018-06-07 at 2.38.38 PM.jpg,apple,rotten,1,test,0.5710694,rotten,True,-0.9209747,-3.7844334,-1.1864114,-24.757225
C:\Users\antoc\FreshOrRotten\data\raw\Orange_Fresh\IMG_1911.JPG,orange,fresh,0,test,0.38107166,fresh,True,-0.15430817,-3.9638648,2.7712328,-33.35913
C:\Users\antoc\FreshOrRotten\data\raw\Apple_Rotten\rotated_by_75_Screen Shot 2018-06-07 at 2.55.27 PM.jpg,apple,rotten,1,test,0.8516979,rotten,True,-2.3336499,-1.738379,-27.943577,-40.064224
C:\Users\antoc\FreshOrRotten\data\raw\Bellpepper_Fresh\Day1A.jpg_0_3524.jpg,bellpepper,fresh,0,test,0.11533203,fresh,True,2.2611089,-0.9211119,7.6694417,-4.6998215
C:\Users\antoc\FreshOrRotten\data\raw\Orange_Rotten\IMG_20190824_175116.jpg,orange,rotten,1,test,0.9420589,rotten,True,-4.073881,-1.2698344,-25.60678,4.970074
C:\Users\antoc\FreshOrRotten\data\raw\Orange_Rotten\rotated_by_75_Screen Shot 2018-06-12 at 11.45.42 PM.jpg,orange,rotten,1,test,0.98618317,rotten,True,-5.7946787,-0.7575482,-39.393875,-2.0093174
C:\Users\antoc\FreshOrRotten\data\raw\Pomegranate_Fresh\20190820_152652_25080.jpg,pomegranate,fresh,0,test,0.0029253392,fresh,True,6.5881357,4.2643037,33.13227,36.100037
C:\Users\antoc\FreshOrRotten\data\raw\Banana_Rotten\rottenBanana (440)1.jpg,banana,rotten,1,test,0.98452246,rotten,True,-5.7661424,1.0742679,-37.650524,5.3031464
C:\Users\antoc\FreshOrRotten\data\raw\Pomegranate_Fresh\IMG20200728182313_27616.jpg,pomegranate,fresh,0,test,0.014095021,fresh,True,4.550935,1.1012942,25.287128,14.746813
C:\Users\antoc\FreshOrRotten\data\raw\Potato_Rotten\rottenPotato (360).jpg,potato,rotten,1,test,0.97462285,rotten,True,-5.1498947,-0.72197694,-32.346863,0.4561988
C:\Users\antoc\FreshOrRotten\data\raw\Apple_Fresh\Screen Shot 2018-06-08 at 5.22.58 PM.jpg,apple,fresh,0,test,0.059745155,fresh,True,3.2970421,5.2624283,11.761854,55.49151
C:\Users\antoc\FreshOrRotten\data\raw\Pomegranate_Fresh\IMG20200728181936_01.jpg,pomegranate,fresh,0,test,0.25782925,fresh,True,1.6072288,-1.9336039,18.517647,0.58765817
C:\Users\antoc\FreshOrRotten\data\raw\Apple_Rotten\rotated_by_45_Screen Shot 2018-06-07 at 2.46.22 PM.jpg,apple,rotten,1,test,0.99956673,rotten,True,-10.237703,2.7776425,-59.200275,7.917095
C:\Users\antoc\FreshOrRotten\data\raw\Kaki_Rotten\Image4031.jpg,kaki,rotten,1,test,0.9616345,rotten,True,-4.380123,-1.0302147,-36.829044,-24.579496
C:\Users\antoc\FreshOrRotten\data\raw\Peach_Rotten\Image4907.jpg,peach,rotten,1,test,0.9448284,rotten,True,-4.093976,-1.4187872,-29.97802,-4.6153393
C:\Users\antoc\FreshOrRotten\data\raw\Apple_Fresh\freshApple (204)1.jpg,apple,fresh,0,test,0.04225711,fresh,True,3.534791,-2.1797907,29.353657,-15.348275
C:\Users\antoc\FreshOrRotten\data\raw\Orange_Rotten\rotated_by_30_Screen Shot 2018-06-12 at 11.23.09 PM.jpg,orange,rotten,1,test,0.9921842,rotten,True,-6.3362,0.5034225,-40.742146,1.4839702
C:\Users\antoc\FreshOrRotten\data\raw\Pomegranate_Fresh\20190820_154737_26793.jpg,pomegranate,fresh,0,test,0.00027148856,fresh,True,9.334237,7.7756977,40.035484,39.499992
C:\Users\antoc\FreshOrRotten\data\raw\Pomegranate_Fresh\20190820_153105_25447.jpg,pomegranate,fresh,0,test,0.014190379,fresh,True,4.568802,1.3542781,25.064117,16.48605
C:\Users\antoc\FreshOrRotten\data\raw\Apple_Fresh\rotated_by_75_Screen Shot 2018-06-08 at 5.06.47 PM.jpg,apple,fresh,0,test,0.06773947,fresh,True,3.470765,8.962345,16.39098,56.411903
C:\Users\antoc\FreshOrRotten\data\raw\Banana_Rotten\IMG20200730132847.jpg,banana,rotten,1,test,0.19644366,fresh,False,4.0633087,-3.1360064,52.88118,-12.705308
C:\Users\antoc\FreshOrRotten\data\raw\Pomegranate_Fresh\20190820_143559_22931.jpg,pomegranate,fresh,0,test,0.0046849255,fresh,True,6.16986,2.4154065,32.703205,23.109886
C:\Users\antoc\FreshOrRotten\data\raw\Pear_Fresh\Image7.jpg,pear,fresh,0,test,0.0063956254,fresh,True,5.4270415,1.6187813,31.45923,13.8872595
C:\Users\antoc\FreshOrRotten\data\raw\Banana_Rotten\rottenBanana (258)1.jpg,banana,rotten,1,test,0.99295604,rotten,True,-6.7643423,0.87263596,-39.428978,4.954373
C:\Users\antoc\FreshOrRotten\data\raw\Banana_Fresh\translation_Screen Shot 2018-06-12 at 10.00.21 PM.jpg,banana,fresh,0,test,0.057970468,fresh,True,3.037786,1.8482227,8.110315,20.090082
C:\Users\antoc\FreshOrRotten\data\raw\Bellpepper_Rotten\Image5.jpg,bellpepper,rotten,1,test,0.8360932,rotten,True,-2.3667881,-2.1338763,-32.84759,-33.80391
C:\Users\antoc\FreshOrRotten\data\raw\Pomegranate_Fresh\20190820_153229_25578.jpg,pomegranate,fresh,0,test,0.03838243,fresh,True,3.4467788,1.5543138,22.237837,32.254753
C:\Users\antoc\FreshOrRotten\data\raw\Apple_Fresh\20190812_183549.jpg,apple,fresh,0,test,0.89959806,rotten,False,-3.0090783,1.4114612,-20.29182,28.20796
C:\Users\antoc\FreshOrRotten\data\raw\Apple_Rotten\translation_Screen Shot 2018-06-08 at 2.44.13 PM.jpg,apple,rotten,1,test,0.53643423,rotten,True,-0.26835713,-1.6682534,2.1305568,-5.4610176
C:\Users\antoc\FreshOrRotten\data\raw\Guava_Fresh\IMG_8936.JPG,guava,fresh,0,test,0.13465905,fresh,True,1.7395754,-0.13590291,2.000221,5.0326247
C:\Users\antoc\FreshOrRotten\data\raw\Orange_Rotten\RottenOrange (96)!.jpg,orange,rotten,1,test,0.93324107,rotten,True,-3.6139889,-0.8247756,-34.398476,-37.11144
C:\Users\antoc\FreshOrRotten\data\raw\Banana_Fresh\freshBanana (220)1.jpg,banana,fresh,0,test,0.13590737,fresh,True,1.6228528,0.15625037,1.3699638,5.3951273
C:\Users\antoc\FreshOrRotten\data\raw\Guava_Rotten\IMG20200728184937.jpg,guava,rotten,1,test,0.2798324,fresh,False,0.50522697,1.2885073,-4.163347,10.303248
C:\Users\antoc\FreshOrRotten\data\raw\Pear_Fresh\Image629.jpg,pear,fresh,0,test,0.031533178,fresh,True,3.5567412,0.1515362,10.130851,8.242875
C:\Users\antoc\FreshOrRotten\data\raw\Guava_Fresh\IMG_8441.JPG,guava,fresh,0,test,0.00076650386,fresh,True,8.391178,3.8833206,38.120243,28.741585
C:\Users\antoc\FreshOrRotten\data\raw\Tomato_Rotten\rottenTomato (2)1.jpg,tomato,rotten,1,test,0.089017175,fresh,False,2.6336358,-2.9504256,25.401499,-20.190683
C:\Users\antoc\FreshOrRotten\data\raw\Pear_Rotten\Image17.jpg,pear,rotten,1,test,0.9818651,rotten,True,-5.681333,4.032221,-42.73731,13.280054
C:\Users\antoc\FreshOrRotten\data\raw\Apple_Rotten\Screen Shot 2018-06-08 at 2.52.20 PM.jpg,apple,rotten,1,test,0.3316321,fresh,False,0.6636535,-2.6710188,2.28149,-10.555837
C:\Users\antoc\FreshOrRotten\data\raw\Pear_Fresh\Image245.jpg,pear,fresh,0,test,0.012153363,fresh,True,4.7055683,0.6494292,30.767033,10.98161
C:\Users\antoc\FreshOrRotten\data\raw\Banana_Fresh\IMG_8860.JPG,banana,fresh,0,test,0.2952864,fresh,True,0.77248806,-1.8487854,3.5740743,-9.327099
C:\Users\antoc\FreshOrRotten\data\raw\Tomato_Fresh\Image773.jpg,tomato,fresh,0,test,0.060039014,fresh,True,3.34232,-0.6825493,35.681,-39.241932
C:\Users\antoc\FreshOrRotten\data\raw\Tomato_Fresh\DSCN4101.jpg_0_3051.jpg,tomato,fresh,0,test,0.37238657,fresh,True,0.3710778,7.813708,-0.9030745,60.31367
C:\Users\antoc\FreshOrRotten\data\raw\Orange_Rotten\saltandpepper_Screen Shot 2018-06-12 at 11.36.53 PM.jpg,orange,rotten,1,test,0.58675504,rotten,True,-1.2201269,1.9852843,-8.892477,12.52741
C:\Users\antoc\FreshOrRotten\data\raw\Banana_Rotten\Image821.jpg,banana,rotten,1,test,0.999589,rotten,True,-9.72822,5.2945333,-45.47866,28.842052
C:\Users\antoc\FreshOrRotten\data\raw\Apple_Rotten\RottenApple (107)!.jpg,apple,rotten,1,test,0.72768855,rotten,True,-1.5234463,-2.089909,-22.488539,-42.172
C:\Users\antoc\FreshOrRotten\data\raw\Apple_Rotten\rotated_by_75_Screen Shot 2018-06-08 at 2.27.15 PM.jpg,apple,rotten,1,test,0.65001476,rotten,True,-1.2247279,-3.0778208,-5.308713,-28.216051
C:\Users\antoc\FreshOrRotten\data\raw\Potato_Fresh\freshPotato (138).jpg,potato,fresh,0,test,0.18080394,fresh,True,1.3943557,-1.1707546,6.4713063,0.3864952
C:\Users\antoc\FreshOrRotten\data\raw\Orange_Rotten\IMG_20190923_182233.jpg,orange,rotten,1,test,0.8701211,rotten,True,-3.0552182,-1.1684468,-24.407291,3.4857256
C:\Users\antoc\FreshOrRotten\data\raw\Apple_Rotten\Screen Shot 2018-06-07 at 2.24.02 PM.jpg,apple,rotten,1,test,0.9020503,rotten,True,-3.0511484,-1.3814366,-25.910652,-34.293922
C:\Users\antoc\FreshOrRotten\data\raw\Banana_Rotten\rotated_by_75_Screen Shot 2018-06-12 at 9.22.19 PM.jpg,banana,rotten,1,test,0.98535776,rotten,True,-5.491955,6.796679,-49.816612,12.770619
C:\Users\antoc\FreshOrRotten\data\raw\Pomegranate_Fresh\20190820_145211_23625.jpg,pomegranate,fresh,0,test,0.00265027,fresh,True,6.6148357,4.42314,34.71217,34.976906
C:\Users\antoc\FreshOrRotten\data\raw\Banana_Fresh\IMG_8549.JPG,banana,fresh,0,test,0.039925814,fresh,True,3.4699252,-0.4682477,28.41106,2.3407154
C:\Users\antoc\FreshOrRotten\data\raw\Banana_Rotten\Image655.jpg,banana,rotten,1,test,0.9992091,rotten,True,-8.91703,3.480939,-42.837708,26.844591
C:\Users\antoc\FreshOrRotten\data\raw\Apple_Rotten\IMG_8155.JPG,apple,rotten,1,test,0.81938046,rotten,True,-2.5432005,-2.8019147,-20.101938,-17.147753
C:\Users\antoc\FreshOrRotten\data\raw\Pomegranate_Fresh\20190820_144349_23252.jpg,pomegranate,fresh,0,test,0.04752925,fresh,True,4.9296083,-2.1335177,50.41906,-13.5453205
C:\Users\antoc\FreshOrRotten\data\raw\Lime_Rotten\IMG_6980.JPG,lime,rotten,1,test,0.9908723,rotten,True,-5.948614,1.2221531,-30.762823,29.151167
C:\Users\antoc\FreshOrRotten\data\raw\Pear_Fresh\Image149.jpg,pear,fresh,0,test,0.009928766,fresh,True,4.9492855,0.79866755,31.084898,11.424545
C:\Users\antoc\FreshOrRotten\data\raw\Peach_Fresh\Image419.jpg,peach,fresh,0,test,0.07781655,fresh,True,2.956263,-2.5417936,32.264217,-38.020176
C:\Users\antoc\FreshOrRotten\data\raw\Potato_Rotten\rottenPotato (380).jpg,potato,rotten,1,test,0.9868721,rotten,True,-6.6730804,-1.2431726,-43.723167,-6.043203
C:\Users\antoc\FreshOrRotten\data\raw\Pomegranate_Rotten\IMG_20190822_085105.jpg,pomegranate,rotten,1,test,0.9625889,rotten,True,-4.585952,0.47464436,-29.233679,6.83363
C:\Users\antoc\FreshOrRotten\data\raw\Tomato_Fresh\DSCN4157.jpg_0_3549.jpg,tomato,fresh,0,test,0.37381932,fresh,True,0.38347974,4.2946663,7.015195,51.7845
C:\Users\antoc\FreshOrRotten\data\raw\Banana_Fresh\freshBanana (425)1.jpg,banana,fresh,0,test,0.14195389,fresh,True,5.2091627,-2.1244764,49.843517,-19.305164
C:\Users\antoc\FreshOrRotten\data\raw\Kaki_Rotten\Image3843.jpg,kaki,rotten,1,test,0.95601094,rotten,True,-4.19591,-0.50879335,-36.895164,-27.850986
C:\Users\antoc\FreshOrRotten\data\raw\Banana_Rotten\Screen Shot 2018-06-12 at 8.58.49 PM.jpg,banana,rotten,1,test,0.99050564,rotten,True,-6.447116,4.3736334,-42.72027,13.923334
C:\Users\antoc\FreshOrRotten\data\raw\Pomegranate_Fresh\20190820_145452_23661.jpg,pomegranate,fresh,0,test,0.0068392735,fresh,True,5.598377,5.5288982,31.653759,41.634563
C:\Users\antoc\FreshOrRotten\data\raw\Potato_Rotten\rottenPotato (324).jpg,potato,rotten,1,test,0.98749536,rotten,True,-6.0536494,1.9121127,-36.775223,8.394835
C:\Users\antoc\FreshOrRotten\data\raw\Papaya_Rotten\Image1761.jpg,papaya,rotten,1,test,0.98889345,rotten,True,-6.122177,-0.5901808,-47.349358,-11.420403
C:\Users\antoc\FreshOrRotten\data\raw\Orange_Rotten\translation_Screen Shot 2018-06-12 at 11.27.55 PM.jpg,orange,rotten,1,test,0.99887997,rotten,True,-8.425192,3.2159185,-54.850624,3.068452
C:\Users\antoc\FreshOrRotten\data\raw\Cucumber_Fresh\freshCucumber (346)1.jpg,cucumber,fresh,0,test,0.34071237,fresh,True,6.7708707,-3.1242216,56.11151,-18.931726
C:\Users\antoc\FreshOrRotten\data\raw\Apple_Fresh\vertical_flip_Screen Shot 2018-06-08 at 5.03.17 PM.jpg,apple,fresh,0,test,0.46886882,fresh,True,-0.30788246,-3.1322715,-17.749989,-39.697063
C:\Users\antoc\FreshOrRotten\data\raw\Pomegranate_Fresh\20190820_145618_23700.jpg,pomegranate,fresh,0,test,0.017477226,fresh,True,4.778798,8.465459,31.558382,45.179054
C:\Users\antoc\FreshOrRotten\data\raw\Kaki_Fresh\Image141.jpg,kaki,fresh,0,test,0.041501965,fresh,True,3.518942,4.664913,13.350164,44.72767
C:\Users\antoc\FreshOrRotten\data\raw\Orange_Rotten\IMG_20190923_175711.jpg,orange,rotten,1,test,0.2299294,fresh,False,0.8396786,0.6745392,-3.099304,9.935395
C:\Users\antoc\FreshOrRotten\data\raw\Orange_Fresh\Screen Shot 2018-06-13 at 12.11.28 AM.jpg,orange,fresh,0,test,0.060945638,fresh,True,2.9849448,-3.5417004,23.18684,-42.848473
C:\Users\antoc\FreshOrRotten\data\raw\Orange_Rotten\IMG_20190824_174921.jpg,orange,rotten,1,test,0.9501443,rotten,True,-4.2110386,-0.7497942,-25.521677,6.5808544
C:\Users\antoc\FreshOrRotten\data\raw\Banana_Fresh\rotated_by_75_Screen Shot 2018-06-12 at 9.58.56 PM.jpg,banana,fresh,0,test,0.05803817,fresh,True,3.3010874,1.0804522,11.164535,19.986946
C:\Users\antoc\FreshOrRotten\data\raw\Banana_Fresh\FreshBanana (13)_1.jpg,banana,fresh,0,test,0.11724098,fresh,True,3.1977324,-2.7916198,39.700485,-16.88346
C:\Users\antoc\FreshOrRotten\data\raw\Apple_Rotten\rottenApple (378)1.jpg,apple,rotten,1,test,0.8678363,rotten,True,-2.766465,-2.405067,-30.263565,-25.13153
C:\Users\antoc\FreshOrRotten\data\raw\Apple_Rotten\Screen Shot 2018-06-07 at 2.38.38 PM.jpg,apple,rotten,1,test,0.48135337,fresh,False,-0.5062213,-3.883963,-1.2832379,-26.327785
C:\Users\antoc\FreshOrRotten\data\raw\Tomato_Rotten\rottenTomato (393)1.jpg,tomato,rotten,1,test,0.88257015,rotten,True,-2.7746391,-1.1048775,-19.023241,25.17509
C:\Users\antoc\FreshOrRotten\data\raw\Pear_Rotten\Image107.jpg,pear,rotten,1,test,0.97787094,rotten,True,-5.4445367,3.9063377,-42.6918,13.198094
C:\Users\antoc\FreshOrRotten\data\raw\Mango_Fresh\freshMango (225).jpg,mango,fresh,0,test,0.27789247,fresh,True,0.7189174,-3.789077,13.201502,-22.768398
C:\Users\antoc\FreshOrRotten\data\raw\Tomato_Rotten\Image2471.jpg,tomato,rotten,1,test,0.8210564,rotten,True,-2.4631362,-2.5484552,-33.18106,-24.203253
C:\Users\antoc\FreshOrRotten\data\raw\Banana_Rotten\rottenBanana (23)1.jpg,banana,rotten,1,test,0.8029432,rotten,True,-2.5356984,3.7545276,-40.6432,14.398127
C:\Users\antoc\FreshOrRotten\data\raw\Grapes_Fresh\FreshGrape (29)!.jpg,grapes,fresh,0,test,0.6101803,rotten,False,-1.087378,-3.2319365,-7.018443,-18.468971
C:\Users\antoc\FreshOrRotten\data\raw\Apple_Fresh\20190809_161504.jpg,apple,fresh,0,test,0.13335942,fresh,True,1.842602,-3.0128374,22.851908,-18.946983
C:\Users\antoc\FreshOrRotten\data\raw\Bellpepper_Fresh\freshPepper (292)1.jpg,bellpepper,fresh,0,test,0.17958677,fresh,True,1.1068573,-3.8575807,12.414468,-40.494343
C:\Users\antoc\FreshOrRotten\data\raw\Tomato_Fresh\freshTomato (139)1.jpg,tomato,fresh,0,test,0.436595,fresh,True,-1.0296429,-3.9592009,-3.5782049,-40.413784
C:\Users\antoc\FreshOrRotten\data\raw\Pomegranate_Fresh\20190820_154513_26558.jpg,pomegranate,fresh,0,test,0.0011627189,fresh,True,7.6314573,4.1459937,37.337643,34.24508
C:\Users\antoc\FreshOrRotten\data\raw\Grapes_Rotten\RottenGrape (42).jpg,grapes,rotten,1,test,0.7645436,rotten,True,-1.9398551,-3.370476,-10.226642,-18.489136
C:\Users\antoc\FreshOrRotten\data\raw\Apple_Rotten\translation_Screen Shot 2018-06-08 at 2.52.05 PM.jpg,apple,rotten,1,test,0.99357575,rotten,True,-6.3447433,1.4492186,-51.75252,3.3560524
C:\Users\antoc\FreshOrRotten\data\raw\Pomegranate_Fresh\20190820_144032_23127.jpg,pomegranate,fresh,0,test,0.004549782,fresh,True,6.0552807,2.3896565,32.178757,23.158447
C:\Users\antoc\FreshOrRotten\data\raw\Apple_Rotten\vertical_flip_Screen Shot 2018-06-08 at 2.33.04 PM.jpg,apple,rotten,1,test,0.9721715,rotten,True,-5.5079594,-1.2031612,-39.85937,-4.1128845
C:\Users\antoc\FreshOrRotten\data\raw\Orange_Fresh\IMG_20190924_152640.jpg,orange,fresh,0,test,0.26673934,fresh,True,0.7734266,-3.5487742,13.988035,-22.51256
C:\Users\antoc\FreshOrRotten\data\raw\Pomegranate_Rotten\IMG20200728125310.jpg,pomegranate,rotten,1,test,0.43508393,fresh,False,5.7392426,-3.5422049,55.566715,-18.423092
C:\Users\antoc\FreshOrRotten\data\raw\Tomato_Rotten\Image835.jpg,tomato,rotten,1,test,0.99929,rotten,True,-9.018917,4.135006,-41.214336,30.418243
C:\Users\antoc\FreshOrRotten\data\raw\Potato_Fresh\freshPotato (428).jpg,potato,fresh,0,test,0.06026207,fresh,True,2.8575892,-1.4941802,28.271868,-13.303923
C:\Users\antoc\FreshOrRotten\data\raw\Strawberry_Fresh\freshStrawberry (236)1.jpg,strawberry,fresh,0,test,0.050615285,fresh,True,2.9768438,-0.37102273,23.972824,-2.4531088
C:\Users\antoc\FreshOrRotten\data\raw\Apple_Fresh\Screen Shot 2018-06-08 at 5.05.06 PM.jpg,apple,fresh,0,test,0.0927108,fresh,True,2.232438,0.19403361,17.442553,32.20265
C:\Users\antoc\FreshOrRotten\data\raw\Orange_Rotten\rotated_by_45_Screen Shot 2018-06-12 at 11.36.48 PM.jpg,orange,rotten,1,test,0.36504868,fresh,False,0.5354175,0.9329664,14.754692,33.640236
C:\Users\antoc\FreshOrRotten\data\raw\Orange_Rotten\IMG_20190824_175106.jpg,orange,rotten,1,test,0.9293725,rotten,True,-3.7949347,-1.0969787,-25.094296,6.100197
C:\Users\antoc\FreshOrRotten\data\raw\Banana_Rotten\saltandpepper_Screen Shot 2018-06-12 at 9.25.34 PM.jpg,banana,rotten,1,test,0.9951184,rotten,True,-7.0424767,6.221157,-43.38697,19.52847
C:\Users\antoc\FreshOrRotten\data\raw\Apple_Rotten\RottenApple (92)!.jpg,apple,rotten,1,test,0.5395831,rotten,True,-0.65798295,-2.757256,-16.011395,-37.48225
C:\Users\antoc\FreshOrRotten\data\raw\Mango_Fresh\freshMango (51).jpg,mango,fresh,0,test,0.06484967,fresh,True,3.2080655,-1.3704666,28.735243,-9.095571
C:\Users\antoc\FreshOrRotten\data\raw\Apple_Rotten\rottenApple (476)1.jpg,apple,rotten,1,test,0.89297366,rotten,True,-3.1908338,-2.3342714,-20.398062,-8.045072
C:\Users\antoc\FreshOrRotten\data\raw\Lime_Rotten\IMG_20190822_075922.jpg,lime,rotten,1,test,0.78245836,rotten,True,-2.40059,1.1431029,-11.503497,11.37421
C:\Users\antoc\FreshOrRotten\data\raw\Bellpepper_Rotten\Image1783.jpg,bellpepper,rotten,1,test,0.99037594,rotten,True,-5.9206743,1.0177034,-30.936285,21.216465
C:\Users\antoc\FreshOrRotten\data\raw\Papaya_Fresh\Image71.jpg,papaya,fresh,0,test,0.024217226,fresh,True,5.812163,-1.6500733,46.640335,-20.585485
C:\Users\antoc\FreshOrRotten\data\raw\Pomegranate_Fresh\IMG20200728182129_27455.jpg,pomegranate,fresh,0,test,0.2990173,fresh,True,0.40490967,2.279517,-9.825943,18.882841
C:\Users\antoc\FreshOrRotten\data\raw\Grape_Rotten\Image1281.jpg,grape,rotten,1,test,0.9985493,rotten,True,-9.98134,2.177218,-65.58414,5.1538343
C:\Users\antoc\FreshOrRotten\data\raw\Orange_Rotten\IMG_20190923_175759.jpg,orange,rotten,1,test,0.8851386,rotten,True,-3.2127213,-1.7123369,-23.635748,2.9221404
C:\Users\antoc\FreshOrRotten\data\raw\Banana_Rotten\RottenBanana (185)!.jpg,banana,rotten,1,test,0.9992943,rotten,True,-9.014586,3.5430472,-43.832954,26.923288
C:\Users\antoc\FreshOrRotten\data\raw\Apple_Fresh\20190812_182611.jpg,apple,fresh,0,test,0.016819103,fresh,True,4.46251,0.64427906,33.821114,9.6693
C:\Users\antoc\FreshOrRotten\data\raw\Bellpepper_Fresh\IMG_20200825_144639.jpg_0_7873.jpg,bellpepper,fresh,0,test,0.2902638,fresh,True,0.56126326,-1.5061193,11.586954,-9.465287
C:\Users\antoc\FreshOrRotten\data\raw\Banana_Fresh\rotated_by_30_Screen Shot 2018-06-12 at 9.54.56 PM.jpg,banana,fresh,0,test,0.01750316,fresh,True,4.5250063,4.139958,6.653581,23.224842
C:\Users\antoc\FreshOrRotten\data\raw\Pomegranate_Rotten\IMG_20190829_071824.jpg,pomegranate,rotten,1,test,0.3781304,fresh,False,0.30120817,-2.0503159,-16.22271,-40.65018
C:\Users\antoc\FreshOrRotten\data\raw\Guava_Rotten\IMG20200728184835.jpg,guava,rotten,1,test,0.38332695,fresh,False,-0.11292975,0.46308267,-5.502431,9.63726
C:\Users\antoc\FreshOrRotten\data\raw\Cucumber_Fresh\freshCucumber (112)1.jpg,cucumber,fresh,0,test,0.012085165,fresh,True,4.664832,0.3662079,31.085135,7.99788
C:\Users\antoc\FreshOrRotten\data\raw\Bellpepper_Rotten\WhatsApp Image 2020-11-07 at 11.30.47 PM (1).jpeg_0_9424.jpg,bellpepper,rotten,1,test,0.4953727,fresh,False,-0.2891182,-0.8586255,-8.140176,2.05366
C:\Users\antoc\FreshOrRotten\data\raw\Apple_Rotten\rotated_by_30_Screen Shot 2018-06-07 at 2.50.43 PM.jpg,apple,rotten,1,test,0.8207792,rotten,True,-2.2519207,-2.2232678,-24.936182,-36.395412
C:\Users\antoc\FreshOrRotten\data\raw\Banana_Rotten\IMG_20190910_175724.jpg,banana,rotten,1,test,0.9989808,rotten,True,-8.805612,2.9669724,-43.5271,24.074192
C:\Users\antoc\FreshOrRotten\data\raw\Apple_Rotten\translation_Screen Shot 2018-06-07 at 3.17.32 PM.jpg,apple,rotten,1,test,0.9551836,rotten,True,-4.160514,-1.9655869,-28.559391,-9.980396
C:\Users\antoc\FreshOrRotten\data\raw\Bellpepper_Rotten\WhatsApp Image 2020-11-07 at 11.35.37 PM.jpg_0_6316.jpg,bellpepper,rotten,1,test,0.90470254,rotten,True,-3.2435331,-2.637506,-23.86279,-12.13438
C:\Users\antoc\FreshOrRotten\data\raw\Guava_Rotten\IMG20200728185013.jpg,guava,rotten,1,test,0.3800892,fresh,False,0.025360169,-0.6445806,-5.071775,7.1132665
C:\Users\antoc\FreshOrRotten\data\raw\Bellpepper_Rotten\Image1603.jpg,bellpepper,rotten,1,test,0.97923684,rotten,True,-4.985354,0.26588845,-30.512598,19.955683
C:\Users\antoc\FreshOrRotten\data\raw\Banana_Fresh\Image353.jpg,banana,fresh,0,test,0.26175568,fresh,True,0.8098616,0.7701043,3.9367616,35.43862
C:\Users\antoc\FreshOrRotten\data\raw\Guava_Rotten\IMG_20190822_080834.jpg,guava,rotten,1,test,0.95837176,rotten,True,-4.693614,1.1537195,-32.97136,3.8287108
C:\Users\antoc\FreshOrRotten\data\raw\Potato_Rotten\rottenPotato (537).jpg,potato,rotten,1,test,0.9937358,rotten,True,-7.016612,1.6152048,-40.493954,5.547217
C:\Users\antoc\FreshOrRotten\data\raw\Lime_Rotten\IMG_20190923_183735.jpg,lime,rotten,1,test,0.61492616,rotten,True,-1.2795218,-0.94149363,-8.255822,7.1106825
C:\Users\antoc\FreshOrRotten\data\raw\Grapes_Rotten\RottenGrape (109).jpg,grapes,rotten,1,test,0.64092445,rotten,True,-1.2598999,-2.3346024,-8.119385,-15.954926
C:\Users\antoc\FreshOrRotten\data\raw\Peach_Rotten\Image4465.jpg,peach,rotten,1,test,0.9231458,rotten,True,-3.6002016,-1.6330655,-25.94093,-6.579577
C:\Users\antoc\FreshOrRotten\data\raw\Lime_Rotten\IMG_7356.JPG,lime,rotten,1,test,0.5149902,rotten,True,-0.6054137,-3.8987007,-4.9550705,-24.32433
C:\Users\antoc\FreshOrRotten\data\raw\Potato_Fresh\freshPotato (23).jpg,potato,fresh,0,test,0.2738242,fresh,True,0.5986564,0.21420279,-2.5440826,9.146931
C:\Users\antoc\FreshOrRotten\data\raw\Grapes_Fresh\FreshGrape (117)!.jpg,grapes,fresh,0,test,0.38752043,fresh,True,0.39129737,-3.7175796,11.896304,-19.854704
C:\Users\antoc\FreshOrRotten\data\raw\Orange_Fresh\IMG_2467.JPG,orange,fresh,0,test,0.14550772,fresh,True,3.6381347,-2.8570437,47.0103,-16.480703
C:\Users\antoc\FreshOrRotten\data\raw\Grapes_Fresh\FreshGrape (67)!.jpg,grapes,fresh,0,test,0.07711019,fresh,True,2.9060469,-2.5558844,35.1785,-13.323144
C:\Users\antoc\FreshOrRotten\data\raw\Tomato_Fresh\tomato1_13.jpg_0_8128.jpg,tomato,fresh,0,test,0.013138738,fresh,True,5.113561,7.394241,15.97519,53.46943
C:\Users\antoc\FreshOrRotten\data\raw\Apple_Fresh\rotated_by_45_Screen Shot 2018-06-08 at 5.32.50 PM.jpg,apple,fresh,0,test,0.057326782,fresh,True,5.5436926,-0.27739406,43.61516,-7.8478665
C:\Users\antoc\FreshOrRotten\data\raw\Cucumber_Fresh\Image327.jpg,cucumber,fresh,0,test,0.0014180358,fresh,True,9.203261,1.927321,51.25151,-4.0915675
C:\Users\antoc\FreshOrRotten\data\raw\Banana_Rotten\IMG_8010.JPG,banana,rotten,1,test,0.9927771,rotten,True,-6.2141976,1.6090608,-30.693275,30.924234
C:\Users\antoc\FreshOrRotten\data\raw\Orange_Rotten\Screen Shot 2018-06-12 at 11.30.11 PM.jpg,orange,rotten,1,test,0.18037629,fresh,False,1.1468157,-3.7293315,16.928965,-39.588516
C:\Users\antoc\FreshOrRotten\data\raw\Pomegranate_Fresh\20190820_145722_23767.jpg,pomegranate,fresh,0,test,0.050022803,fresh,True,2.9024048,2.6101391,20.548277,19.748314
C:\Users\antoc\FreshOrRotten\data\raw\Potato_Rotten\rottenPotato (132).jpg,potato,rotten,1,test,0.73064077,rotten,True,-1.76682,-3.3569736,-9.353746,-17.596296
C:\Users\antoc\FreshOrRotten\data\raw\Peach_Rotten\Image4323.jpg,peach,rotten,1,test,0.7580072,rotten,True,-1.840343,-1.8942435,-12.046666,-5.5711846
C:\Users\antoc\FreshOrRotten\data\raw\Apple_Fresh\20190809_165754.jpg,apple,fresh,0,test,0.28122094,fresh,True,0.61344904,-2.4615276,13.705231,-28.202658
C:\Users\antoc\FreshOrRotten\data\raw\Cucumber_Fresh\freshCucumber (477)1.jpg,cucumber,fresh,0,test,0.07412193,fresh,True,2.5277734,-0.22168161,7.785219,9.281735
C:\Users\antoc\FreshOrRotten\data\raw\Bellpepper_Rotten\rottenPepper (398)1.jpg,bellpepper,rotten,1,test,0.5465408,rotten,True,-0.9087593,-0.74865246,-6.6655755,6.418097
C:\Users\antoc\FreshOrRotten\data\raw\Bellpepper_Rotten\Image287.jpg,bellpepper,rotten,1,test,0.9244524,rotten,True,-3.3960528,-1.3837322,-33.893337,-35.141586
C:\Users\antoc\FreshOrRotten\data\raw\Banana_Rotten\rottenBanana (126)1.jpg,banana,rotten,1,test,0.9993061,rotten,True,-9.349804,4.9910693,-55.87568,9.892133
C:\Users\antoc\FreshOrRotten\data\raw\Lime_Fresh\IMG_20190902_110808.jpg,lime,fresh,0,test,0.021733457,fresh,True,4.1199284,-0.12795727,31.29877,2.229143
C:\Users\antoc\FreshOrRotten\data\raw\Grape_Fresh\Image439.jpg,grape,fresh,0,test,0.11004141,fresh,True,0.12753364,-4.7168455,1.3165951,-48.14715
C:\Users\antoc\FreshOrRotten\data\raw\Banana_Fresh\IMG_9117.JPG,banana,fresh,0,test,0.44631684,fresh,True,-0.0254153,-2.6842027,3.1290987,-10.904365
C:\Users\antoc\FreshOrRotten\data\raw\Tomato_Rotten\Image401 (2).jpg,tomato,rotten,1,test,0.9989686,rotten,True,-8.444191,3.5764112,-38.121185,29.742857
C:\Users\antoc\FreshOrRotten\data\raw\Pomegranate_Fresh\20190820_152827_25237.jpg,pomegranate,fresh,0,test,0.015332783,fresh,True,4.613441,1.2409654,24.777481,30.477343
C:\Users\antoc\FreshOrRotten\data\raw\Orange_Rotten\rotated_by_75_Screen Shot 2018-06-12 at 11.31.52 PM.jpg,orange,rotten,1,test,0.7943259,rotten,True,-1.9921772,-1.8122572,-12.968554,-29.471163
C:\Users\antoc\FreshOrRotten\data\raw\Orange_Rotten\rotated_by_60_Screen Shot 2018-06-12 at 11.29.51 PM.jpg,orange,rotten,1,test,0.5014282,rotten,True,-0.91588706,-3.0926394,-11.631775,-40.144512
C:\Users\antoc\FreshOrRotten\data\raw\Guava_Rotten\IMG_20190829_072414_1.jpg,guava,rotten,1,test,0.9981741,rotten,True,-7.886522,2.6911764,-38.991333,26.117771
C:\Users\antoc\FreshOrRotten\data\raw\Bellpepper_Fresh\IMG_20200825_144639.jpg_0_6934.jpg,bellpepper,fresh,0,test,0.14851636,fresh,True,1.7505311,0.012147632,6.5459127,-2.757689
C:\Users\antoc\FreshOrRotten\data\raw\Bellpepper_Fresh\IMG_20200823_131812.jpg_0_5354.jpg,bellpepper,fresh,0,test,0.0064090723,fresh,True,7.1018257,1.2109084,50.093163,-6.0156364
C:\Users\antoc\FreshOrRotten\data\raw\Tomato_Rotten\Image275 (2).jpg,tomato,rotten,1,test,0.99731797,rotten,True,-7.271759,2.6662922,-35.81288,28.037699
C:\Users\antoc\FreshOrRotten\data\raw\Orange_Fresh\IMG_20190924_153147.jpg,orange,fresh,0,test,0.1147828,fresh,True,2.0317373,-2.9408205,22.748606,-17.953733
C:\Users\antoc\FreshOrRotten\data\raw\Pomegranate_Rotten\IMG_20190822_084508_1.jpg,pomegranate,rotten,1,test,0.9599237,rotten,True,-4.041827,0.11129171,-22.212782,29.43242
C:\Users\antoc\FreshOrRotten\data\raw\Pomegranate_Rotten\IMG_20190829_071637.jpg,pomegranate,rotten,1,test,0.9841068,rotten,True,-5.073065,1.3603157,-24.510902,32.74577
C:\Users\antoc\FreshOrRotten\data\raw\Pomegranate_Rotten\IMG_20190824_181351.jpg,pomegranate,rotten,1,test,0.7500694,rotten,True,-1.5492401,-1.6583503,-13.9319105,33.34584
C:\Users\antoc\FreshOrRotten\data\raw\Banana_Rotten\IMG_20190910_175524.jpg,banana,rotten,1,test,0.99926096,rotten,True,-9.617204,2.4827235,-57.42059,6.82294
C:\Users\antoc\FreshOrRotten\data\raw\Apple_Fresh\vertical_flip_Screen Shot 2018-06-08 at 5.16.06 PM.jpg,apple,fresh,0,test,0.03503539,fresh,True,5.0079203,-0.576167,43.117157,-9.49917
C:\Users\antoc\FreshOrRotten\data\raw\Apple_Fresh\freshApple (34)1.jpg,apple,fresh,0,test,0.18919368,fresh,True,1.1182811,-4.0057397,8.905467,-36.025757
C:\Users\antoc\FreshOrRotten\data\raw\Tomato_Rotten\Image2387.jpg,tomato,rotten,1,test,0.5869303,rotten,True,-0.9525795,-3.0012836,-32.07604,-23.885687
C:\Users\antoc\FreshOrRotten\data\raw\Banana_Rotten\rotated_by_75_Screen Shot 2018-06-12 at 9.23.24 PM.jpg,banana,rotten,1,test,0.9449675,rotten,True,-3.9129653,2.1604114,-46.948963,10.55235
C:\Users\antoc\FreshOrRotten\data\raw\Apple_Fresh\rotated_by_15_Screen Shot 2018-06-08 at 5.12.34 PM.jpg,apple,fresh,0,test,0.022718798,fresh,True,3.9440453,3.526169,24.17633,37.11501
C:\Users\antoc\FreshOrRotten\data\raw\Tomato_Rotten\Image2587.jpg,tomato,rotten,1,test,0.92973024,rotten,True,-3.7618093,-1.7667649,-35.206333,-24.01562
C:\Users\antoc\FreshOrRotten\data\raw\Cucumber_Rotten\rottenCucumber (516)1.jpg,cucumber,rotten,1,test,0.43586966,fresh,False,1.9477267,-3.7778049,44.72571,-17.09617
C:\Users\antoc\FreshOrRotten\data\raw\Potato_Fresh\freshPotato (343).jpg,potato,fresh,0,test,0.03466814,fresh,True,3.74958,2.6169274,24.432106,34.133957
C:\Users\antoc\FreshOrRotten\data\raw\Orange_Fresh\IMG20200728130818.jpg,orange,fresh,0,test,0.119236946,fresh,True,4.9510202,-2.7099357,51.319588,-14.825477
C:\Users\antoc\FreshOrRotten\data\raw\Cucumber_Fresh\freshCucumber (570)1.jpg,cucumber,fresh,0,test,0.027588692,fresh,True,3.666861,-0.55129087,29.407772,-0.82641494
C:\Users\antoc\FreshOrRotten\data\raw\Guava_Fresh\FreshGuava (100).jpg,guava,fresh,0,test,0.09490036,fresh,True,2.5578423,-2.6353822,35.483566,-13.182712
C:\Users\antoc\FreshOrRotten\data\raw\Apple_Rotten\vertical_flip_Screen Shot 2018-06-07 at 2.43.13 PM.jpg,apple,rotten,1,test,0.6137023,rotten,True,-0.49446484,0.2244021,-25.247343,-49.21166
C:\Users\antoc\FreshOrRotten\data\raw\Banana_Fresh\freshBanana (398)1.jpg,banana,fresh,0,test,0.4717579,fresh,True,-0.3074554,-3.2117949,5.958713,-29.206898
C:\Users\antoc\FreshOrRotten\data\raw\Orange_Fresh\Screen Shot 2018-06-13 at 12.02.41 AM.jpg,orange,fresh,0,test,0.10618812,fresh,True,1.7798514,-4.0762725,18.451574,-44.368664
C:\Users\antoc\FreshOrRotten\data\raw\Banana_Fresh\IMG20200730132213.jpg,banana,fresh,0,test,0.20515051,fresh,True,3.112347,-3.2298799,49.52522,-11.544412
C:\Users\antoc\FreshOrRotten\data\raw\Pomegranate_Fresh\20190820_153649_25939.jpg,pomegranate,fresh,0,test,0.0054386975,fresh,True,5.7125387,2.6381097,30.82617,23.206442
C:\Users\antoc\FreshOrRotten\data\raw\Orange_Rotten\rotated_by_45_Screen Shot 2018-06-12 at 11.38.46 PM.jpg,orange,rotten,1,test,0.8190498,rotten,True,-2.1063747,-1.8287596,-25.657263,-36.75969
C:\Users\antoc\FreshOrRotten\data\raw\Guava_Rotten\IMG20200728184857_01.jpg,guava,rotten,1,test,0.4532941,fresh,False,-0.6189661,1.8120611,-8.012775,12.694955
C:\Users\antoc\FreshOrRotten\data\raw\Lime_Fresh\IMG_20190902_110833.jpg,lime,fresh,0,test,0.035306502,fresh,True,3.5473819,-0.9989078,32.23767,-4.0767446
C:\Users\antoc\FreshOrRotten\data\raw\Pomegranate_Fresh\20190820_152744_25168.jpg,pomegranate,fresh,0,test,0.0028478357,fresh,True,6.6466484,4.918446,33.252205,37.477142
C:\Users\antoc\FreshOrRotten\data\raw\Strawberry_Rotten\RottenStrawberry (59)!.jpg,strawberry,rotten,1,test,0.99279493,rotten,True,-5.9536104,2.3399208,-25.448673,36.684166
C:\Users\antoc\FreshOrRotten\data\raw\Peach_Fresh\Image169.jpg,peach,fresh,0,test,0.056693237,fresh,True,3.3901844,-2.4709058,31.64418,-38.881676
C:\Users\antoc\FreshOrRotten\data\raw\Lime_Fresh\IMG_20190902_111311.jpg,lime,fresh,0,test,0.08136793,fresh,True,2.4866533,-2.5049236,23.863853,-16.707624
C:\Users\antoc\FreshOrRotten\data\raw\Grape_Fresh\Image203.jpg,grape,fresh,0,test,0.08395365,fresh,True,0.9238363,-4.679652,2.9198213,-46.816986
C:\Users\antoc\FreshOrRotten\data\raw\Jujube_Fresh\FreshJujube (17).jpg,jujube,fresh,0,test,0.10863857,fresh,True,1.9051269,1.0698637,0.7658902,11.762659
C:\Users\antoc\FreshOrRotten\data\raw\Pomegranate_Fresh\20190820_150344_24118.jpg,pomegranate,fresh,0,test,0.0019953335,fresh,True,7.0266714,5.7439923,34.421516,40.301147
C:\Users\antoc\FreshOrRotten\data\raw\Tomato_Fresh\tomato1_6.jpg_0_3143.jpg,tomato,fresh,0,test,0.08334741,fresh,True,2.7648175,5.5914955,12.301152,53.20467
C:\Users\antoc\FreshOrRotten\data\raw\Orange_Fresh\IMG20200728130812.jpg,orange,fresh,0,test,0.092955455,fresh,True,5.349581,-2.3575075,50.323357,-15.928163
C:\Users\antoc\FreshOrRotten\data\raw\Cucumber_Rotten\rottenCucumber (447)1.jpg,cucumber,rotten,1,test,0.39030617,fresh,False,0.053335756,-0.18916558,-4.318002,8.629861
C:\Users\antoc\FreshOrRotten\data\raw\Lime_Fresh\IMG_20190902_103942.jpg,lime,fresh,0,test,0.008362127,fresh,True,5.23156,1.4053036,30.126436,15.497928
C:\Users\antoc\FreshOrRotten\data\raw\Bellpepper_Rotten\Image2321.jpg,bellpepper,rotten,1,test,0.997673,rotten,True,-7.5150566,2.7409627,-36.25472,28.804409
C:\Users\antoc\FreshOrRotten\data\raw\Banana_Rotten\IMG_20190910_175419_1.jpg,banana,rotten,1,test,0.97313607,rotten,True,-4.6534095,1.021563,-23.866276,28.619175
C:\Users\antoc\FreshOrRotten\data\raw\Apple_Rotten\rotated_by_45_Screen Shot 2018-06-08 at 2.36.01 PM.jpg,apple,rotten,1,test,0.8806764,rotten,True,-2.930388,-2.6979249,-22.840202,-20.009745
C:\Users\antoc\FreshOrRotten\data\raw\Banana_Rotten\IMG20200730132855.jpg,banana,rotten,1,test,0.17875604,fresh,False,5.112532,-2.823356,53.99627,-15.482167
C:\Users\antoc\FreshOrRotten\data\raw\Watermelon_Rotten\Image357.jpg,watermelon,rotten,1,test,0.7264449,rotten,True,-1.8030076,-3.4114194,-18.844757,-16.83502
C:\Users\antoc\FreshOrRotten\data\raw\Cucumber_Fresh\freshCucumber (581)1.jpg,cucumber,fresh,0,test,0.026324853,fresh,True,3.7807393,-0.5076314,29.665588,-0.8379261
C:\Users\antoc\FreshOrRotten\data\raw\Pomegranate_Rotten\IMG_20190822_085037_1.jpg,pomegranate,rotten,1,test,0.94087285,rotten,True,-3.7275093,0.0686399,-22.58636,26.13277
C:\Users\antoc\FreshOrRotten\data\raw\Pomegranate_Fresh\20190820_154831_26887.jpg,pomegranate,fresh,0,test,0.011388445,fresh,True,4.711553,3.2176456,23.915447,21.033268
C:\Users\antoc\FreshOrRotten\data\raw\Grape_Fresh\Image67.jpg,grape,fresh,0,test,0.07930488,fresh,True,1.0486795,-4.6681066,3.269061,-46.668312
C:\Users\antoc\FreshOrRotten\data\raw\Bitter_Gourd_Rotten\IMG_20200901_181731.jpg_0_5459.jpg,bitter_gourd,rotten,1,test,0.9987494,rotten,True,-8.561688,2.6520162,-54.54053,10.077172
C:\Users\antoc\FreshOrRotten\data\raw\Pomegranate_Fresh\FreshPomegranate (66)!.jpg,pomegranate,fresh,0,test,0.514386,rotten,False,-0.8534022,-3.0444329,-12.933255,-42.97942
C:\Users\antoc\FreshOrRotten\data\raw\Bitter_Gourd_Rotten\IMG_20200824_182248.jpg_0_483.jpg,bitter_gourd,rotten,1,test,0.9675093,rotten,True,-4.6813993,-0.24999249,-36.19291,0.6325937
C:\Users\antoc\FreshOrRotten\data\raw\Cucumber_Fresh\Image1399.jpg,cucumber,fresh,0,test,0.0012066921,fresh,True,23.002163,4.204923,59.075798,-22.970192
C:\Users\antoc\FreshOrRotten\data\raw\Lime_Fresh\IMG20200728191236_01.jpg,lime,fresh,0,test,0.08334832,fresh,True,2.3555615,-0.12915242,4.346832,7.206437
C:\Users\antoc\FreshOrRotten\data\raw\Pomegranate_Fresh\20190820_150142_24017.jpg,pomegranate,fresh,0,test,0.00477665,fresh,True,5.9926834,4.310779,31.146687,36.495235
C:\Users\antoc\FreshOrRotten\data\raw\Bellpepper_Fresh\freshPepper (589)1.jpg,bellpepper,fresh,0,test,0.070240736,fresh,True,2.8360825,-1.4769537,35.885666,-6.7872634
C:\Users\antoc\FreshOrRotten\data\raw\Apple_Fresh\rotated_by_30_Screen Shot 2018-06-08 at 5.22.15 PM.jpg,apple,fresh,0,test,0.061186805,fresh,True,3.2225456,5.445308,12.127913,52.85431
C:\Users\antoc\FreshOrRotten\data\raw\Tomato_Rotten\DSCN4239.jpg_0_5733.jpg,tomato,rotten,1,test,0.51770145,rotten,True,-0.34440264,8.693909,-0.45866507,61.86511
C:\Users\antoc\FreshOrRotten\data\raw\Bellpepper_Fresh\freshPepper (306)1.jpg,bellpepper,fresh,0,test,0.2730477,fresh,True,0.4472102,-3.6975667,12.147772,-40.15538
C:\Users\antoc\FreshOrRotten\data\raw\Banana_Rotten\rottenBanana (346)1.jpg,banana,rotten,1,test,0.99009985,rotten,True,-6.344384,0.29904574,-38.28632,3.7144885
C:\Users\antoc\FreshOrRotten\data\raw\Tomato_Fresh\tomato1_8.jpg_0_4298.jpg,tomato,fresh,0,test,0.05324062,fresh,True,3.28617,6.136547,13.475239,52.909546
C:\Users\antoc\FreshOrRotten\data\raw\Apple_Rotten\rotated_by_45_Screen Shot 2018-06-07 at 2.19.37 PM.jpg,apple,rotten,1,test,0.9745634,rotten,True,-4.6493526,0.15742707,-33.96678,-39.371998
C:\Users\antoc\FreshOrRotten\data\raw\Apple_Fresh\rotated_by_45_Screen Shot 2018-06-08 at 5.11.52 PM.jpg,apple,fresh,0,test,0.12649448,fresh,True,2.4182687,5.5724583,11.667209,55.223606
C:\Users\antoc\FreshOrRotten\data\raw\Apple_Rotten\translation_Screen Shot 2018-06-08 at 2.45.05 PM.jpg,apple,rotten,1,test,0.98839754,rotten,True,-5.8878756,0.5857848,-51.699776,2.7052763
C:\Users\antoc\FreshOrRotten\data\raw\Pomegranate_Rotten\IMG_20190822_084345.jpg,pomegranate,rotten,1,test,0.9163518,rotten,True,-3.1152418,0.5171871,-20.660486,28.85717
C:\Users\antoc\FreshOrRotten\data\raw\Pomegranate_Fresh\20190820_145500.jpg,pomegranate,fresh,0,test,0.0023256042,fresh,True,6.7224116,5.4321814,34.39744,38.54326
C:\Users\antoc\FreshOrRotten\data\raw\Tomato_Fresh\freshTomato (227)1.jpg,tomato,fresh,0,test,0.43900546,fresh,True,-0.43263826,-4.059,-0.21440257,-32.68423
C:\Users\antoc\FreshOrRotten\data\raw\Apple_Rotten\rottenApple (397)1.jpg,apple,rotten,1,test,0.894402,rotten,True,-2.821876,-1.4547416,-29.960056,-38.976593
C:\Users\antoc\FreshOrRotten\data\raw\Guava_Rotten\IMG20200728184932.jpg,guava,rotten,1,test,0.67669916,rotten,True,-1.6341069,0.88976336,-9.547275,10.609891
C:\Users\antoc\FreshOrRotten\data\raw\Pomegranate_Rotten\RottenPomegranate (125)!.jpg,pomegranate,rotten,1,test,0.8661437,rotten,True,-2.570746,-1.243278,-26.553541,-40.808258
C:\Users\antoc\FreshOrRotten\data\raw\Orange_Rotten\rotated_by_30_Screen Shot 2018-06-12 at 11.26.49 PM.jpg,orange,rotten,1,test,0.9794566,rotten,True,-5.05608,0.21140587,-49.12859,3.3257182
C:\Users\antoc\FreshOrRotten\data\raw\Banana_Fresh\saltandpepper_Screen Shot 2018-06-12 at 9.53.30 PM.jpg,banana,fresh,0,test,0.09150444,fresh,True,2.4543495,0.056679506,9.078573,1.8455313
C:\Users\antoc\FreshOrRotten\data\raw\Peach_Rotten\Image4173.jpg,peach,rotten,1,test,0.49441063,fresh,False,-0.33513328,-2.12361,-9.098227,-6.109743
C:\Users\antoc\FreshOrRotten\data\raw\Guava_Fresh\FreshGuava (74).jpg,guava,fresh,0,test,0.10402882,fresh,True,2.785443,-2.749338,35.792595,-13.832153
C:\Users\antoc\FreshOrRotten\data\raw\Orange_Fresh\translation_Screen Shot 2018-06-12 at 11.59.38 PM.jpg,orange,fresh,0,test,0.28111938,fresh,True,0.71930295,-2.9901881,17.407957,-41.797924
C:\Users\antoc\FreshOrRotten\data\raw\Bellpepper_Fresh\freshPepper (80)1.jpg,bellpepper,fresh,0,test,0.16578262,fresh,True,2.0079656,-3.4554873,22.156677,-20.776077
C:\Users\antoc\FreshOrRotten\data\raw\Tomato_Rotten\DSCN4171.jpg_0_7598.jpg,tomato,rotten,1,test,0.2916119,fresh,False,0.86175174,8.798052,0.014947651,61.40908
C:\Users\antoc\FreshOrRotten\data\raw\Pomegranate_Fresh\20190820_151512_24692.jpg,pomegranate,fresh,0,test,0.019826854,fresh,True,4.358532,-0.3471816,37.971703,1.1934991
C:\Users\antoc\FreshOrRotten\data\raw\Lime_Fresh\IMG_20190902_110850_1.jpg,lime,fresh,0,test,0.028450007,fresh,True,3.831712,-0.86953485,33.70543,-3.8813958
C:\Users\antoc\FreshOrRotten\data\raw\Apple_Fresh\translation_Screen Shot 2018-06-08 at 5.08.52 PM.jpg,apple,fresh,0,test,0.0026166977,fresh,True,7.8078322,4.0087643,10.975648,25.552773
C:\Users\antoc\FreshOrRotten\data\raw\Pomegranate_Rotten\IMG_20190824_181243_1.jpg,pomegranate,rotten,1,test,0.8553077,rotten,True,-1.9966681,-0.40658206,-16.585207,35.040115
C:\Users\antoc\FreshOrRotten\data\raw\Pear_Fresh\Image339.jpg,pear,fresh,0,test,0.014827008,fresh,True,4.4681783,0.5600223,30.436274,10.661959
C:\Users\antoc\FreshOrRotten\data\raw\Tomato_Rotten\rottenTomato (60)1.jpg,tomato,rotten,1,test,0.2874619,fresh,False,-0.18654135,-4.2328095,-0.36609843,-41.389214
C:\Users\antoc\FreshOrRotten\data\raw\Bellpepper_Rotten\Image175.jpg,bellpepper,rotten,1,test,0.9142954,rotten,True,-3.2135937,-1.5383486,-33.636173,-34.728527
C:\Users\antoc\FreshOrRotten\data\raw\Lime_Rotten\IMG_7038.JPG,lime,rotten,1,test,0.8271267,rotten,True,-2.715096,0.0721779,-12.24542,11.716688
C:\Users\antoc\FreshOrRotten\data\raw\Carrot_Rotten\rottenCarrot (343).jpg,carrot,rotten,1,test,0.9962388,rotten,True,-8.971833,0.8247129,-45.244057,-4.3376036
C:\Users\antoc\FreshOrRotten\data\raw\Pomegranate_Fresh\20190820_144850_23488.jpg,pomegranate,fresh,0,test,0.0005313587,fresh,True,8.526823,6.0786924,38.92042,38.189365
C:\Users\antoc\FreshOrRotten\data\raw\Orange_Rotten\rottenOrange (395)1.jpg,orange,rotten,1,test,0.9167645,rotten,True,-3.5319035,-1.5452821,-22.575672,7.55181
C:\Users\antoc\FreshOrRotten\data\raw\Banana_Rotten\rotated_by_15_Screen Shot 2018-06-12 at 9.26.07 PM.jpg,banana,rotten,1,test,0.94280773,rotten,True,-3.9949603,4.08016,-47.300407,12.429503
C:\Users\antoc\FreshOrRotten\data\raw\Banana_Rotten\rotated_by_75_Screen Shot 2018-06-12 at 9.05.43 PM.jpg,banana,rotten,1,test,0.9742148,rotten,True,-4.371825,13.195215,-50.82081,15.052137
C:\Users\antoc\FreshOrRotten\data\raw\Apple_Rotten\Screen Shot 2018-06-07 at 2.45.18 PM.jpg,apple,rotten,1,test,0.53331417,rotten,True,-0.76181823,-3.6473799,-4.9601116,-25.33765
C:\Users\antoc\FreshOrRotten\data\raw\Lime_Fresh\IMG_20190902_103654.jpg,lime,fresh,0,test,0.054705188,fresh,True,2.9161692,-0.3840688,8.2894125,8.511079
C:\Users\antoc\FreshOrRotten\data\raw\Mango_Rotten\rottenMango (120).jpg,mango,rotten,1,test,0.9006473,rotten,True,-2.9078546,-0.60536855,-14.192278,37.12501
C:\Users\antoc\FreshOrRotten\data\raw\Bellpepper_Fresh\freshPepper (287)1.jpg,bellpepper,fresh,0,test,0.010710469,fresh,True,5.486024,1.4037793,42.782227,13.1379175
C:\Users\antoc\FreshOrRotten\data\raw\Banana_Fresh\IMG_9059.JPG,banana,fresh,0,test,0.24838611,fresh,True,0.95495826,-1.616391,12.839804,-12.935457
C:\Users\antoc\FreshOrRotten\data\raw\Apple_Fresh\rotated_by_15_Screen Shot 2018-06-08 at 5.20.08 PM.jpg,apple,fresh,0,test,0.006661743,fresh,True,6.0413675,8.075165,18.095175,54.702366
C:\Users\antoc\FreshOrRotten\data\raw\Apple_Rotten\rotated_by_45_Screen Shot 2018-06-08 at 2.30.26 PM.jpg,apple,rotten,1,test,0.8166016,rotten,True,-2.0293171,-3.2345448,-21.58517,-22.607365
C:\Users\antoc\FreshOrRotten\data\raw\Mango_Fresh\freshMango (152).jpg,mango,fresh,0,test,0.1250268,fresh,True,2.1026473,-1.9694024,20.73854,-13.010394
C:\Users\antoc\FreshOrRotten\data\raw\Tomato_Rotten\Copy of IMG_20200729_164219.jpg_0_7214.jpg,tomato,rotten,1,test,0.85622454,rotten,True,-2.239562,-1.3519101,-26.824085,-44.566433
C:\Users\antoc\FreshOrRotten\data\raw\Apple_Fresh\20190812_182949.jpg,apple,fresh,0,test,0.21715964,fresh,True,1.1206396,-3.282636,14.588365,-23.33567
C:\Users\antoc\FreshOrRotten\data\raw\Peach_Fresh\Image1219.jpg,peach,fresh,0,test,0.11915102,fresh,True,2.346063,-2.5243354,33.888866,-37.095707
C:\Users\antoc\FreshOrRotten\data\raw\Banana_Rotten\RottenBanana (107)!.jpg,banana,rotten,1,test,0.9967037,rotten,True,-7.2885675,2.1351607,-33.616055,27.498907
C:\Users\antoc\FreshOrRotten\data\raw\Mango_Fresh\freshMango (280).jpg,mango,fresh,0,test,0.2324134,fresh,True,1.0659916,-3.1603682,13.831415,-20.60578
C:\Users\antoc\FreshOrRotten\data\raw\Apple_Fresh\20190812_182430.jpg,apple,fresh,0,test,0.5159126,rotten,False,-0.6724246,-3.4450107,-5.8087254,-20.385595
C:\Users\antoc\FreshOrRotten\data\raw\Pomegranate_Fresh\20190820_151129_24552.jpg,pomegranate,fresh,0,test,0.009484226,fresh,True,5.237297,2.579443,28.67876,31.289742
C:\Users\antoc\FreshOrRotten\data\raw\Apple_Rotten\saltandpepper_Screen Shot 2018-06-08 at 2.45.44 PM.jpg,apple,rotten,1,test,0.3112175,fresh,False,0.3222211,-4.3041363,3.2768662,-35.951797
C:\Users\antoc\FreshOrRotten\data\raw\Bitter_Gourd_Rotten\IMG_20200901_181728.jpg_0_3729.jpg,bitter_gourd,rotten,1,test,0.99979335,rotten,True,-10.628811,4.265667,-56.79054,10.433228
C:\Users\antoc\FreshOrRotten\data\raw\Cucumber_Rotten\rottenCucumber (444)1.jpg,cucumber,rotten,1,test,0.23135218,fresh,False,6.4187603,-2.1758618,53.53683,-19.701881
C:\Users\antoc\FreshOrRotten\data\raw\Kaki_Fresh\Image1069.jpg,kaki,fresh,0,test,0.08022786,fresh,True,2.536008,5.271733,11.352756,48.28786
C:\Users\antoc\FreshOrRotten\data\raw\Tomato_Fresh\Image159 (2).jpg,tomato,fresh,0,test,0.0085023185,fresh,True,5.9424696,-1.4399195,36.492416,-49.457146
C:\Users\antoc\FreshOrRotten\data\raw\Tomato_Fresh\DSCN4172.jpg_0_4042.jpg,tomato,fresh,0,test,0.35884252,fresh,True,0.55817866,7.9940853,1.8685776,63.074333
C:\Users\antoc\FreshOrRotten\data\raw\Strawberry_Rotten\rottenStrawberry (188)1.jpg,strawberry,rotten,1,test,0.86130786,rotten,True,-2.809286,-1.2148972,-13.035893,36.622646
C:\Users\antoc\FreshOrRotten\data\raw\Lime_Rotten\IMG_7579.JPG,lime,rotten,1,test,0.6701407,rotten,True,-1.3845019,-3.534659,-9.465257,-20.92728
C:\Users\antoc\FreshOrRotten\data\raw\Pomegranate_Fresh\20190820_153936.jpg,pomegranate,fresh,0,test,0.05938142,fresh,True,2.9716954,-2.2102141,26.451479,-18.641476
C:\Users\antoc\FreshOrRotten\data\raw\Potato_Fresh\freshPotato (540).jpg,potato,fresh,0,test,0.041496124,fresh,True,3.307526,-0.6899185,27.598043,-4.9675045
C:\Users\antoc\FreshOrRotten\data\raw\Orange_Fresh\IMG20200728130831.jpg,orange,fresh,0,test,0.17795184,fresh,True,5.166533,-2.9736662,51.923695,-14.780814
C:\Users\antoc\FreshOrRotten\data\raw\Bellpepper_Fresh\IMG_20200825_144644.jpg_0_1510.jpg,bellpepper,fresh,0,test,0.08472747,fresh,True,2.592502,-2.2616045,24.743624,-15.608015
C:\Users\antoc\FreshOrRotten\data\raw\Pomegranate_Fresh\20190820_150843.jpg,pomegranate,fresh,0,test,0.00307754,fresh,True,6.55826,3.1868327,32.55332,30.660627
C:\Users\antoc\FreshOrRotten\data\raw\Bellpepper_Fresh\freshPepper (220)1.jpg,bellpepper,fresh,0,test,0.20388788,fresh,True,5.099286,-3.8299766,55.626762,-16.816475
C:\Users\antoc\FreshOrRotten\data\raw\Banana_Fresh\rotated_by_75_Screen Shot 2018-06-12 at 10.06.19 PM.jpg,banana,fresh,0,test,0.7981696,rotten,False,-1.8313421,-3.1897085,-21.244205,-22.931002
C:\Users\antoc\FreshOrRotten\data\raw\Pomegranate_Fresh\20190820_153548_25843.jpg,pomegranate,fresh,0,test,0.006184142,fresh,True,5.587492,2.146634,31.190334,22.183496
C:\Users\antoc\FreshOrRotten\data\raw\Orange_Fresh\FreshOrange (163)!.jpg,orange,fresh,0,test,0.7717447,rotten,False,-1.9616442,-2.9137688,-16.168962,-14.753669
C:\Users\antoc\FreshOrRotten\data\raw\Apple_Rotten\rotated_by_15_Screen Shot 2018-06-07 at 3.04.10 PM.jpg,apple,rotten,1,test,0.9515376,rotten,True,-4.033737,-2.1557212,-28.545765,-9.204147
C:\Users\antoc\FreshOrRotten\data\raw\Banana_Fresh\rotated_by_60_Screen Shot 2018-06-12 at 9.41.30 PM.jpg,banana,fresh,0,test,0.042483162,fresh,True,3.6796064,1.3933637,10.934329,20.421219
C:\Users\antoc\FreshOrRotten\data\raw\Guava_Rotten\IMG20200728185235.jpg,guava,rotten,1,test,0.65421474,rotten,True,0.6398757,-0.88151944,16.809595,3.0536265
C:\Users\antoc\FreshOrRotten\data\raw\Bellpepper_Rotten\rottenPepper (144)1.jpg,bellpepper,rotten,1,test,0.999627,rotten,True,-9.119063,4.3128757,-53.99886,5.7093005
C:\Users\antoc\FreshOrRotten\data\raw\Tomato_Fresh\DSCN4158.jpg_0_6751.jpg,tomato,fresh,0,test,0.13296174,fresh,True,1.9205759,1.391308,19.177788,33.079502
C:\Users\antoc\FreshOrRotten\data\raw\Tomato_Fresh\freshTomato (236)1.jpg,tomato,fresh,0,test,0.40088925,fresh,True,-0.4824685,-4.158695,-0.9513675,-36.252625
C:\Users\antoc\FreshOrRotten\data\raw\Orange_Fresh\translation_Screen Shot 2018-06-13 at 12.17.55 AM.jpg,orange,fresh,0,test,0.6937584,rotten,False,-1.3924847,-2.29098,-23.062012,-36.568867
C:\Users\antoc\FreshOrRotten\data\raw\Orange_Fresh\Screen Shot 2018-06-13 at 12.13.24 AM.jpg,orange,fresh,0,test,0.028004043,fresh,True,3.547944,-3.9814198,22.412079,-47.38853
C:\Users\antoc\FreshOrRotten\data\raw\Peach_Fresh\Image21.jpg,peach,fresh,0,test,0.04783591,fresh,True,3.6138325,-2.38928,31.315445,-39.40769
C:\Users\antoc\FreshOrRotten\data\raw\Apple_Rotten\rotated_by_30_Screen Shot 2018-06-08 at 2.50.25 PM.jpg,apple,rotten,1,test,0.81237894,rotten,True,-1.9817444,-3.095415,-21.472176,-22.68091
C:\Users\antoc\FreshOrRotten\data\raw\Tomato_Fresh\Image373.jpg,tomato,fresh,0,test,0.008833242,fresh,True,5.9104195,-1.431609,36.497803,-48.255463
C:\Users\antoc\FreshOrRotten\data\raw\Guava_Fresh\IMG_8942.JPG,guava,fresh,0,test,0.063029565,fresh,True,2.9509046,-0.47815877,26.242743,-6.1538653
C:\Users\antoc\FreshOrRotten\data\raw\Mango_Rotten\rottenMango (380).jpg,mango,rotten,1,test,0.90036,rotten,True,-3.3194094,-2.0401165,-25.490606,1.91707
C:\Users\antoc\FreshOrRotten\data\raw\Banana_Fresh\vertical_flip_Screen Shot 2018-06-12 at 9.55.46 PM.jpg,banana,fresh,0,test,0.07110994,fresh,True,3.3913107,-1.3684751,40.10924,-11.774291
C:\Users\antoc\FreshOrRotten\data\raw\Pomegranate_Fresh\20190820_145253_23638.jpg,pomegranate,fresh,0,test,0.0062754992,fresh,True,5.568769,4.08821,31.311924,35.547554
C:\Users\antoc\FreshOrRotten\data\raw\Pomegranate_Fresh\20190820_145116_23579.jpg,pomegranate,fresh,0,test,0.030519925,fresh,True,3.5381684,2.8561573,21.614023,20.03792
C:\Users\antoc\FreshOrRotten\data\raw\Pomegranate_Rotten\IMG_20190829_072055.jpg,pomegranate,rotten,1,test,0.69607496,rotten,True,-1.0959493,1.7777483,-18.48727,40.22882
C:\Users\antoc\FreshOrRotten\data\raw\Pomegranate_Fresh\20190820_152926_25316.jpg,pomegranate,fresh,0,test,0.0029778203,fresh,True,6.537483,5.039217,33.449554,38.64768
C:\Users\antoc\FreshOrRotten\data\raw\Grape_Rotten\Image1349.jpg,grape,rotten,1,test,0.99929786,rotten,True,-10.756885,2.7819304,-64.75861,5.544245
C:\Users\antoc\FreshOrRotten\data\raw\Strawberry_Fresh\FreshStrawberry (58)!.jpg,strawberry,fresh,0,test,0.2967749,fresh,True,0.45084742,-3.8930624,8.435682,-33.284267
C:\Users\antoc\FreshOrRotten\data\raw\Bellpepper_Rotten\rottenPepper (254)1.jpg,bellpepper,rotten,1,test,0.33494467,fresh,False,0.14941514,1.056591,-5.2890954,10.245281
C:\Users\antoc\FreshOrRotten\data\raw\Orange_Fresh\Screen Shot 2018-06-13 at 12.09.25 AM.jpg,orange,fresh,0,test,0.008385369,fresh,True,10.431914,-2.020996,52.12746,-24.758858
C:\Users\antoc\FreshOrRotten\data\raw\Pear_Fresh\Image421.jpg,pear,fresh,0,test,0.018748706,fresh,True,4.187421,0.43886995,29.99851,10.403768
C:\Users\antoc\FreshOrRotten\data\raw\Bellpepper_Rotten\WhatsApp Image 2020-11-07 at 11.35.37 PM(1).jpg_0_9471.jpg,bellpepper,rotten,1,test,0.97135776,rotten,True,-4.889782,-1.6338578,-29.929047,-6.856156
C:\Users\antoc\FreshOrRotten\data\raw\Carrot_Fresh\freshCarrot (603).jpg,carrot,fresh,0,test,0.002063314,fresh,True,26.729046,2.2682714,59.170067,-23.492123
C:\Users\antoc\FreshOrRotten\data\raw\Strawberry_Fresh\FreshStrawberry (151)!.jpg,strawberry,fresh,0,test,0.92101586,rotten,False,-3.5278413,-0.33650136,-14.427491,37.668793
C:\Users\antoc\FreshOrRotten\data\raw\Bellpepper_Rotten\WhatsApp Image 2020-11-07 at 11.43.16 PM.jpg_0_7666.jpg,bellpepper,rotten,1,test,0.8348446,rotten,True,-2.3162675,-1.8330576,-26.77152,-38.922398
C:\Users\antoc\FreshOrRotten\data\raw\Orange_Fresh\rotated_by_60_Screen Shot 2018-06-13 at 12.00.17 AM.jpg,orange,fresh,0,test,0.14126538,fresh,True,1.7378938,-4.0010176,20.339933,-42.91893
C:\Users\antoc\FreshOrRotten\data\raw\Apple_Fresh\rotated_by_60_Screen Shot 2018-06-08 at 5.03.59 PM.jpg,apple,fresh,0,test,0.14534321,fresh,True,3.378666,-1.1913493,41.287266,-8.03959
C:\Users\antoc\FreshOrRotten\data\raw\Tomato_Fresh\Image245.jpg,tomato,fresh,0,test,0.008468535,fresh,True,5.949742,-1.4414124,35.869274,-48.848724
C:\Users\antoc\FreshOrRotten\data\raw\Banana_Fresh\IMG_8995.JPG,banana,fresh,0,test,0.046628736,fresh,True,4.270952,-0.77542543,41.301926,-11.47087
C:\Users\antoc\FreshOrRotten\data\raw\Kaki_Rotten\Image3969.jpg,kaki,rotten,1,test,0.95966923,rotten,True,-4.292136,-1.0334338,-36.709465,-24.944336
C:\Users\antoc\FreshOrRotten\data\raw\Banana_Rotten\Screen Shot 2018-06-12 at 9.03.51 PM.jpg,banana,rotten,1,test,0.98983836,rotten,True,-6.278539,-0.2618904,-37.76229,2.8630264
C:\Users\antoc\FreshOrRotten\data\raw\Grape_Fresh\Image415.jpg,grape,fresh,0,test,0.10491819,fresh,True,0.19841483,-4.721688,1.0949409,-47.740906
C:\Users\antoc\FreshOrRotten\data\raw\Bellpepper_Fresh\IMG_20200825_144655.jpg_0_9720.jpg,bellpepper,fresh,0,test,0.120580696,fresh,True,2.0294876,-1.8079293,21.257574,-13.728966
C:\Users\antoc\FreshOrRotten\data\raw\Banana_Fresh\IMG_9380.JPG,banana,fresh,0,test,0.22069119,fresh,True,0.98727566,-1.2319239,12.9311,-11.259552
C:\Users\antoc\FreshOrRotten\data\raw\Banana_Fresh\rotated_by_15_Screen Shot 2018-06-12 at 9.42.09 PM.jpg,banana,fresh,0,test,0.35067606,fresh,True,0.68959975,-3.0636277,2.7522473,-13.040395
C:\Users\antoc\FreshOrRotten\data\raw\Cucumber_Fresh\freshCucumber (549)1.jpg,cucumber,fresh,0,test,0.011195353,fresh,True,4.7487683,0.4867836,31.045023,8.142031
C:\Users\antoc\FreshOrRotten\data\raw\Carrot_Rotten\rottenCarrot (292).jpg,carrot,rotten,1,test,0.9979754,rotten,True,-7.538544,3.8730044,-35.873028,34.491264
C:\Users\antoc\FreshOrRotten\data\raw\Banana_Fresh\freshBanana (367)1.jpg,banana,fresh,0,test,0.39610064,fresh,True,-0.48478326,-3.5922508,-12.17142,-43.06151
C:\Users\antoc\FreshOrRotten\data\raw\Banana_Rotten\IMG_7915.JPG,banana,rotten,1,test,0.99461126,rotten,True,-7.04536,0.66012865,-39.869694,4.372591
C:\Users\antoc\FreshOrRotten\data\raw\Potato_Fresh\freshPotato (382).jpg,potato,fresh,0,test,0.44963658,fresh,True,-0.372869,-4.195222,-1.2331213,-33.6534
C:\Users\antoc\FreshOrRotten\data\raw\Mango_Rotten\rottenMango (313).jpg,mango,rotten,1,test,0.74573344,rotten,True,-2.162379,1.7740211,-10.471103,11.374555
C:\Users\antoc\FreshOrRotten\data\raw\Bellpepper_Rotten\WhatsApp Image 2020-11-07 at 11.43.16 PM.jpeg_0_613.jpg,bellpepper,rotten,1,test,0.8772419,rotten,True,-2.4636707,-0.9634924,-30.269949,-42.632042
C:\Users\antoc\FreshOrRotten\data\raw\Orange_Rotten\saltandpepper_Screen Shot 2018-06-12 at 11.42.10 PM.jpg,orange,rotten,1,test,0.7915164,rotten,True,-2.1228318,-2.1340773,-19.686121,23.316261
C:\Users\antoc\FreshOrRotten\data\raw\Cucumber_Fresh\freshCucumber (182)1.jpg,cucumber,fresh,0,test,0.03075461,fresh,True,3.6072907,-0.7345912,29.030993,-1.0148014
C:\Users\antoc\FreshOrRotten\data\raw\Tomato_Fresh\tomato1_6.jpg_0_9567.jpg,tomato,fresh,0,test,0.059247512,fresh,True,3.1339192,6.1896977,13.22493,53.216618
C:\Users\antoc\FreshOrRotten\data\raw\Apple_Fresh\rotated_by_45_Screen Shot 2018-06-08 at 5.28.32 PM.jpg,apple,fresh,0,test,0.14240192,fresh,True,1.8232284,-0.07158603,16.835096,32.394623
C:\Users\antoc\FreshOrRotten\data\raw\Banana_Rotten\RottenBanana (34)!.jpg,banana,rotten,1,test,0.9701967,rotten,True,-4.8980436,-1.5890937,-30.414717,-6.733657
C:\Users\antoc\FreshOrRotten\data\raw\Tomato_Fresh\Image797.jpg,tomato,fresh,0,test,0.06565316,fresh,True,3.230465,-0.75363094,35.673096,-39.234104
C:\Users\antoc\FreshOrRotten\data\raw\Orange_Rotten\vertical_flip_Screen Shot 2018-06-12 at 11.21.05 PM.jpg,orange,rotten,1,test,0.23645103,fresh,False,0.9327527,-3.9832292,8.819983,-35.28368
C:\Users\antoc\FreshOrRotten\data\raw\Carrot_Fresh\freshCarrot (1).jpeg,carrot,fresh,0,test,0.19988464,fresh,True,0.4963722,-4.4635773,2.8908858,-42.203968
C:\Users\antoc\FreshOrRotten\data\raw\Orange_Fresh\rotated_by_75_Screen Shot 2018-06-13 at 12.13.35 AM.jpg,orange,fresh,0,test,0.09061197,fresh,True,2.6871963,-3.5215056,22.70135,-41.962517
C:\Users\antoc\FreshOrRotten\data\raw\Bellpepper_Fresh\Day1A.jpg_0_4788.jpg,bellpepper,fresh,0,test,0.13604286,fresh,True,2.0208566,-1.1741707,7.6628866,-4.9311
C:\Users\antoc\FreshOrRotten\data\raw\Apple_Fresh\20190809_161151.jpg,apple,fresh,0,test,0.5849777,rotten,False,-1.1566417,-0.83460486,-8.108271,6.98317
C:\Users\antoc\FreshOrRotten\data\raw\Banana_Rotten\IMG_8130.JPG,banana,rotten,1,test,0.9934523,rotten,True,-6.835239,0.8437872,-38.309486,8.005779
C:\Users\antoc\FreshOrRotten\data\raw\Tomato_Rotten\Copy of IMG_20200729_164206.jpg_0_3490.jpg,tomato,rotten,1,test,0.8375233,rotten,True,-2.106696,-1.5648768,-26.847979,-42.52238
C:\Users\antoc\FreshOrRotten\data\raw\Strawberry_Fresh\freshStrawberry (399)1.jpg,strawberry,fresh,0,test,0.6529703,rotten,False,-1.3913524,1.1583247,-12.511428,16.237013
C:\Users\antoc\FreshOrRotten\data\raw\Tomato_Rotten\Image2877.jpg,tomato,rotten,1,test,0.99346197,rotten,True,-6.936714,-0.12997425,-43.63455,-9.677846
C:\Users\antoc\FreshOrRotten\data\raw\Banana_Rotten\translation_Screen Shot 2018-06-12 at 9.11.58 PM.jpg,banana,rotten,1,test,0.9873934,rotten,True,-6.000883,5.997536,-48.9102,12.21391
C:\Users\antoc\FreshOrRotten\data\raw\Apple_Rotten\translation_Screen Shot 2018-06-07 at 2.31.59 PM.jpg,apple,rotten,1,test,0.4553938,fresh,False,0.12109846,-1.4587913,19.229015,-30.428633
C:\Users\antoc\FreshOrRotten\data\raw\Apple_Rotten\rotated_by_30_Screen Shot 2018-06-08 at 2.50.14 PM.jpg,apple,rotten,1,test,0.8982413,rotten,True,-3.0348637,-2.7798834,-23.217466,-20.506994
C:\Users\antoc\FreshOrRotten\data\raw\Apple_Fresh\IMG_9431.JPG,apple,fresh,0,test,0.16408786,fresh,True,1.7429689,-2.8401866,20.112938,-15.375732
C:\Users\antoc\FreshOrRotten\data\raw\Bellpepper_Rotten\WhatsApp Image 2020-11-07 at 11.35.36 PM.jpg_0_8077.jpg,bellpepper,rotten,1,test,0.9281586,rotten,True,-3.7685957,-1.8041432,-34.800034,-12.986166
C:\Users\antoc\FreshOrRotten\data\raw\Bellpepper_Fresh\capsicum3_11.jpg_0_7203.jpg,bellpepper,fresh,0,test,0.030122569,fresh,True,3.7224865,1.3541317,9.81042,13.785507
C:\Users\antoc\FreshOrRotten\data\raw\Banana_Rotten\IMG_7694.JPG,banana,rotten,1,test,0.99870086,rotten,True,-8.453864,2.6598277,-43.415573,24.439766
C:\Users\antoc\FreshOrRotten\data\raw\Grape_Fresh\Image399.jpg,grape,fresh,0,test,0.10181966,fresh,True,0.2748873,-4.7237635,1.1504222,-47.42037
C:\Users\antoc\FreshOrRotten\data\raw\Carrot_Rotten\rottenCarrot (285).jpg,carrot,rotten,1,test,0.6966183,rotten,True,-1.6537848,-2.4511244,-21.423822,-36.801617
C:\Users\antoc\FreshOrRotten\data\raw\Apple_Fresh\IMG20200728181007.jpg,apple,fresh,0,test,0.7409768,rotten,False,1.2855115,0.12567836,16.523666,4.524293
C:\Users\antoc\FreshOrRotten\data\raw\Lime_Rotten\IMG_20190923_183745.jpg,lime,rotten,1,test,0.5078749,rotten,True,-0.63501346,-1.3047328,-6.5934258,5.8191833
C:\Users\antoc\FreshOrRotten\data\raw\Pomegranate_Fresh\20190820_144810_23459.jpg,pomegranate,fresh,0,test,0.007873886,fresh,True,5.1928973,3.3858433,24.33403,21.499887
C:\Users\antoc\FreshOrRotten\data\raw\Pomegranate_Fresh\20190820_153325_25662.jpg,pomegranate,fresh,0,test,0.005778205,fresh,True,5.782792,3.2796981,29.584105,33.894108
C:\Users\antoc\FreshOrRotten\data\raw\Carrot_Fresh\freshCarrot (158).jpg,carrot,fresh,0,test,0.4182496,fresh,True,0.23361075,-2.1485834,-17.146969,-42.28788
C:\Users\antoc\FreshOrRotten\data\raw\Bellpepper_Fresh\freshPepper (94)1.jpg,bellpepper,fresh,0,test,0.43352705,fresh,True,6.130657,-4.137905,56.303024,-18.687614
C:\Users\antoc\FreshOrRotten\data\raw\Banana_Rotten\rottenBanana (30)1.jpg,banana,rotten,1,test,0.9943969,rotten,True,-6.8417263,0.9702083,-38.32178,7.496231
C:\Users\antoc\FreshOrRotten\data\raw\Orange_Fresh\saltandpepper_Screen Shot 2018-06-13 at 12.03.55 AM.jpg,orange,fresh,0,test,0.12953843,fresh,True,0.6519538,-4.346362,2.8127027,-45.28313
C:\Users\antoc\FreshOrRotten\data\raw\Pomegranate_Fresh\20190820_145123_23594.jpg,pomegranate,fresh,0,test,0.010371763,fresh,True,5.015745,2.966791,27.664446,33.609154
C:\Users\antoc\FreshOrRotten\data\raw\Pomegranate_Fresh\FreshPomegranate (60)!.jpg,pomegranate,fresh,0,test,0.6006357,rotten,False,-1.3655773,-2.8471541,-13.801315,-42.58467
C:\Users\antoc\FreshOrRotten\data\raw\Pomegranate_Fresh\20190820_151004_24449.jpg,pomegranate,fresh,0,test,0.030163065,fresh,True,3.7623205,-1.0771405,37.38363,-0.54896295
C:\Users\antoc\FreshOrRotten\data\raw\Cucumber_Fresh\freshCucumber (178)1.jpg,cucumber,fresh,0,test,0.06254434,fresh,True,2.713551,-0.85500497,26.306631,-2.7318685
C:\Users\antoc\FreshOrRotten\data\raw\Banana_Fresh\IMG_9276.JPG,banana,fresh,0,test,0.10380833,fresh,True,2.2927418,-2.0445633,21.635672,-11.171343
C:\Users\antoc\FreshOrRotten\data\raw\Apple_Fresh\freshApple (207)1.jpg,apple,fresh,0,test,0.115304336,fresh,True,2.0293837,-3.7120519,8.804675,-40.871014
C:\Users\antoc\FreshOrRotten\data\raw\Bellpepper_Fresh\Day2.jpg_0_8736.jpg,bellpepper,fresh,0,test,0.041181907,fresh,True,3.4150853,0.18154114,10.176097,11.20874
C:\Users\antoc\FreshOrRotten\data\raw\Orange_Rotten\rotated_by_75_Screen Shot 2018-06-12 at 11.22.58 PM.jpg,orange,rotten,1,test,0.9533222,rotten,True,-4.2244062,-0.7490724,-30.452448,1.2230111
C:\Users\antoc\FreshOrRotten\data\raw\Orange_Fresh\translation_Screen Shot 2018-06-13 at 12.10.04 AM.jpg,orange,fresh,0,test,0.11630939,fresh,True,3.3776226,-3.744395,24.905207,-47.856003
C:\Users\antoc\FreshOrRotten\data\raw\Bellpepper_Fresh\IMG_20200826_172333.jpg_0_2260.jpg,bellpepper,fresh,0,test,0.07393322,fresh,True,3.6918707,-1.8026834,46.509033,-9.898911
C:\Users\antoc\FreshOrRotten\data\raw\Carrot_Rotten\rottenCarrot (436).jpg,carrot,rotten,1,test,0.3678489,fresh,False,0.13397993,-2.200326,13.703336,-28.280544
C:\Users\antoc\FreshOrRotten\data\raw\Cucumber_Fresh\Image1413.jpg,cucumber,fresh,0,test,0.001430141,fresh,True,22.733438,4.0784993,59.05644,-22.94816
C:\Users\antoc\FreshOrRotten\data\raw\Pomegranate_Rotten\IMG_20190822_084657.jpg,pomegranate,rotten,1,test,0.7210731,rotten,True,-1.2258317,-0.52088773,-13.6120405,29.743551
C:\Users\antoc\FreshOrRotten\data\raw\Orange_Rotten\rotated_by_75_Screen Shot 2018-06-12 at 11.27.38 PM.jpg,orange,rotten,1,test,0.9816855,rotten,True,-5.0748906,1.9797249,-46.38113,9.25007
C:\Users\antoc\FreshOrRotten\data\raw\Bellpepper_Rotten\Image459.jpg,bellpepper,rotten,1,test,0.9341788,rotten,True,-3.4544735,-0.8972467,-33.285275,-37.45696
C:\Users\antoc\FreshOrRotten\data\raw\Apple_Rotten\vertical_flip_Screen Shot 2018-06-07 at 2.36.21 PM.jpg,apple,rotten,1,test,0.8630447,rotten,True,-3.4217167,-2.8582401,-28.373947,-17.459877
C:\Users\antoc\FreshOrRotten\data\raw\Pomegranate_Rotten\IMG_20190824_181402_1.jpg,pomegranate,rotten,1,test,0.8242379,rotten,True,-1.982513,-1.1794602,-14.822414,33.822624
C:\Users\antoc\FreshOrRotten\data\raw\Pomegranate_Fresh\20190820_152749_25180.jpg,pomegranate,fresh,0,test,0.0011386262,fresh,True,7.773225,7.646041,35.414642,42.632797
C:\Users\antoc\FreshOrRotten\data\raw\Apple_Fresh\rotated_by_30_Screen Shot 2018-06-08 at 5.11.41 PM.jpg,apple,fresh,0,test,0.070576906,fresh,True,3.0237863,5.614052,11.892949,53.692337
C:\Users\antoc\FreshOrRotten\data\raw\Banana_Rotten\rotated_by_15_Screen Shot 2018-06-12 at 9.12.49 PM.jpg,banana,rotten,1,test,0.99015313,rotten,True,-5.966715,6.5834265,-51.3382,12.537241
C:\Users\antoc\FreshOrRotten\data\raw\Apple_Fresh\translation_Screen Shot 2018-06-08 at 5.28.59 PM.jpg,apple,fresh,0,test,0.016643876,fresh,True,4.748204,1.5176808,12.728245,23.426893
C:\Users\antoc\FreshOrRotten\data\raw\Tomato_Fresh\Image431.jpg,tomato,fresh,0,test,0.008807795,fresh,True,5.922178,-1.4137607,37.444904,-49.676426
C:\Users\antoc\FreshOrRotten\data\raw\Banana_Fresh\IMG_9159.JPG,banana,fresh,0,test,0.21360366,fresh,True,1.2904124,-2.6270728,15.934926,-13.9872875
C:\Users\antoc\FreshOrRotten\data\raw\Pomegranate_Fresh\20190820_144922_23523.jpg,pomegranate,fresh,0,test,0.030466761,fresh,True,3.5192087,1.8509617,21.910738,18.047655
C:\Users\antoc\FreshOrRotten\data\raw\Bellpepper_Rotten\Image2147.jpg,bellpepper,rotten,1,test,0.9977691,rotten,True,-7.6866174,2.498668,-35.0867,25.240864
C:\Users\antoc\FreshOrRotten\data\raw\Orange_Rotten\saltandpepper_Screen Shot 2018-06-12 at 11.25.07 PM.jpg,orange,rotten,1,test,0.8974432,rotten,True,-3.2441378,-2.541846,-23.012306,-10.329911
C:\Users\antoc\FreshOrRotten\data\raw\Orange_Rotten\rotated_by_45_Screen Shot 2018-06-12 at 11.31.01 PM.jpg,orange,rotten,1,test,0.8588668,rotten,True,-2.7722456,6.2699265,-47.651955,13.449291
C:\Users\antoc\FreshOrRotten\data\raw\Banana_Fresh\Screen Shot 2018-06-12 at 9.55.27 PM.jpg,banana,fresh,0,test,0.26359633,fresh,True,1.0651319,-1.8136615,3.0774674,-9.254867
C:\Users\antoc\FreshOrRotten\data\raw\Orange_Fresh\Screen Shot 2018-06-13 at 12.12.04 AM.jpg,orange,fresh,0,test,0.027485091,fresh,True,4.252791,-2.095759,30.0986,-41.16869
C:\Users\antoc\FreshOrRotten\data\raw\Tomato_Rotten\Copy of IMG_20200729_164219.jpg_0_3299.jpg,tomato,rotten,1,test,0.87135917,rotten,True,-2.3549423,-1.2012259,-27.156263,-44.90171
C:\Users\antoc\FreshOrRotten\data\raw\Apple_Rotten\rotated_by_60_Screen Shot 2018-06-07 at 2.24.35 PM.jpg,apple,rotten,1,test,0.706474,rotten,True,-0.9497729,0.3987436,-27.73991,-48.753654
C:\Users\antoc\FreshOrRotten\data\raw\Banana_Rotten\rottenBanana (24)1.jpg,banana,rotten,1,test,0.983806,rotten,True,-5.257869,3.4622974,-49.381435,8.777053
C:\Users\antoc\FreshOrRotten\data\raw\Guava_Rotten\RottenGuava (182).jpg,guava,rotten,1,test,0.98487735,rotten,True,-5.942993,-1.0701219,-40.460907,-5.3276014
C:\Users\antoc\FreshOrRotten\data\raw\Pomegranate_Rotten\IMG_20190822_084003.jpg,pomegranate,rotten,1,test,0.9020353,rotten,True,-2.6740317,1.6135615,-19.442759,32.72535
C:\Users\antoc\FreshOrRotten\data\raw\Apple_Fresh\IMG_9611.JPG,apple,fresh,0,test,0.3578711,fresh,True,0.2951026,-3.6925607,12.587516,-21.674917
C:\Users\antoc\FreshOrRotten\data\raw\Orange_Fresh\translation_Screen Shot 2018-06-12 at 11.59.28 PM.jpg,orange,fresh,0,test,0.11840276,fresh,True,2.3331232,-2.6440616,22.01735,-40.75767
C:\Users\antoc\FreshOrRotten\data\raw\Banana_Fresh\rotated_by_60_Screen Shot 2018-06-12 at 10.00.21 PM.jpg,banana,fresh,0,test,0.019542139,fresh,True,4.558508,3.2813401,7.2709575,22.835333
C:\Users\antoc\FreshOrRotten\data\raw\Tomato_Rotten\DSCN4171.jpg_0_1601.jpg,tomato,rotten,1,test,0.4122141,fresh,False,0.23052245,8.4461975,0.47332582,62.34247
C:\Users\antoc\FreshOrRotten\data\raw\Guava_Rotten\IMG20200728185258.jpg,guava,rotten,1,test,0.48775685,fresh,False,1.4395247,-1.3155401,17.510403,2.5029545
C:\Users\antoc\FreshOrRotten\data\raw\Banana_Fresh\IMG_8959.JPG,banana,fresh,0,test,0.063690305,fresh,True,2.758051,0.77925754,20.327543,11.627649
C:\Users\antoc\FreshOrRotten\data\raw\Tomato_Rotten\DSCN4223.jpg_0_6746.jpg,tomato,rotten,1,test,0.65420735,rotten,True,-0.96383333,9.562708,-0.96415305,62.420128
C:\Users\antoc\FreshOrRotten\data\raw\Orange_Fresh\rotated_by_30_Screen Shot 2018-06-13 at 12.09.37 AM.jpg,orange,fresh,0,test,0.09052596,fresh,True,2.2147348,-3.8958492,20.380482,-43.800922
C:\Users\antoc\FreshOrRotten\data\raw\Orange_Fresh\IMG20200728190521.jpg,orange,fresh,0,test,0.21106951,fresh,True,2.4886847,-2.7545843,18.862339,0.026637815
C:\Users\antoc\FreshOrRotten\data\raw\Peach_Fresh\Image1205.jpg,peach,fresh,0,test,0.120886594,fresh,True,2.321526,-2.5481853,33.438465,-36.644623
C:\Users\antoc\FreshOrRotten\data\raw\Apple_Fresh\FreshApple (72)_!.jpg,apple,fresh,0,test,0.2615781,fresh,True,0.99935013,-2.4723358,15.560394,-31.01001
C:\Users\antoc\FreshOrRotten\data\raw\Tomato_Rotten\Image773.jpg,tomato,rotten,1,test,0.9994178,rotten,True,-9.234137,4.243136,-41.400677,31.004547
C:\Users\antoc\FreshOrRotten\data\raw\Orange_Rotten\rotated_by_60_Screen Shot 2018-06-12 at 11.37.45 PM.jpg,orange,rotten,1,test,0.9916682,rotten,True,-6.3451443,-0.3006357,-40.1485,-1.8271589
C:\Users\antoc\FreshOrRotten\data\raw\Bellpepper_Rotten\IMG_20200901_181736.jpg_0_6971.jpg,bellpepper,rotten,1,test,0.6676793,rotten,True,-1.12267,-3.675131,-2.0685508,-18.189917
C:\Users\antoc\FreshOrRotten\data\raw\Tomato_Rotten\Image297.jpg,tomato,rotten,1,test,0.94344074,rotten,True,-3.411946,-0.66357934,-33.248768,-41.68727
C:\Users\antoc\FreshOrRotten\data\raw\Apple_Fresh\20190809_115653.jpg,apple,fresh,0,test,0.057118107,fresh,True,2.780285,1.1292889,20.065462,14.437854
C:\Users\antoc\FreshOrRotten\data\raw\Cucumber_Fresh\freshCucumber (539)1.jpg,cucumber,fresh,0,test,0.028056707,fresh,True,3.6635032,-0.60324574,29.510887,-0.9926932
C:\Users\antoc\FreshOrRotten\data\raw\Bellpepper_Rotten\Image2119.jpg,bellpepper,rotten,1,test,0.99746585,rotten,True,-7.5199175,2.3846865,-34.652485,25.248056
C:\Users\antoc\FreshOrRotten\data\raw\Banana_Rotten\saltandpepper_Screen Shot 2018-06-12 at 8.59.23 PM.jpg,banana,rotten,1,test,0.9997769,rotten,True,-10.424087,4.8593946,-45.45508,29.233881
C:\Users\antoc\FreshOrRotten\data\raw\Banana_Fresh\Screen Shot 2018-06-12 at 9.45.40 PM.jpg,banana,fresh,0,test,0.09084834,fresh,True,2.3727732,-0.0153102605,8.452326,2.1166217
C:\Users\antoc\FreshOrRotten\data\raw\Apple_Fresh\IMG20200728174121.jpg,apple,fresh,0,test,0.78380287,rotten,False,-2.1242104,-2.9021726,-11.786207,-20.31839
C:\Users\antoc\FreshOrRotten\data\raw\Apple_Rotten\RottenApple (208)!.jpg,apple,rotten,1,test,0.6609072,rotten,True,-1.1629585,-2.3841665,-20.036282,-39.59662
C:\Users\antoc\FreshOrRotten\data\raw\Pomegranate_Rotten\IMG_20190829_072255.jpg,pomegranate,rotten,1,test,0.99322826,rotten,True,-6.4156446,5.067442,-42.354347,19.391691
C:\Users\antoc\FreshOrRotten\data\raw\Tomato_Fresh\IMG_20200725_095414.jpg_0_9039.jpg,tomato,fresh,0,test,0.47877258,fresh,True,-0.21110609,-2.9050126,3.3476076,-19.63443
C:\Users\antoc\FreshOrRotten\data\raw\Bitter_Gourd_Rotten\IMG_20200824_182208.jpg_0_9726.jpg,bitter_gourd,rotten,1,test,0.9857032,rotten,True,-5.559597,-0.37388402,-37.61286,-0.9271484
C:\Users\antoc\FreshOrRotten\data\raw\Tomato_Fresh\freshTomato (246)1.jpg,tomato,fresh,0,test,0.29766807,fresh,True,0.09838399,-4.3033605,1.624225,-36.894325
C:\Users\antoc\FreshOrRotten\data\raw\Tomato_Rotten\Image305 (2).jpg,tomato,rotten,1,test,0.99789584,rotten,True,-7.56841,2.9014413,-36.35178,28.391125
C:\Users\antoc\FreshOrRotten\data\raw\Pomegranate_Rotten\IMG_20190822_084406.jpg,pomegranate,rotten,1,test,0.98265886,rotten,True,-5.081167,0.72242665,-24.145699,30.674837
C:\Users\antoc\FreshOrRotten\data\raw\Bitter_Gourd_Rotten\IMG_20200826_172243.jpg_0_1750.jpg,bitter_gourd,rotten,1,test,0.99450016,rotten,True,-6.5960665,1.6295741,-50.865307,7.1915426
C:\Users\antoc\FreshOrRotten\data\raw\Pomegranate_Rotten\IMG_20190822_085220.jpg,pomegranate,rotten,1,test,0.9836172,rotten,True,-5.11329,1.3275346,-25.071772,32.014225
C:\Users\antoc\FreshOrRotten\data\raw\Pomegranate_Fresh\20190820_150237_24079.jpg,pomegranate,fresh,0,test,0.06450366,fresh,True,2.49177,2.429749,20.551996,18.809685
C:\Users\antoc\FreshOrRotten\data\raw\Grapes_Fresh\FreshGrape (8)!.jpg,grapes,fresh,0,test,0.2774523,fresh,True,0.6485893,-2.1463668,13.462729,-9.636575
C:\Users\antoc\FreshOrRotten\data\raw\Apple_Fresh\saltandpepper_Screen Shot 2018-06-08 at 5.09.17 PM.jpg,apple,fresh,0,test,0.02037323,fresh,True,4.742141,8.653887,17.436316,55.932278
C:\Users\antoc\FreshOrRotten\data\raw\Tomato_Rotten\Image59.jpg,tomato,rotten,1,test,0.98918766,rotten,True,-5.6476316,1.3678916,-30.288296,23.160131
C:\Users\antoc\FreshOrRotten\data\raw\Banana_Fresh\IMG_9032.JPG,banana,fresh,0,test,0.0849548,fresh,True,2.5611773,-1.4836469,21.794727,-10.624619
C:\Users\antoc\FreshOrRotten\data\raw\Banana_Rotten\rottenBanana (209)1.jpg,banana,rotten,1,test,0.99753064,rotten,True,-8.067102,0.5308925,-45.99011,-8.849384
C:\Users\antoc\FreshOrRotten\data\raw\Strawberry_Rotten\RottenStrawberry (183)!.jpg,strawberry,rotten,1,test,0.95233643,rotten,True,-3.9778798,0.08243847,-23.039967,26.52359
C:\Users\antoc\FreshOrRotten\data\raw\Strawberry_Rotten\RottenStrawberry (17)!.jpg,strawberry,rotten,1,test,0.9843925,rotten,True,-5.3411093,1.3733261,-26.45552,36.290165
C:\Users\antoc\FreshOrRotten\data\raw\Lime_Fresh\IMG_20190902_102651_1.jpg,lime,fresh,0,test,0.09283349,fresh,True,2.2268443,-2.4659133,23.163733,-17.176662
C:\Users\antoc\FreshOrRotten\data\raw\Bellpepper_Rotten\Image237.jpg,bellpepper,rotten,1,test,0.92575675,rotten,True,-3.3595915,-1.2986982,-33.75351,-35.397903
C:\Users\antoc\FreshOrRotten\data\raw\Pomegranate_Fresh\IMG20200728181941_01_27344.jpg,pomegranate,fresh,0,test,0.029786292,fresh,True,4.946001,1.756994,19.26099,3.2803679
C:\Users\antoc\FreshOrRotten\data\raw\Banana_Rotten\IMG_7760.JPG,banana,rotten,1,test,0.99935144,rotten,True,-9.09778,3.696486,-42.775337,29.51712
C:\Users\antoc\FreshOrRotten\data\raw\Apple_Rotten\rotated_by_15_Screen Shot 2018-06-07 at 2.36.06 PM.jpg,apple,rotten,1,test,0.9923689,rotten,True,-7.005397,-0.71227306,-43.577557,-6.5597367
C:\Users\antoc\FreshOrRotten\data\raw\Peach_Fresh\Image427.jpg,peach,fresh,0,test,0.07638525,fresh,True,2.9840686,-2.5326493,32.928894,-38.538853
C:\Users\antoc\FreshOrRotten\data\raw\Orange_Fresh\rotated_by_15_Screen Shot 2018-06-13 at 12.06.43 AM.jpg,orange,fresh,0,test,0.13935311,fresh,True,1.7633827,-3.2299526,19.13735,-41.583828
C:\Users\antoc\FreshOrRotten\data\raw\Pomegranate_Fresh\20190820_150114_23970.jpg,pomegranate,fresh,0,test,0.0011846755,fresh,True,7.6185284,4.959162,36.701675,36.849678
C:\Users\antoc\FreshOrRotten\data\raw\Tomato_Rotten\Copy of IMG_20200729_164206.jpg_0_9506.jpg,tomato,rotten,1,test,0.89097005,rotten,True,-2.6347003,-1.1451788,-28.095692,-42.418575
C:\Users\antoc\FreshOrRotten\data\raw\Pomegranate_Fresh\20190820_144441.jpg,pomegranate,fresh,0,test,0.0025179521,fresh,True,7.0349865,0.9491402,44.82338,3.3374236
C:\Users\antoc\FreshOrRotten\data\raw\Peach_Fresh\Image919.jpg,peach,fresh,0,test,0.102785885,fresh,True,2.5601468,-2.550236,32.934986,-37.28457
C:\Users\antoc\FreshOrRotten\data\raw\Orange_Fresh\IMG_20190924_151016.jpg,orange,fresh,0,test,0.19878592,fresh,True,1.3396555,-2.61379,16.366302,-14.817893
C:\Users\antoc\FreshOrRotten\data\raw\Bitter_Gourd_Fresh\IMG_20200822_223831.jpg_0_3428.jpg,bitter_gourd,fresh,0,test,0.011284509,fresh,True,4.8748007,1.0550119,28.214855,8.000971
C:\Users\antoc\FreshOrRotten\data\raw\Banana_Fresh\IMG_9255.JPG,banana,fresh,0,test,0.10431437,fresh,True,2.291572,-2.0074167,21.579903,-11.176812
C:\Users\antoc\FreshOrRotten\data\raw\Bellpepper_Rotten\WhatsApp Image 2020-11-07 at 11.43.16 PM.jpg_0_1870.jpg,bellpepper,rotten,1,test,0.9103021,rotten,True,-2.9299302,-1.0579469,-30.961792,-42.91915
C:\Users\antoc\FreshOrRotten\data\raw\Tomato_Rotten\Image2657.jpg,tomato,rotten,1,test,0.9537013,rotten,True,-4.307608,-1.3281802,-36.236492,-24.044884
C:\Users\antoc\FreshOrRotten\data\raw\Banana_Rotten\IMG_8072.JPG,banana,rotten,1,test,0.9976305,rotten,True,-8.011511,1.6707766,-40.898132,6.248351
C:\Users\antoc\FreshOrRotten\data\raw\Tomato_Fresh\IMG_20200725_095418.jpg_0_7573.jpg,tomato,fresh,0,test,0.6051824,rotten,False,-0.9703285,-3.4516792,-3.1988292,-26.50493
C:\Users\antoc\FreshOrRotten\data\raw\Grape_Fresh\Image285.jpg,grape,fresh,0,test,0.09495911,fresh,True,0.50128204,-4.7329907,1.7865963,-47.071476
C:\Users\antoc\FreshOrRotten\data\raw\Cucumber_Fresh\freshCucumber (384)1.jpg,cucumber,fresh,0,test,0.20041655,fresh,True,4.3304334,-2.8747463,51.124924,-16.565403
C:\Users\antoc\FreshOrRotten\data\raw\Guava_Rotten\IMG20200728184940.jpg,guava,rotten,1,test,0.50285864,rotten,True,-0.6601133,0.4296804,-6.1756296,9.074574
C:\Users\antoc\FreshOrRotten\data\raw\Strawberry_Rotten\rottenStrawberry (179)1.jpg,strawberry,rotten,1,test,0.8691882,rotten,True,-2.6262927,-0.9903049,-13.756257,36.83604
C:\Users\antoc\FreshOrRotten\data\raw\Lime_Fresh\IMG_20190902_103705.jpg,lime,fresh,0,test,0.041918084,fresh,True,3.2725563,-0.23645514,8.801239,8.434607
C:\Users\antoc\FreshOrRotten\data\raw\Tomato_Rotten\rottenTomato (321)1.jpg,tomato,rotten,1,test,0.07009842,fresh,False,2.5999856,-0.7091614,23.841661,-3.016907
C:\Users\antoc\FreshOrRotten\data\raw\Guava_Fresh\IMG_8852.JPG,guava,fresh,0,test,0.15130074,fresh,True,1.7432166,-2.2866077,20.308874,-14.569411
C:\Users\antoc\FreshOrRotten\data\raw\Tomato_Rotten\Copy of IMG_20200730_170244.jpg_0_3017.jpg,tomato,rotten,1,test,0.9040561,rotten,True,-3.0076556,-1.4292811,-29.33335,-38.475452
C:\Users\antoc\FreshOrRotten\data\raw\Lime_Rotten\IMG_7365.JPG,lime,rotten,1,test,0.9350362,rotten,True,-3.797182,-2.3881798,-24.974302,-11.150844
C:\Users\antoc\FreshOrRotten\data\raw\Apple_Fresh\freshApple (166)1.jpg,apple,fresh,0,test,0.029510481,fresh,True,5.1086874,-0.52389395,48.417347,-8.140278
C:\Users\antoc\FreshOrRotten\data\raw\Orange_Fresh\freshOrange (56)1.jpg,orange,fresh,0,test,0.4553907,fresh,True,-0.796735,-3.9851832,-2.334437,-38.223392
C:\Users\antoc\FreshOrRotten\data\raw\Bellpepper_Rotten\Image409.jpg,bellpepper,rotten,1,test,0.9334336,rotten,True,-3.466272,-1.0023719,-33.40668,-36.892803
C:\Users\antoc\FreshOrRotten\data\raw\Tomato_Rotten\Copy of IMG_20200727_223205.jpg_0_2057.jpg,tomato,rotten,1,test,0.8794316,rotten,True,-2.3859458,-1.0663803,-27.654585,-45.367165
C:\Users\antoc\FreshOrRotten\data\raw\Bellpepper_Fresh\IMG_20200822_223854.jpg_0_6312.jpg,bellpepper,fresh,0,test,0.054063074,fresh,True,4.7064223,-1.624306,49.938393,-8.038435
C:\Users\antoc\FreshOrRotten\data\raw\Orange_Rotten\RottenOrange (162)!.jpg,orange,rotten,1,test,0.9165091,rotten,True,-3.8273263,-0.90180695,-38.339523,-36.889977
C:\Users\antoc\FreshOrRotten\data\raw\Orange_Rotten\rotated_by_75_Screen Shot 2018-06-12 at 11.37.45 PM.jpg,orange,rotten,1,test,0.99138325,rotten,True,-6.3699875,-0.25736415,-40.001316,-1.5579343
C:\Users\antoc\FreshOrRotten\data\raw\Pomegranate_Fresh\FreshPomegranate (25)!.jpg,pomegranate,fresh,0,test,0.0050927876,fresh,True,6.4126534,7.516568,18.441723,54.711594
C:\Users\antoc\FreshOrRotten\data\raw\Apple_Fresh\IMG_9347.JPG,apple,fresh,0,test,0.26047,fresh,True,0.7649719,-0.15915343,-0.99348044,4.606053
C:\Users\antoc\FreshOrRotten\data\raw\Tomato_Fresh\DSCN4102.jpg_0_9642.jpg,tomato,fresh,0,test,0.17649597,fresh,True,1.7647094,8.032375,2.8109934,64.15426
C:\Users\antoc\FreshOrRotten\data\raw\Pomegranate_Rotten\IMG_20190822_085157.jpg,pomegranate,rotten,1,test,0.9569684,rotten,True,-3.8686726,0.30259144,-22.142143,30.476374
C:\Users\antoc\FreshOrRotten\data\raw\Apple_Rotten\rotated_by_75_Screen Shot 2018-06-07 at 3.00.46 PM.jpg,apple,rotten,1,test,0.9924217,rotten,True,-6.082765,1.6409125,-51.51571,3.8668206
C:\Users\antoc\FreshOrRotten\data\raw\Apple_Fresh\IMG_9602.JPG,apple,fresh,0,test,0.19101597,fresh,True,1.5037155,-2.6021461,19.940203,-14.6684265
C:\Users\antoc\FreshOrRotten\data\raw\Kaki_Fresh\Image527.jpg,kaki,fresh,0,test,0.03667045,fresh,True,3.5844839,5.8714504,13.287591,47.561962
C:\Users\antoc\FreshOrRotten\data\raw\Kaki_Fresh\Image877.jpg,kaki,fresh,0,test,0.06062334,fresh,True,2.9085534,5.5039144,12.204559,47.810555
C:\Users\antoc\FreshOrRotten\data\raw\Mango_Rotten\rottenMango (426).jpg,mango,rotten,1,test,0.5716511,rotten,True,-0.91981274,-3.804592,-6.9591436,-20.512032
C:\Users\antoc\FreshOrRotten\data\raw\Banana_Fresh\rotated_by_60_Screen Shot 2018-06-12 at 9.44.55 PM.jpg,banana,fresh,0,test,0.014235347,fresh,True,4.8346195,4.4202094,6.5927877,23.519651
C:\Users\antoc\FreshOrRotten\data\raw\Banana_Fresh\vertical_flip_Screen Shot 2018-06-12 at 9.53.41 PM.jpg,banana,fresh,0,test,0.30212975,fresh,True,0.11528888,3.2705262,-5.4428196,13.922502
C:\Users\antoc\FreshOrRotten\data\raw\Orange_Fresh\IMG_20190924_151654.jpg,orange,fresh,0,test,0.1206872,fresh,True,1.9869597,-1.546383,14.995125,-11.564496
C:\Users\antoc\FreshOrRotten\data\raw\Peach_Rotten\Image4133.jpg,peach,rotten,1,test,0.5516923,rotten,True,-0.6617492,-2.2487702,-10.044914,-6.579262
C:\Users\antoc\FreshOrRotten\data\raw\Pomegranate_Fresh\20190820_154648_26719.jpg,pomegranate,fresh,0,test,0.005561261,fresh,True,5.840419,2.1242652,32.304596,22.450052
C:\Users\antoc\FreshOrRotten\data\raw\Apple_Rotten\IMG_20190824_175638.jpg,apple,rotten,1,test,0.9181005,rotten,True,-2.7435756,0.14826679,-20.285332,37.26046
C:\Users\antoc\FreshOrRotten\data\raw\Cucumber_Fresh\freshCucumber (186)1.jpg,cucumber,fresh,0,test,0.032649565,fresh,True,3.5094955,-0.7661213,29.021017,-1.1656859
C:\Users\antoc\FreshOrRotten\data\raw\Pomegranate_Fresh\IMG20200728181708.jpg,pomegranate,fresh,0,test,0.40292665,fresh,True,-0.102972835,-4.125947,1.7173598,-32.08216
C:\Users\antoc\FreshOrRotten\data\raw\Orange_Fresh\rotated_by_60_Screen Shot 2018-06-13 at 12.08.17 AM.jpg,orange,fresh,0,test,0.2768158,fresh,True,0.3945488,-3.553317,16.846317,-42.281555
C:\Users\antoc\FreshOrRotten\data\raw\Papaya_Rotten\Image1637.jpg,papaya,rotten,1,test,0.9853211,rotten,True,-5.745429,-0.72120255,-47.04278,-12.13328
C:\Users\antoc\FreshOrRotten\data\raw\Tomato_Fresh\freshTomato (14)1.jpg,tomato,fresh,0,test,0.51561344,rotten,False,-1.2912263,-3.78016,-4.1456094,-40.012226
C:\Users\antoc\FreshOrRotten\data\raw\Banana_Fresh\freshBanana (373)1.jpg,banana,fresh,0,test,0.3914864,fresh,True,0.20175466,-2.8696728,6.2421403,-28.771517
C:\Users\antoc\FreshOrRotten\data\raw\Pomegranate_Fresh\IMG20200728181935_27330.jpg,pomegranate,fresh,0,test,0.20081642,fresh,True,1.2261754,-2.900741,20.071445,-17.733227
C:\Users\antoc\FreshOrRotten\data\raw\Guava_Fresh\IMG_8805.JPG,guava,fresh,0,test,0.025662603,fresh,True,4.0752892,-0.14478716,32.937096,2.7149868
C:\Users\antoc\FreshOrRotten\data\raw\Papaya_Rotten\Image1657.jpg,papaya,rotten,1,test,0.9862766,rotten,True,-5.8366547,-0.71427095,-46.96995,-11.97404
C:\Users\antoc\FreshOrRotten\data\raw\Bellpepper_Fresh\IMG_20200826_172325.jpg_0_2138.jpg,bellpepper,fresh,0,test,0.02546923,fresh,True,4.4795065,-0.21018334,33.765842,4.8450027
C:\Users\antoc\FreshOrRotten\data\raw\Tomato_Rotten\Copy of IMG_20200730_170232.jpg_0_7671.jpg,tomato,rotten,1,test,0.9400021,rotten,True,-3.2698822,-0.47621453,-31.383474,-45.502262
C:\Users\antoc\FreshOrRotten\data\raw\Banana_Fresh\Image345.jpg,banana,fresh,0,test,0.23804803,fresh,True,0.96938133,0.89817524,3.9969854,35.49841
C:\Users\antoc\FreshOrRotten\data\raw\Pomegranate_Fresh\20190820_151439_24665.jpg,pomegranate,fresh,0,test,0.0069471337,fresh,True,5.5815997,1.1736491,38.385178,11.403375
C:\Users\antoc\FreshOrRotten\data\raw\Tomato_Fresh\freshTomato (9)1.jpg,tomato,fresh,0,test,0.2506242,fresh,True,-0.17224464,-4.410985,0.14746104,-42.922077
C:\Users\antoc\FreshOrRotten\data\raw\Orange_Fresh\IMG_20190924_152520.jpg,orange,fresh,0,test,0.1945612,fresh,True,1.3760066,-2.7250178,16.686543,-14.580822
C:\Users\antoc\FreshOrRotten\data\raw\Apple_Rotten\rottenApple (96)1.jpg,apple,rotten,1,test,0.95901006,rotten,True,-4.039534,-0.58235854,-33.941074,-38.830437
C:\Users\antoc\FreshOrRotten\data\raw\Mango_Rotten\rottenMango (121).jpg,mango,rotten,1,test,0.84084505,rotten,True,-2.3226283,-1.2424369,-13.95,36.495014
C:\Users\antoc\FreshOrRotten\data\raw\Kaki_Fresh\Image453.jpg,kaki,fresh,0,test,0.032135703,fresh,True,3.7580342,5.9138365,13.831153,47.344234
C:\Users\antoc\FreshOrRotten\data\raw\Pomegranate_Fresh\20190820_151430_24658.jpg,pomegranate,fresh,0,test,0.20328848,fresh,True,1.1710784,-3.7316208,9.4090395,-34.69453
C:\Users\antoc\FreshOrRotten\data\raw\Orange_Rotten\IMG_20190923_182201.jpg,orange,rotten,1,test,0.9067993,rotten,True,-3.4965796,0.5407963,-16.167336,14.12194
C:\Users\antoc\FreshOrRotten\data\raw\Pomegranate_Rotten\RottenPomegranate (190)!.jpg,pomegranate,rotten,1,test,0.95186883,rotten,True,-3.675238,0.57383525,-19.940453,35.99642
C:\Users\antoc\FreshOrRotten\data\raw\Orange_Fresh\IMG_20190924_153505.jpg,orange,fresh,0,test,0.06388532,fresh,True,2.9434457,-1.8206239,33.76562,-9.360555
C:\Users\antoc\FreshOrRotten\data\raw\Banana_Rotten\IMG_20190910_175841.jpg,banana,rotten,1,test,0.996772,rotten,True,-7.7321005,1.0997727,-41.212566,4.782047
C:\Users\antoc\FreshOrRotten\data\raw\Pomegranate_Fresh\20190820_152920_25302.jpg,pomegranate,fresh,0,test,0.008763811,fresh,True,5.2469096,2.0970087,27.125673,30.99161
C:\Users\antoc\FreshOrRotten\data\raw\Potato_Fresh\freshPotato (40).jpg,potato,fresh,0,test,0.8710718,rotten,False,-2.7591474,-2.1149516,-24.725004,-8.805645
C:\Users\antoc\FreshOrRotten\data\raw\Tomato_Fresh\Image111 (2).jpg,tomato,fresh,0,test,0.008358624,fresh,True,5.968314,-1.4200857,37.158554,-49.94645
C:\Users\antoc\FreshOrRotten\data\raw\Orange_Rotten\rottenOrange (319)1.jpg,orange,rotten,1,test,0.46949154,fresh,False,0.21031588,-0.99374825,-16.352879,37.02246
C:\Users\antoc\FreshOrRotten\data\raw\Banana_Fresh\vertical_flip_Screen Shot 2018-06-12 at 9.51.54 PM.jpg,banana,fresh,0,test,0.037288833,fresh,True,3.4350128,1.1220598,8.807733,4.2050476
C:\Users\antoc\FreshOrRotten\data\raw\Orange_Rotten\rottenOrange (559)1.jpg,orange,rotten,1,test,0.7800004,rotten,True,-2.125126,-3.1586142,-10.859157,-17.625217
C:\Users\antoc\FreshOrRotten\data\raw\Orange_Fresh\IMG_2469.JPG,orange,fresh,0,test,0.12577482,fresh,True,2.358328,-3.0105233,35.974167,-15.016181
C:\Users\antoc\FreshOrRotten\data\raw\Apple_Fresh\20190809_160529.jpg,apple,fresh,0,test,0.08054886,fresh,True,2.5608344,-0.9299522,22.01279,7.9604073
C:\Users\antoc\FreshOrRotten\data\raw\Lime_Fresh\IMG_20190902_104155_1.jpg,lime,fresh,0,test,0.012720193,fresh,True,4.6953506,1.0861146,28.74645,14.705094
C:\Users\antoc\FreshOrRotten\data\raw\Orange_Rotten\IMG20200728190017.jpg,orange,rotten,1,test,0.5645438,rotten,True,-0.956054,1.1315535,-9.972252,12.42233
C:\Users\antoc\FreshOrRotten\data\raw\Guava_Rotten\IMG_20190824_180027.jpg,guava,rotten,1,test,0.9978269,rotten,True,-7.6796727,2.6139517,-34.90829,31.494799
C:\Users\antoc\FreshOrRotten\data\raw\Pomegranate_Fresh\IMG20200728125501_27007.jpg,pomegranate,fresh,0,test,0.00708749,fresh,True,5.8066683,1.419753,34.65039,21.030619
C:\Users\antoc\FreshOrRotten\data\raw\Tomato_Rotten\Image423 (2).jpg,tomato,rotten,1,test,0.99889565,rotten,True,-8.359047,3.5241957,-37.96544,29.698301
C:\Users\antoc\FreshOrRotten\data\raw\Banana_Rotten\Screen Shot 2018-06-12 at 9.17.27 PM.jpg,banana,rotten,1,test,0.9982937,rotten,True,-8.129442,3.9751384,-41.915565,28.60745
C:\Users\antoc\FreshOrRotten\data\raw\Orange_Fresh\rotated_by_15_Screen Shot 2018-06-13 at 12.10.04 AM.jpg,orange,fresh,0,test,0.085104175,fresh,True,3.2841911,-4.0423403,24.829355,-47.85858
C:\Users\antoc\FreshOrRotten\data\raw\Pomegranate_Rotten\IMG20200728182652.jpg,pomegranate,rotten,1,test,0.30142355,fresh,False,0.59896356,-1.2123392,14.271551,-28.566875
C:\Users\antoc\FreshOrRotten\data\raw\Apple_Fresh\freshApple (397)1.jpg,apple,fresh,0,test,0.07585562,fresh,True,3.1798835,-1.4122598,28.296413,-10.185391
C:\Users\antoc\FreshOrRotten\data\raw\Cucumber_Fresh\Image1385.jpg,cucumber,fresh,0,test,0.0010082936,fresh,True,23.298422,4.361616,59.093193,-22.994505
C:\Users\antoc\FreshOrRotten\data\raw\Banana_Fresh\IMG_8619.JPG,banana,fresh,0,test,0.062792115,fresh,True,2.900622,-1.4174625,26.83125,-8.034542
C:\Users\antoc\FreshOrRotten\data\raw\Pomegranate_Fresh\20190820_153452.jpg,pomegranate,fresh,0,test,0.0017079512,fresh,True,7.234504,5.210174,35.212204,37.60781
C:\Users\antoc\FreshOrRotten\data\raw\Orange_Rotten\rottenOrange (3)1.jpg,orange,rotten,1,test,0.9648565,rotten,True,-4.3130274,-0.5505233,-49.515057,1.5636325
C:\Users\antoc\FreshOrRotten\data\raw\Apple_Rotten\rottenApple (536)1.jpg,apple,rotten,1,test,0.16269283,fresh,False,8.239447,-1.7262907,54.635345,-20.61241
C:\Users\antoc\FreshOrRotten\data\raw\Pomegranate_Fresh\20190820_153817_26092.jpg,pomegranate,fresh,0,test,0.00064322964,fresh,True,8.3362875,5.6452823,38.47592,37.622894
C:\Users\antoc\FreshOrRotten\data\raw\Apple_Rotten\IMG_20190824_175538.jpg,apple,rotten,1,test,0.3942313,fresh,False,-0.25253943,-4.17603,0.33229437,-33.60475
C:\Users\antoc\FreshOrRotten\data\raw\Banana_Rotten\rotated_by_15_Screen Shot 2018-06-12 at 8.50.20 PM.jpg,banana,rotten,1,test,0.9475675,rotten,True,-4.070386,5.093939,-47.620472,12.733917
C:\Users\antoc\FreshOrRotten\data\raw\Apple_Rotten\Screen Shot 2018-06-07 at 3.00.33 PM.jpg,apple,rotten,1,test,0.98864895,rotten,True,-5.7648263,1.4808061,-28.607113,30.79461
C:\Users\antoc\FreshOrRotten\data\raw\Apple_Fresh\translation_Screen Shot 2018-06-08 at 5.09.31 PM.jpg,apple,fresh,0,test,0.013799452,fresh,True,5.279478,12.692503,16.8936,58.19559
C:\Users\antoc\FreshOrRotten\data\raw\Apple_Rotten\rotated_by_45_Screen Shot 2018-06-07 at 2.38.38 PM.jpg,apple,rotten,1,test,0.6633894,rotten,True,-1.0368246,-3.6575718,0.009931273,-21.20418
C:\Users\antoc\FreshOrRotten\data\raw\Bellpepper_Fresh\capsicum3_9.jpg_0_6282.jpg,bellpepper,fresh,0,test,0.07113384,fresh,True,2.6088705,1.246202,8.82586,14.116971
C:\Users\antoc\FreshOrRotten\data\raw\Pomegranate_Fresh\20190820_151119.jpg,pomegranate,fresh,0,test,0.004064459,fresh,True,6.187334,2.42899,31.704973,30.019878
C:\Users\antoc\FreshOrRotten\data\raw\Kaki_Fresh\Image3.jpg,kaki,fresh,0,test,0.08045847,fresh,True,2.676499,3.519412,6.980979,38.162796
C:\Users\antoc\FreshOrRotten\data\raw\Orange_Fresh\rotated_by_30_Screen Shot 2018-06-13 at 12.13.58 AM.jpg,orange,fresh,0,test,0.03908533,fresh,True,4.0716953,-2.2471294,28.24087,-43.314564
C:\Users\antoc\FreshOrRotten\data\raw\Orange_Fresh\freshOrange (301)1.jpg,orange,fresh,0,test,0.080130436,fresh,True,2.7579458,-3.1724477,26.404987,-34.39049
C:\Users\antoc\FreshOrRotten\data\raw\Tomato_Rotten\rottenTomato (266)1.jpg,tomato,rotten,1,test,0.9434534,rotten,True,-3.593112,-0.42070374,-16.547699,29.71361
C:\Users\antoc\FreshOrRotten\data\raw\Orange_Fresh\IMG_20190924_153141.jpg,orange,fresh,0,test,0.16831462,fresh,True,1.4325931,-3.1412163,21.091074,-18.306429
C:\Users\antoc\FreshOrRotten\data\raw\Tomato_Rotten\Image369 (2).jpg,tomato,rotten,1,test,0.99861586,rotten,True,-8.0862,3.292139,-37.43782,29.276821
C:\Users\antoc\FreshOrRotten\data\raw\Cucumber_Fresh\Image61.jpg,cucumber,fresh,0,test,0.0013711054,fresh,True,9.290134,1.9522631,51.255375,-4.089874
C:\Users\antoc\FreshOrRotten\data\raw\Mango_Rotten\rottenMango (389).jpg,mango,rotten,1,test,0.70198816,rotten,True,-1.6695786,-3.0915012,-10.539144,-23.785105
C:\Users\antoc\FreshOrRotten\data\raw\Pomegranate_Fresh\20190820_151105_24516.jpg,pomegranate,fresh,0,test,0.020232253,fresh,True,4.3266993,-0.56467605,38.278187,0.45443457
C:\Users\antoc\FreshOrRotten\data\raw\Orange_Fresh\Screen Shot 2018-06-12 at 11.52.16 PM.jpg,orange,fresh,0,test,0.036081344,fresh,True,2.6510897,-4.158981,20.888222,-47.849407
C:\Users\antoc\FreshOrRotten\data\raw\Bellpepper_Fresh\freshPepper (585)1.jpg,bellpepper,fresh,0,test,0.029052008,fresh,True,3.6818304,-3.5063152,24.683777,-44.19365
C:\Users\antoc\FreshOrRotten\data\raw\Lime_Rotten\IMG_20190822_080011_1.jpg,lime,rotten,1,test,0.5849869,rotten,True,-1.2291479,1.0218444,-8.572806,10.517423
C:\Users\antoc\FreshOrRotten\data\raw\Pomegranate_Fresh\20190820_154651_26725.jpg,pomegranate,fresh,0,test,0.00025513506,fresh,True,9.40637,7.114443,40.099983,38.941963
C:\Users\antoc\FreshOrRotten\data\raw\Banana_Rotten\saltandpepper_Screen Shot 2018-06-12 at 9.02.24 PM.jpg,banana,rotten,1,test,0.99473405,rotten,True,-7.1513624,0.6968605,-40.45536,3.9846165
C:\Users\antoc\FreshOrRotten\data\raw\Apple_Fresh\IMG_9422.JPG,apple,fresh,0,test,0.09409425,fresh,True,2.3455238,-2.061909,23.32597,-9.117168
C:\Users\antoc\FreshOrRotten\data\raw\Pomegranate_Fresh\20190820_153011.jpg,pomegranate,fresh,0,test,0.0522704,fresh,True,3.221673,-1.4504728,40.101692,-2.3414607
C:\Users\antoc\FreshOrRotten\data\raw\Banana_Rotten\translation_Screen Shot 2018-06-12 at 9.03.30 PM.jpg,banana,rotten,1,test,0.9997342,rotten,True,-10.3132,3.668409,-57.09718,9.7603445
C:\Users\antoc\FreshOrRotten\data\raw\Mango_Rotten\rottenMango (522).jpg,mango,rotten,1,test,0.90450996,rotten,True,-3.1184444,-1.3585572,-20.63703,24.317554
C:\Users\antoc\FreshOrRotten\data\raw\Guava_Fresh\IMG20200728184627_01.jpg,guava,fresh,0,test,0.27291664,fresh,True,5.026877,-1.0239561,17.639797,4.198358
C:\Users\antoc\FreshOrRotten\data\raw\Tomato_Rotten\Image2623.jpg,tomato,rotten,1,test,0.94547063,rotten,True,-4.077549,-1.510832,-35.824657,-24.121866
C:\Users\antoc\FreshOrRotten\data\raw\Pomegranate_Fresh\IMG20200728182145_27487.jpg,pomegranate,fresh,0,test,0.14183038,fresh,True,1.5528562,1.6800532,-9.499753,18.562227
C:\Users\antoc\FreshOrRotten\data\raw\Lime_Fresh\IMG_20190902_104345.jpg,lime,fresh,0,test,0.017681448,fresh,True,4.427718,-0.8224217,34.514286,-2.190365
C:\Users\antoc\FreshOrRotten\data\raw\Orange_Rotten\IMG_20190923_175704_1.jpg,orange,rotten,1,test,0.22991191,fresh,False,0.8317024,0.8057333,-3.1745253,10.016223
C:\Users\antoc\FreshOrRotten\data\raw\Cucumber_Fresh\Image275.jpg,cucumber,fresh,0,test,0.001285434,fresh,True,9.454228,2.0479586,51.257412,-4.08669
C:\Users\antoc\FreshOrRotten\data\raw\Tomato_Rotten\Copy of IMG_20200801_191346.jpg_0_8137.jpg,tomato,rotten,1,test,0.39429873,fresh,False,-0.06762287,-4.0568247,2.141646,-32.16293
C:\Users\antoc\FreshOrRotten\data\raw\Mango_Fresh\freshMango (48).jpg,mango,fresh,0,test,0.077191345,fresh,True,4.259021,-1.8120184,46.413464,-15.223759
C:\Users\antoc\FreshOrRotten\data\raw\Orange_Rotten\rotated_by_30_Screen Shot 2018-06-12 at 11.42.56 PM.jpg,orange,rotten,1,test,0.9979109,rotten,True,-7.770469,2.42862,-53.85121,3.2381723
C:\Users\antoc\FreshOrRotten\data\raw\Banana_Rotten\translation_Screen Shot 2018-06-12 at 8.55.08 PM.jpg,banana,rotten,1,test,0.99993503,rotten,True,-11.801941,5.0095496,-58.411896,10.632167
C:\Users\antoc\FreshOrRotten\data\raw\Banana_Rotten\rotated_by_60_Screen Shot 2018-06-12 at 9.09.55 PM.jpg,banana,rotten,1,test,0.9934623,rotten,True,-6.5976486,3.5682096,-50.800625,9.519671
C:\Users\antoc\FreshOrRotten\data\raw\Grapes_Rotten\RottenGrape (2).jpg,grapes,rotten,1,test,0.27628547,fresh,False,0.5787056,1.7590401,-10.46177,18.590324
C:\Users\antoc\FreshOrRotten\data\raw\Apple_Rotten\IMG_20190910_171824.jpg,apple,rotten,1,test,0.92253184,rotten,True,-3.1088557,5.2834024,-24.10851,43.28781
C:\Users\antoc\FreshOrRotten\data\raw\Banana_Rotten\rotated_by_75_Screen Shot 2018-06-12 at 9.00.49 PM.jpg,banana,rotten,1,test,0.9990138,rotten,True,-8.672342,3.384803,-46.67552,23.636576
C:\Users\antoc\FreshOrRotten\data\raw\Kaki_Fresh\Image905.jpg,kaki,fresh,0,test,0.063066155,fresh,True,2.8556418,5.457756,12.322684,48.604427
C:\Users\antoc\FreshOrRotten\data\raw\Kaki_Rotten\Image3629.jpg,kaki,rotten,1,test,0.91240025,rotten,True,-3.2666101,-0.5304141,-36.43924,-28.865566
C:\Users\antoc\FreshOrRotten\data\raw\Banana_Rotten\rottenBanana (264)1.jpg,banana,rotten,1,test,0.9964935,rotten,True,-7.2732506,1.9915025,-39.54483,23.446857
C:\Users\antoc\FreshOrRotten\data\raw\Guava_Fresh\IMG_8819.JPG,guava,fresh,0,test,0.07066499,fresh,True,2.7433448,-1.4186052,25.403551,-8.841918
C:\Users\antoc\FreshOrRotten\data\raw\Orange_Fresh\IMG_2111.JPG,orange,fresh,0,test,0.2770838,fresh,True,0.61425906,-4.1784263,7.0459423,-35.032013
C:\Users\antoc\FreshOrRotten\data\raw\Bellpepper_Rotten\WhatsApp Image 2020-11-07 at 11.35.36 PM.jpg_0_4525.jpg,bellpepper,rotten,1,test,0.95879406,rotten,True,-4.2394953,-1.3507757,-35.27425,-12.288923
C:\Users\antoc\FreshOrRotten\data\raw\Strawberry_Fresh\freshStrawberry (421)1.jpg,strawberry,fresh,0,test,0.67442113,rotten,False,-1.4738392,-0.06309464,-13.505317,16.193096
C:\Users\antoc\FreshOrRotten\data\raw\Strawberry_Fresh\freshStrawberry (49)1.jpg,strawberry,fresh,0,test,0.52078915,rotten,False,-1.126887,-2.4415088,-14.894167,-44.729523
C:\Users\antoc\FreshOrRotten\data\raw\Guava_Fresh\20190813_130742.jpg,guava,fresh,0,test,0.2521998,fresh,True,0.99413574,-3.5989432,13.827722,-21.374634
C:\Users\antoc\FreshOrRotten\data\raw\Guava_Rotten\RottenGuava (96).jpg,guava,rotten,1,test,0.8044421,rotten,True,-2.2518013,-2.93317,-18.8093,-13.9732275
C:\Users\antoc\FreshOrRotten\data\raw\Guava_Rotten\RottenGuava (156).jpg,guava,rotten,1,test,0.6669765,rotten,True,-1.4225855,-3.1823826,-10.367372,-24.157167
C:\Users\antoc\FreshOrRotten\data\raw\Pomegranate_Fresh\20190820_150932.jpg,pomegranate,fresh,0,test,0.004768501,fresh,True,5.9958506,2.866271,31.763502,30.687479
C:\Users\antoc\FreshOrRotten\data\raw\Lime_Fresh\IMG_20190902_103650_1.jpg,lime,fresh,0,test,0.06515294,fresh,True,2.6319976,-0.0637131,7.3767996,8.730931
C:\Users\antoc\FreshOrRotten\data\raw\Papaya_Rotten\Image2051.jpg,papaya,rotten,1,test,0.9929015,rotten,True,-6.728444,-0.21581459,-47.507946,-10.294382
C:\Users\antoc\FreshOrRotten\data\raw\Lime_Fresh\IMG_20190902_104536_1.jpg,lime,fresh,0,test,0.04311608,fresh,True,3.2467918,-1.4949584,32.507782,-5.7036853
C:\Users\antoc\FreshOrRotten\data\raw\Mango_Rotten\rottenMango (248).jpg,mango,rotten,1,test,0.808472,rotten,True,-2.4381843,-3.3535507,-22.275589,-17.625046
C:\Users\antoc\FreshOrRotten\data\raw\Guava_Rotten\IMG_20190822_080942_1.jpg,guava,rotten,1,test,0.9236435,rotten,True,-3.6207566,-2.363057,-24.039135,-10.353555
C:\Users\antoc\FreshOrRotten\data\raw\Tomato_Rotten\Image339.jpg,tomato,rotten,1,test,0.98898894,rotten,True,-5.334224,0.88025016,-52.651497,4.726899
C:\Users\antoc\FreshOrRotten\data\raw\Tomato_Rotten\Copy of IMG_20200802_134636.jpg_0_8992.jpg,tomato,rotten,1,test,0.4961191,fresh,False,-0.56821376,-3.9442506,-1.3228624,-27.593801
C:\Users\antoc\FreshOrRotten\data\raw\Mango_Rotten\rottenMango (524).jpg,mango,rotten,1,test,0.4983204,fresh,False,-0.62831587,-3.601727,1.9607488,-30.733807
C:\Users\antoc\FreshOrRotten\data\raw\Bitter_Gourd_Fresh\IMG_20200822_223831.jpg_0_4482.jpg,bitter_gourd,fresh,0,test,0.029179858,fresh,True,3.6572008,-0.65234005,28.92831,-0.5594495
C:\Users\antoc\FreshOrRotten\data\raw\Banana_Rotten\IMG_20190910_175531_1.jpg,banana,rotten,1,test,0.9993173,rotten,True,-9.712929,2.6047287,-57.385963,6.871586
C:\Users\antoc\FreshOrRotten\data\raw\Strawberry_Fresh\freshStrawberry (245)1.jpg,strawberry,fresh,0,test,0.5165148,rotten,False,-0.9742606,-2.5577173,-15.390522,-44.75977
C:\Users\antoc\FreshOrRotten\data\raw\Lime_Rotten\IMG_7542.JPG,lime,rotten,1,test,0.76474535,rotten,True,-2.04419,-2.9816628,-11.1020355,-21.726347
C:\Users\antoc\FreshOrRotten\data\raw\Potato_Fresh\freshPotato (59).jpg,potato,fresh,0,test,0.33407208,fresh,True,0.4720098,-3.2948558,12.613662,-20.861692
C:\Users\antoc\FreshOrRotten\data\raw\Strawberry_Rotten\rottenStrawberry (535)1.jpg,strawberry,rotten,1,test,0.9177396,rotten,True,-3.3107007,-1.2654228,-20.879257,24.562489
C:\Users\antoc\FreshOrRotten\data\raw\Potato_Rotten\rottenPotato (524).jpg,potato,rotten,1,test,0.90290093,rotten,True,-3.4558246,8.811763,-43.26287,17.325106
C:\Users\antoc\FreshOrRotten\data\raw\Orange_Fresh\IMG_20190924_152454.jpg,orange,fresh,0,test,0.14021206,fresh,True,1.763629,-0.9290523,7.748981,-0.06762244
C:\Users\antoc\FreshOrRotten\data\raw\Orange_Fresh\IMG_1925.JPG,orange,fresh,0,test,0.34744424,fresh,True,0.22564006,-3.984086,4.764801,-32.46453
C:\Users\antoc\FreshOrRotten\data\raw\Cucumber_Rotten\rottenCucumber (209)1.jpg,cucumber,rotten,1,test,0.9899248,rotten,True,-5.8148875,2.0371552,-27.568472,36.72126
C:\Users\antoc\FreshOrRotten\data\raw\Pomegranate_Rotten\IMG_20190824_181016.jpg,pomegranate,rotten,1,test,0.8936684,rotten,True,-2.6162739,-0.61159,-15.295941,34.857048
C:\Users\antoc\FreshOrRotten\data\raw\Bitter_Gourd_Rotten\IMG_20200824_182212.jpg_0_9115.jpg,bitter_gourd,rotten,1,test,0.9896555,rotten,True,-6.0490785,-0.1888451,-38.57241,-0.6180515
C:\Users\antoc\FreshOrRotten\data\raw\Banana_Fresh\Image115.jpg,banana,fresh,0,test,0.062840454,fresh,True,2.896849,1.528531,5.17655,36.16397
C:\Users\antoc\FreshOrRotten\data\raw\Orange_Fresh\rotated_by_75_Screen Shot 2018-06-13 at 12.05.33 AM.jpg,orange,fresh,0,test,0.038883436,fresh,True,3.8142347,-3.2739244,25.783335,-43.543655
C:\Users\antoc\FreshOrRotten\data\raw\Tomato_Fresh\Image197.jpg,tomato,fresh,0,test,0.0824917,fresh,True,2.7215827,2.3555434,15.08688,40.680668
C:\Users\antoc\FreshOrRotten\data\raw\Tomato_Rotten\rottenTomato (457)1.jpg,tomato,rotten,1,test,0.3985876,fresh,False,-0.35037652,-2.9869194,-14.195535,-45.769444
C:\Users\antoc\FreshOrRotten\data\raw\Pomegranate_Rotten\RottenPomegranate (197)!.jpg,pomegranate,rotten,1,test,0.86187917,rotten,True,-2.3293495,-1.0971458,-12.964986,29.58166
C:\Users\antoc\FreshOrRotten\data\raw\Orange_Fresh\freshOrange (7)1.jpg,orange,fresh,0,test,0.06410569,fresh,True,2.814835,-3.2642813,26.460478,-34.623024
C:\Users\antoc\FreshOrRotten\data\raw\Orange_Rotten\RottenOrange (11)!.jpg,orange,rotten,1,test,0.7276094,rotten,True,-1.6392004,-2.2306848,-24.5527,-39.34528
C:\Users\antoc\FreshOrRotten\data\raw\Apple_Fresh\translation_Screen Shot 2018-06-08 at 5.00.35 PM.jpg,apple,fresh,0,test,0.4974487,fresh,True,-0.086740434,0.80438304,-26.531685,-49.726433
C:\Users\antoc\FreshOrRotten\data\raw\Bellpepper_Rotten\Image451.jpg,bellpepper,rotten,1,test,0.93513936,rotten,True,-3.4734573,-0.8888515,-33.39208,-37.44368
C:\Users\antoc\FreshOrRotten\data\raw\Banana_Fresh\rotated_by_45_Screen Shot 2018-06-12 at 9.58.07 PM.jpg,banana,fresh,0,test,0.04137808,fresh,True,3.9401505,0.7382703,12.096206,20.548914
C:\Users\antoc\FreshOrRotten\data\raw\Tomato_Fresh\IMG_20200725_095418.jpg_0_8909.jpg,tomato,fresh,0,test,0.53553176,rotten,False,-0.6976795,-3.7000418,-2.4941063,-26.56535
C:\Users\antoc\FreshOrRotten\data\raw\Bellpepper_Fresh\Day4A.jpg_0_420.jpg,bellpepper,fresh,0,test,0.14238217,fresh,True,1.9843509,-0.7245985,7.026987,-4.578241
C:\Users\antoc\FreshOrRotten\data\raw\Lime_Fresh\IMG_20190902_110806.jpg,lime,fresh,0,test,0.020569358,fresh,True,4.1832685,-0.08731665,31.320257,2.2556365
C:\Users\antoc\FreshOrRotten\data\raw\Orange_Rotten\IMG_20190824_175013_1.jpg,orange,rotten,1,test,0.8517535,rotten,True,-2.862599,-2.0479832,-23.16364,3.737434
C:\Users\antoc\FreshOrRotten\data\raw\Bellpepper_Rotten\WhatsApp Image 2020-11-07 at 11.35.36 PM(1).jpg_0_4324.jpg,bellpepper,rotten,1,test,0.96791136,rotten,True,-4.694684,-1.2913029,-35.5016,-11.698637
C:\Users\antoc\FreshOrRotten\data\raw\Apple_Rotten\rottenApple (408)1.jpg,apple,rotten,1,test,0.68840516,rotten,True,-1.4736997,-3.2596037,-17.955088,-16.643806
C:\Users\antoc\FreshOrRotten\data\raw\Apple_Rotten\rottenApple (340)1.jpg,apple,rotten,1,test,0.98517805,rotten,True,-6.00452,-0.66838247,-40.17089,-3.372127
C:\Users\antoc\FreshOrRotten\data\raw\Tomato_Fresh\DSCN4158.jpg_0_8862.jpg,tomato,fresh,0,test,0.40362707,fresh,True,0.22988072,2.4896345,6.0843887,50.897747
C:\Users\antoc\FreshOrRotten\data\raw\Bellpepper_Fresh\IMG_20200825_144655.jpg_0_4284.jpg,bellpepper,fresh,0,test,0.25335947,fresh,True,1.0562742,-1.6134976,7.270894,-7.0453453
C:\Users\antoc\FreshOrRotten\data\raw\Apple_Rotten\rotated_by_75_Screen Shot 2018-06-07 at 2.59.52 PM.jpg,apple,rotten,1,test,0.9621712,rotten,True,-4.346938,-0.16185838,-36.41638,-38.967266
C:\Users\antoc\FreshOrRotten\data\raw\Tomato_Fresh\Image547.jpg,tomato,fresh,0,test,0.009749321,fresh,True,5.8055253,-1.4248421,36.94487,-48.249756
C:\Users\antoc\FreshOrRotten\data\raw\Tomato_Rotten\Copy of IMG_20200727_223205.jpg_0_2487.jpg,tomato,rotten,1,test,0.7676031,rotten,True,-1.5117149,-1.6098425,-24.830301,-44.37624
C:\Users\antoc\FreshOrRotten\data\raw\Bellpepper_Rotten\rottenPepper (536)1.jpg,bellpepper,rotten,1,test,0.7617037,rotten,True,-1.6392623,-2.7845662,-22.847486,-5.3919206
C:\Users\antoc\FreshOrRotten\data\raw\Strawberry_Fresh\freshStrawberry (240)1.jpg,strawberry,fresh,0,test,0.06046699,fresh,True,2.687705,0.23933178,21.032166,13.184128
C:\Users\antoc\FreshOrRotten\data\raw\Lime_Fresh\IMG_20190902_102653.jpg,lime,fresh,0,test,0.096123755,fresh,True,2.1909223,-2.5740788,23.17692,-17.254063
C:\Users\antoc\FreshOrRotten\data\raw\Strawberry_Fresh\freshStrawberry (547)1.jpg,strawberry,fresh,0,test,0.2878093,fresh,True,0.2457433,-3.631897,-12.867458,-45.98618
C:\Users\antoc\FreshOrRotten\data\raw\Bellpepper_Rotten\rottenPepper (400)1.jpg,bellpepper,rotten,1,test,0.07976174,fresh,False,2.9031482,-1.4269189,30.996904,-36.649982
C:\Users\antoc\FreshOrRotten\data\raw\Lime_Rotten\IMG_7532.JPG,lime,rotten,1,test,0.8626688,rotten,True,-2.8660016,-2.4893024,-18.705706,-8.863798
C:\Users\antoc\FreshOrRotten\data\raw\Tomato_Fresh\DSCN4069.jpg_0_1530.jpg,tomato,fresh,0,test,0.29336432,fresh,True,0.77705806,7.211092,-0.44858217,59.911728
C:\Users\antoc\FreshOrRotten\data\raw\Orange_Rotten\rotated_by_60_Screen Shot 2018-06-12 at 11.18.41 PM.jpg,orange,rotten,1,test,0.89574736,rotten,True,-2.8588016,-1.202491,-31.635502,-13.077617
C:\Users\antoc\FreshOrRotten\data\raw\Strawberry_Rotten\RottenStrawberry (87)!.jpg,strawberry,rotten,1,test,0.94384253,rotten,True,-3.38933,0.38074532,-19.536306,35.849743
C:\Users\antoc\FreshOrRotten\data\raw\Pear_Fresh\Image333.jpg,pear,fresh,0,test,0.014573947,fresh,True,4.4883585,0.56187594,30.474329,10.676912
C:\Users\antoc\FreshOrRotten\data\raw\Banana_Rotten\rottenBanana (506)1.jpg,banana,rotten,1,test,0.8854498,rotten,True,-3.0723839,2.2278085,-17.573952,17.888676
C:\Users\antoc\FreshOrRotten\data\raw\Orange_Fresh\vertical_flip_Screen Shot 2018-06-13 at 12.03.44 AM.jpg,orange,fresh,0,test,0.053298727,fresh,True,2.3478951,-4.039601,20.57386,-46.896305
C:\Users\antoc\FreshOrRotten\data\raw\Pomegranate_Fresh\20190820_143818_23033.jpg,pomegranate,fresh,0,test,0.0021793998,fresh,True,7.200823,1.0300175,44.925415,3.281219
C:\Users\antoc\FreshOrRotten\data\raw\Banana_Fresh\IMG_8693.JPG,banana,fresh,0,test,0.042758916,fresh,True,3.9046147,-1.0088291,41.055744,-10.180602
C:\Users\antoc\FreshOrRotten\data\raw\Banana_Rotten\IMG_20190910_175732.jpg,banana,rotten,1,test,0.9987901,rotten,True,-8.5716715,2.7231483,-43.600998,24.182981
C:\Users\antoc\FreshOrRotten\data\raw\Orange_Rotten\IMG_20190824_175045_1.jpg,orange,rotten,1,test,0.86060184,rotten,True,-3.0543625,-2.0440373,-23.36563,3.9047585
C:\Users\antoc\FreshOrRotten\data\raw\Apple_Rotten\IMG_20190910_172211_1.jpg,apple,rotten,1,test,0.9503703,rotten,True,-3.4117682,5.241152,-22.787233,44.61736
C:\Users\antoc\FreshOrRotten\data\raw\Pomegranate_Fresh\20190820_153812_26081.jpg,pomegranate,fresh,0,test,0.0018704516,fresh,True,7.1000834,3.3859277,34.674698,31.32025
C:\Users\antoc\FreshOrRotten\data\raw\Peach_Rotten\Image4849.jpg,peach,rotten,1,test,0.9635714,rotten,True,-4.6449585,-1.4335498,-30.713589,-4.557201
C:\Users\antoc\FreshOrRotten\data\raw\Pomegranate_Fresh\20190820_151112_24520.jpg,pomegranate,fresh,0,test,0.005875167,fresh,True,6.03673,3.7748466,30.659645,32.623814
C:\Users\antoc\FreshOrRotten\data\raw\Orange_Fresh\IMG_20190924_153517.jpg,orange,fresh,0,test,0.050366964,fresh,True,3.3234963,-1.7311645,35.211227,-10.514829
C:\Users\antoc\FreshOrRotten\data\raw\Apple_Rotten\Screen Shot 2018-06-07 at 3.05.58 PM.jpg,apple,rotten,1,test,0.7430799,rotten,True,-1.8478098,-2.484109,-24.003828,-37.4314
C:\Users\antoc\FreshOrRotten\data\raw\Pomegranate_Fresh\20190820_152928_25323.jpg,pomegranate,fresh,0,test,0.022649711,fresh,True,3.9463468,1.5994654,22.787249,17.189047
C:\Users\antoc\FreshOrRotten\data\raw\Apple_Rotten\IMG_20190824_175540_1.jpg,apple,rotten,1,test,0.41608647,fresh,False,-0.31439087,-4.15504,0.105106644,-33.1649
C:\Users\antoc\FreshOrRotten\data\raw\Orange_Fresh\FreshOrange (199)!.jpg,orange,fresh,0,test,0.0024541635,fresh,True,10.117373,-2.0043426,51.943867,-25.124489
C:\Users\antoc\FreshOrRotten\data\raw\Apple_Rotten\rotated_by_45_Screen Shot 2018-06-07 at 2.23.51 PM.jpg,apple,rotten,1,test,0.3662623,fresh,False,0.592684,-1.6894135,19.207748,-30.464287
C:\Users\antoc\FreshOrRotten\data\raw\Potato_Rotten\rottenPotato (236).jpg,potato,rotten,1,test,0.31492034,fresh,False,0.5538891,-2.4513702,13.125307,-15.1490345
C:\Users\antoc\FreshOrRotten\data\raw\Lime_Fresh\IMG_20190902_111027.jpg,lime,fresh,0,test,0.02813201,fresh,True,3.892614,-0.800286,33.24444,-3.6593034
C:\Users\antoc\FreshOrRotten\data\raw\Cucumber_Fresh\freshCucumber (357)1.jpg,cucumber,fresh,0,test,0.21550967,fresh,True,5.519144,-3.02499,54.86191,-16.90084
C:\Users\antoc\FreshOrRotten\data\raw\Lime_Fresh\IMG_20190902_102421_1.jpg,lime,fresh,0,test,0.005018099,fresh,True,5.8715773,1.9725679,31.212753,16.692974
C:\Users\antoc\FreshOrRotten\data\raw\Strawberry_Rotten\rottenStrawberry (423)1.jpg,strawberry,rotten,1,test,0.97974557,rotten,True,-4.927812,4.283926,-26.28599,44.28879
C:\Users\antoc\FreshOrRotten\data\raw\Orange_Rotten\IMG_20190824_174909_1.jpg,orange,rotten,1,test,0.94781595,rotten,True,-4.1798587,-1.0035924,-25.721537,5.983996
C:\Users\antoc\FreshOrRotten\data\raw\Cucumber_Fresh\freshCucumber (456)1.jpg,cucumber,fresh,0,test,0.23819575,fresh,True,0.9331727,-1.2616137,11.459453,-9.389893
C:\Users\antoc\FreshOrRotten\data\raw\Guava_Rotten\RottenGuava (65).jpg,guava,rotten,1,test,0.999153,rotten,True,-8.951796,3.3190565,-43.693645,26.778488
C:\Users\antoc\FreshOrRotten\data\raw\Pomegranate_Rotten\IMG_20190822_085000.jpg,pomegranate,rotten,1,test,0.9744238,rotten,True,-4.4650373,0.7616272,-22.91591,34.22713
C:\Users\antoc\FreshOrRotten\data\raw\Apple_Fresh\freshApple (109)1.jpg,apple,fresh,0,test,0.21516815,fresh,True,0.566649,-4.3363094,4.3302426,-40.062084
C:\Users\antoc\FreshOrRotten\data\raw\Peach_Fresh\Image1189.jpg,peach,fresh,0,test,0.11886272,fresh,True,2.3478804,-2.5438566,33.775417,-37.006657
C:\Users\antoc\FreshOrRotten\data\raw\Cucumber_Rotten\rottenCucumber (242)1.jpg,cucumber,rotten,1,test,0.993487,rotten,True,-6.988494,2.4690146,-29.493893,37.06495
C:\Users\antoc\FreshOrRotten\data\raw\Banana_Fresh\rotated_by_15_Screen Shot 2018-06-12 at 10.07.46 PM.jpg,banana,fresh,0,test,0.12011144,fresh,True,1.9357811,1.9909599,6.666816,17.994642
C:\Users\antoc\FreshOrRotten\data\raw\Apple_Rotten\rotated_by_45_Screen Shot 2018-06-07 at 2.57.13 PM.jpg,apple,rotten,1,test,0.9937111,rotten,True,-6.417278,5.0162654,-50.332264,11.627884
C:\Users\antoc\FreshOrRotten\data\raw\Pomegranate_Fresh\20190820_145500_23668.jpg,pomegranate,fresh,0,test,0.0038973377,fresh,True,6.3046966,5.587178,32.578815,41.330418
C:\Users\antoc\FreshOrRotten\data\raw\Banana_Rotten\Image793.jpg,banana,rotten,1,test,0.99959224,rotten,True,-9.709635,4.942725,-45.010113,28.94118
C:\Users\antoc\FreshOrRotten\data\raw\Pomegranate_Fresh\20190820_150049.jpg,pomegranate,fresh,0,test,0.008206479,fresh,True,5.374586,1.4389663,37.966923,12.436736
C:\Users\antoc\FreshOrRotten\data\raw\Banana_Rotten\Image1285.jpg,banana,rotten,1,test,0.9994382,rotten,True,-9.454838,5.9120483,-46.42072,28.408575
C:\Users\antoc\FreshOrRotten\data\raw\Carrot_Fresh\freshCarrot (593).jpg,carrot,fresh,0,test,0.2014657,fresh,True,1.5286996,-2.2236521,16.339983,-33.198956
C:\Users\antoc\FreshOrRotten\data\raw\Bellpepper_Fresh\freshPepper (33)1.jpg,bellpepper,fresh,0,test,0.0026319092,fresh,True,8.912684,1.0547832,47.258602,0.4661556
C:\Users\antoc\FreshOrRotten\data\raw\Apple_Rotten\rotated_by_60_Screen Shot 2018-06-08 at 2.41.39 PM.jpg,apple,rotten,1,test,0.9526725,rotten,True,-4.0828657,-2.0290473,-24.91971,-20.539448
C:\Users\antoc\FreshOrRotten\data\raw\Tomato_Fresh\tomato1_8.jpg_0_8576.jpg,tomato,fresh,0,test,0.048178215,fresh,True,3.4126003,6.421556,13.818734,53.074455
C:\Users\antoc\FreshOrRotten\data\raw\Pomegranate_Fresh\IMG20200728182153_27492.jpg,pomegranate,fresh,0,test,0.021984525,fresh,True,5.255043,2.0371451,19.311335,3.346668
C:\Users\antoc\FreshOrRotten\data\raw\Bellpepper_Rotten\Image2141.jpg,bellpepper,rotten,1,test,0.9976788,rotten,True,-7.636829,2.4606473,-35.007748,24.952961
C:\Users\antoc\FreshOrRotten\data\raw\Guava_Fresh\IMG_8514.JPG,guava,fresh,0,test,0.009243767,fresh,True,5.5060296,0.8562857,42.56686,13.804684
C:\Users\antoc\FreshOrRotten\data\raw\Banana_Fresh\translation_Screen Shot 2018-06-12 at 10.01.41 PM.jpg,banana,fresh,0,test,0.059249483,fresh,True,3.0118017,2.2935185,7.4675903,20.25051
C:\Users\antoc\FreshOrRotten\data\raw\Banana_Rotten\rottenBanana (401)1.jpg,banana,rotten,1,test,0.87545747,rotten,True,-3.0308886,-1.8991768,-25.984135,1.0580553
C:\Users\antoc\FreshOrRotten\data\raw\Pomegranate_Fresh\IMG20200728125545_27064.jpg,pomegranate,fresh,0,test,0.08438539,fresh,True,3.4349496,-3.0862806,44.2231,-1.9345875
C:\Users\antoc\FreshOrRotten\data\raw\Bellpepper_Rotten\Image399.jpg,bellpepper,rotten,1,test,0.9334963,rotten,True,-3.4702263,-1.0165961,-33.413826,-36.74709
C:\Users\antoc\FreshOrRotten\data\raw\Orange_Rotten\IMG_20190923_181449.jpg,orange,rotten,1,test,0.99594504,rotten,True,-7.0822334,1.7346985,-39.012203,23.973038
C:\Users\antoc\FreshOrRotten\data\raw\Apple_Rotten\Screen Shot 2018-06-07 at 2.25.16 PM.jpg,apple,rotten,1,test,0.17763118,fresh,False,1.6157274,2.0863595,19.400179,33.910976
C:\Users\antoc\FreshOrRotten\data\raw\Apple_Fresh\rotated_by_45_Screen Shot 2018-06-08 at 5.04.42 PM.jpg,apple,fresh,0,test,0.111716405,fresh,True,2.787809,-0.70859915,40.1697,-7.1173887
C:\Users\antoc\FreshOrRotten\data\raw\Lime_Rotten\IMG_20190923_183649_1.jpg,lime,rotten,1,test,0.74724233,rotten,True,-2.0193884,0.9306153,-14.034189,15.46732
C:\Users\antoc\FreshOrRotten\data\raw\Tomato_Fresh\DSCN4101.jpg_0_9309.jpg,tomato,fresh,0,test,0.309217,fresh,True,0.7447983,8.383971,0.31782654,61.526333
C:\Users\antoc\FreshOrRotten\data\raw\Pomegranate_Fresh\20190820_150518_24177.jpg,pomegranate,fresh,0,test,0.0043899952,fresh,True,6.1498194,5.7789345,31.927874,39.715195
C:\Users\antoc\FreshOrRotten\data\raw\Banana_Rotten\rotated_by_30_Screen Shot 2018-06-12 at 8.47.51 PM.jpg,banana,rotten,1,test,0.9997737,rotten,True,-10.485554,4.300761,-56.740284,10.457927
C:\Users\antoc\FreshOrRotten\data\raw\Lime_Fresh\IMG_20190902_111132.jpg,lime,fresh,0,test,0.021690361,fresh,True,4.165718,-0.061888356,30.86016,2.7359345
C:\Users\antoc\FreshOrRotten\data\raw\Carrot_Rotten\rottenCarrot (322).jpg,carrot,rotten,1,test,0.9958146,rotten,True,-7.1906557,1.978461,-40.18927,22.680416
C:\Users\antoc\FreshOrRotten\data\raw\Potato_Rotten\rottenPotato (490).jpg,potato,rotten,1,test,0.99534947,rotten,True,-7.0427957,2.9606166,-40.9218,22.140852
C:\Users\antoc\FreshOrRotten\data\raw\Bellpepper_Rotten\Image389.jpg,bellpepper,rotten,1,test,0.93510246,rotten,True,-3.5067925,-1.0152968,-33.72821,-36.6276
C:\Users\antoc\FreshOrRotten\data\raw\Lime_Rotten\IMG_20190820_085701_1.jpg,lime,rotten,1,test,0.97391075,rotten,True,-4.8469896,0.6977488,-21.77902,19.825447
C:\Users\antoc\FreshOrRotten\data\raw\Orange_Rotten\rotated_by_75_Screen Shot 2018-06-12 at 11.20.30 PM.jpg,orange,rotten,1,test,0.33487535,fresh,False,-0.1365985,-3.915601,12.08488,-45.205647
C:\Users\antoc\FreshOrRotten\data\raw\Pomegranate_Fresh\20190820_154215_26382.jpg,pomegranate,fresh,0,test,0.023787774,fresh,True,4.1580696,2.507652,24.716473,34.017815
C:\Users\antoc\FreshOrRotten\data\raw\Apple_Fresh\freshApple (418)1.jpg,apple,fresh,0,test,0.025541069,fresh,True,4.3021464,-0.5222533,35.780975,3.530014
C:\Users\antoc\FreshOrRotten\data\raw\Banana_Rotten\IMG20200729190317.jpg,banana,rotten,1,test,0.5766095,rotten,True,0.5693288,-1.1318992,17.107103,2.0034761
C:\Users\antoc\FreshOrRotten\data\raw\Pomegranate_Rotten\IMG20200728183002.jpg,pomegranate,rotten,1,test,0.7911024,rotten,True,0.6827454,-2.4065523,16.647072,3.9591312
C:\Users\antoc\FreshOrRotten\data\raw\Kaki_Rotten\Image3707.jpg,kaki,rotten,1,test,0.9253097,rotten,True,-3.5047035,-0.34204718,-36.7372,-28.478298
C:\Users\antoc\FreshOrRotten\data\raw\Guava_Rotten\IMG_20190822_081047.jpg,guava,rotten,1,test,0.96874106,rotten,True,-4.832019,-1.5941921,-30.51672,-7.080785
C:\Users\antoc\FreshOrRotten\data\raw\Pear_Fresh\Image657.jpg,pear,fresh,0,test,0.03425414,fresh,True,3.4552066,0.110747874,9.96434,8.278162
C:\Users\antoc\FreshOrRotten\data\raw\Guava_Rotten\IMG20200728184857.jpg,guava,rotten,1,test,0.14810653,fresh,False,1.4013495,1.7198238,-0.6870926,12.38876
C:\Users\antoc\FreshOrRotten\data\raw\Tomato_Rotten\Copy of IMG_20200801_191346.jpg_0_3485.jpg,tomato,rotten,1,test,0.46675918,fresh,False,-0.34235176,-3.8195915,0.6706087,-30.221632
C:\Users\antoc\FreshOrRotten\data\raw\Potato_Rotten\rottenPotato (62).jpg,potato,rotten,1,test,0.09775015,fresh,False,2.5717072,-1.8140237,28.834604,-14.423812
C:\Users\antoc\FreshOrRotten\data\raw\Tomato_Fresh\tomato1_19.jpg_0_4204.jpg,tomato,fresh,0,test,0.0170384,fresh,True,4.763159,6.4245124,15.409394,52.15375
C:\Users\antoc\FreshOrRotten\data\raw\Papaya_Rotten\Image1685 (2).jpg,papaya,rotten,1,test,0.27898434,fresh,False,0.98973954,-2.222094,1.3824419,-9.553721
C:\Users\antoc\FreshOrRotten\data\raw\Apple_Rotten\IMG_20190910_172617_1.jpg,apple,rotten,1,test,0.9330924,rotten,True,-2.9972844,0.8324653,-20.376526,36.926117
C:\Users\antoc\FreshOrRotten\data\raw\Peach_Fresh\Image967.jpg,peach,fresh,0,test,0.10548563,fresh,True,2.5233636,-2.5454402,33.323284,-37.421413
C:\Users\antoc\FreshOrRotten\data\raw\Pomegranate_Fresh\20190820_151556_24737.jpg,pomegranate,fresh,0,test,0.0897615,fresh,True,2.4198248,-3.1255302,25.211683,-19.980799
C:\Users\antoc\FreshOrRotten\data\raw\Banana_Fresh\rotated_by_75_Screen Shot 2018-06-12 at 9.45.28 PM.jpg,banana,fresh,0,test,0.017350737,fresh,True,4.5718746,3.754134,7.0311804,23.144062
C:\Users\antoc\FreshOrRotten\data\raw\Pomegranate_Fresh\20190820_153657_25955.jpg,pomegranate,fresh,0,test,0.0044599967,fresh,True,6.0399485,2.494578,31.846676,23.295616
C:\Users\antoc\FreshOrRotten\data\raw\Guava_Fresh\IMG20200729172822_01.jpg,guava,fresh,0,test,0.58219177,rotten,False,-1.0903256,-0.5885106,-7.983471,7.156357
C:\Users\antoc\FreshOrRotten\data\raw\Pomegranate_Fresh\20190820_152902_25277.jpg,pomegranate,fresh,0,test,0.016174462,fresh,True,4.552821,1.04498,24.577526,30.355757
C:\Users\antoc\FreshOrRotten\data\raw\Tomato_Rotten\rottenTomato (569)1.jpg,tomato,rotten,1,test,0.5721032,rotten,True,-0.2114897,-0.9194876,-11.226826,31.470966
C:\Users\antoc\FreshOrRotten\data\raw\Peach_Fresh\Image955.jpg,peach,fresh,0,test,0.10312578,fresh,True,2.5572853,-2.5371265,33.575626,-37.673904
C:\Users\antoc\FreshOrRotten\data\raw\Banana_Rotten\RottenBanana (108)!.jpg,banana,rotten,1,test,0.976113,rotten,True,-5.082454,-0.08155781,-26.936228,8.722301
C:\Users\antoc\FreshOrRotten\data\raw\Lime_Fresh\IMG_20190902_104208.jpg,lime,fresh,0,test,0.008499055,fresh,True,5.2170978,1.3422465,30.210585,15.411562
C:\Users\antoc\FreshOrRotten\data\raw\Tomato_Rotten\DSCN4223.jpg_0_1606.jpg,tomato,rotten,1,test,0.6655539,rotten,True,-0.9580648,8.532055,1.1332668,63.60243
C:\Users\antoc\FreshOrRotten\data\raw\Guava_Fresh\IMG_8204.JPG,guava,fresh,0,test,0.16501161,fresh,True,4.0235415,-2.8938274,56.519733,-10.010857
C:\Users\antoc\FreshOrRotten\data\raw\Orange_Rotten\IMG_2367.JPG,orange,rotten,1,test,0.77282953,rotten,True,-2.1165543,-3.4126754,-21.847187,-16.329742
C:\Users\antoc\FreshOrRotten\data\raw\Banana_Fresh\Image183.jpg,banana,fresh,0,test,0.07157273,fresh,True,2.746482,1.4525312,4.7395,36.42932
C:\Users\antoc\FreshOrRotten\data\raw\Strawberry_Rotten\rottenStrawberry (408)1.jpg,strawberry,rotten,1,test,0.9569874,rotten,True,-4.501739,-0.8799716,-26.947723,5.687482
C:\Users\antoc\FreshOrRotten\data\raw\Apple_Fresh\rotated_by_60_Screen Shot 2018-06-08 at 5.06.19 PM.jpg,apple,fresh,0,test,0.009021051,fresh,True,5.6219893,2.3957572,12.229967,23.904907
C:\Users\antoc\FreshOrRotten\data\raw\Orange_Fresh\IMG_2600.JPG,orange,fresh,0,test,0.063685074,fresh,True,8.739003,-1.5001467,54.22965,-21.194275
C:\Users\antoc\FreshOrRotten\data\raw\Bellpepper_Rotten\WhatsApp Image 2020-11-07 at 11.30.47 PM (1).jpeg_0_3154.jpg,bellpepper,rotten,1,test,0.4867457,fresh,False,-0.2360783,-0.525334,-8.105069,2.0403893
C:\Users\antoc\FreshOrRotten\data\raw\Tomato_Fresh\DSCN4070.jpg_0_4289.jpg,tomato,fresh,0,test,0.35270455,fresh,True,0.4707483,5.4809165,3.359649,62.495102
C:\Users\antoc\FreshOrRotten\data\raw\Papaya_Rotten\Image1731.jpg,papaya,rotten,1,test,0.98910123,rotten,True,-6.1445227,-0.5902622,-46.850945,-11.47748
C:\Users\antoc\FreshOrRotten\data\raw\Pomegranate_Rotten\IMG_20190822_084959.jpg,pomegranate,rotten,1,test,0.9740475,rotten,True,-4.4391985,0.771976,-22.89241,34.311245
C:\Users\antoc\FreshOrRotten\data\raw\Carrot_Fresh\freshCarrot (3).jpg,carrot,fresh,0,test,0.99687046,rotten,False,-6.4718337,2.281463,-53.254528,5.0436273
C:\Users\antoc\FreshOrRotten\data\raw\Banana_Fresh\Image105.jpg,banana,fresh,0,test,0.060401898,fresh,True,2.9489386,1.5970972,4.952914,36.706867
C:\Users\antoc\FreshOrRotten\data\raw\Tomato_Rotten\Copy of IMG_20200730_170244.jpg_0_1311.jpg,tomato,rotten,1,test,0.7855442,rotten,True,-1.9509008,-2.3601985,-24.454695,-37.033485
C:\Users\antoc\FreshOrRotten\data\raw\Banana_Rotten\rottenBanana (274)1.jpg,banana,rotten,1,test,0.8847547,rotten,True,-3.266242,4.82926,-41.353725,15.545284
C:\Users\antoc\FreshOrRotten\data\raw\Pomegranate_Fresh\20190820_153121.jpg,pomegranate,fresh,0,test,0.0018684587,fresh,True,7.040221,3.7354655,35.461082,32.247143
C:\Users\antoc\FreshOrRotten\data\raw\Apple_Fresh\IMG_9485.JPG,apple,fresh,0,test,0.285077,fresh,True,0.40056893,-4.255831,5.626442,-35.099285
C:\Users\antoc\FreshOrRotten\data\raw\Banana_Fresh\freshBanana (428)1.jpg,banana,fresh,0,test,0.19196166,fresh,True,1.5321958,-3.2740018,26.039877,-31.684061
C:\Users\antoc\FreshOrRotten\data\raw\Cucumber_Rotten\rottenCucumber (266)1.jpg,cucumber,rotten,1,test,0.20528741,fresh,False,3.8472912,-2.9735641,52.933113,-12.580208
C:\Users\antoc\FreshOrRotten\data\raw\Pomegranate_Fresh\20190820_150200.jpg,pomegranate,fresh,0,test,0.21376711,fresh,True,1.1386316,-3.1053696,11.1923485,-32.724686
C:\Users\antoc\FreshOrRotten\data\raw\Bellpepper_Rotten\Image1971.jpg,bellpepper,rotten,1,test,0.99545753,rotten,True,-6.7989607,1.8008094,-32.195446,22.816244
C:\Users\antoc\FreshOrRotten\data\raw\Grape_Fresh\Image137.jpg,grape,fresh,0,test,0.080829605,fresh,True,0.97599626,-4.6777387,3.0425003,-46.785805
C:\Users\antoc\FreshOrRotten\data\raw\Pomegranate_Fresh\IMG20200728125119.jpg,pomegranate,fresh,0,test,0.039318424,fresh,True,11.952837,-1.0662416,56.288097,-21.687546
C:\Users\antoc\FreshOrRotten\data\raw\Tomato_Fresh\Image231.jpg,tomato,fresh,0,test,0.008392004,fresh,True,5.9624476,-1.4341573,35.800014,-49.42097
C:\Users\antoc\FreshOrRotten\data\raw\Lime_Fresh\IMG_20190902_111324.jpg,lime,fresh,0,test,0.04622123,fresh,True,3.220292,-1.4913054,32.878628,-5.973343
C:\Users\antoc\FreshOrRotten\data\raw\Pomegranate_Fresh\20190820_152830_25245.jpg,pomegranate,fresh,0,test,0.0031207902,fresh,True,6.5340724,4.8149214,33.144024,38.502808
C:\Users\antoc\FreshOrRotten\data\raw\Banana_Rotten\IMG_8001.JPG,banana,rotten,1,test,0.99799466,rotten,True,-7.7103157,3.0290565,-35.443848,32.592606
C:\Users\antoc\FreshOrRotten\data\raw\Orange_Fresh\freshOrange (16)1.jpg,orange,fresh,0,test,0.07849246,fresh,True,2.5070207,-3.292882,26.539497,-34.18873
C:\Users\antoc\FreshOrRotten\data\raw\Apple_Fresh\translation_Screen Shot 2018-06-08 at 5.13.31 PM.jpg,apple,fresh,0,test,0.038643442,fresh,True,3.9023924,8.181292,15.363123,55.712925
C:\Users\antoc\FreshOrRotten\data\raw\Tomato_Rotten\Image799.jpg,tomato,rotten,1,test,0.999323,rotten,True,-9.063629,4.1238627,-41.046173,30.577076
C:\Users\antoc\FreshOrRotten\data\raw\Pear_Fresh\Image857.jpg,pear,fresh,0,test,0.07576384,fresh,True,2.4208207,0.15763131,5.582106,9.594826
C:\Users\antoc\FreshOrRotten\data\raw\Kaki_Rotten\Image3617.jpg,kaki,rotten,1,test,0.9122072,rotten,True,-3.2604742,-0.5398056,-36.399467,-28.931087
C:\Users\antoc\FreshOrRotten\data\raw\Apple_Rotten\rotated_by_30_Screen Shot 2018-06-08 at 2.30.57 PM.jpg,apple,rotten,1,test,0.5300529,rotten,True,-0.49294013,-3.588519,1.3246096,-20.977022
C:\Users\antoc\FreshOrRotten\data\raw\Grapes_Fresh\FreshGrape (169)!.jpg,grapes,fresh,0,test,0.5284572,rotten,False,-0.57422626,-3.5429888,-6.041891,-19.292324
C:\Users\antoc\FreshOrRotten\data\raw\Banana_Fresh\Screen Shot 2018-06-12 at 9.50.53 PM.jpg,banana,fresh,0,test,0.017448092,fresh,True,4.4727,1.000171,28.074385,12.413696
C:\Users\antoc\FreshOrRotten\data\raw\Pomegranate_Fresh\20190820_143705_22982.jpg,pomegranate,fresh,0,test,0.043054055,fresh,True,3.8872147,-2.5968552,44.09386,-1.5000688
C:\Users\antoc\FreshOrRotten\data\raw\Mango_Rotten\rottenMango (203).jpg,mango,rotten,1,test,0.76429814,rotten,True,-1.2443371,-0.9919651,-24.419025,-46.37572
C:\Users\antoc\FreshOrRotten\data\raw\Carrot_Fresh\freshCarrot (342).jpg,carrot,fresh,0,test,0.15281636,fresh,True,1.0832027,-4.344393,5.483499,-41.90538
