epoch,accuracy,loss,precision,recall,val_accuracy,val_loss,val_precision,val_recall
1,0.7218026518821716,0.5421915054321289,0.7271167039871216,0.6644448637962341,0.7583217024803162,0.4853726029396057,0.8552817702293396,0.5920407772064209
2,0.7822222113609314,0.457141250371933,0.7817552089691162,0.7520747780799866,0.8002797365188599,0.4374542534351349,0.8572808504104614,0.6959419846534729
3,0.8108469247817993,0.4141367971897125,0.803450345993042,0.7973600029945374,0.8234032392501831,0.376240074634552,0.7961218953132629,0.8451284170150757
4,0.8336285948753357,0.37871989607810974,0.8224656581878662,0.82918381690979,0.8435431122779846,0.35563915967941284,0.824701189994812,0.852185845375061
5,0.8511577248573303,0.3496211767196655,0.8426988124847412,0.8447363376617432,0.8583682775497437,0.3302193582057953,0.9053870439529419,0.7841599583625793
