loss,accuracy,precision,recall,f1_score
0.7924504280090332,0.670630387371482,0.6405301709103592,0.88526802930968,0.7432711377342454
